title,description,requirement,responsibilities,benefit,company,category,employment_type,experience_level,work_approach,ward,province,min_salary,max_salary,applied,view
Principal Data Engineer,"VietConnect Telecom đang tìm kiếm một Principal Data Engineer để gia nhập đội ngũ kỹ thuật tại Hà Nội. Bạn sẽ làm việc với MongoDB và các công nghệ liên quan để xây dựng, vận hành và tối ưu các hệ thống dữ liệu phục vụ hàng triệu người dùng tại Việt Nam.","- 10+ năm kinh nghiệm database/data engineering ở các hệ thống production quy mô lớn.
- Tầm nhìn kiến trúc và khả năng đưa ra quyết định công nghệ dài hạn.
- Kinh nghiệm làm việc với cloud data platforms (AWS/Azure/GCP).
- Đã từng thiết kế hệ thống phục vụ hàng trăm triệu records.","- Thiết kế, phát triển và vận hành các giải pháp dữ liệu sử dụng MongoDB.
- Tối ưu hiệu năng truy vấn, indexing và partitioning cho hệ thống production.
- Phối hợp với team backend/frontend để đảm bảo data layer ổn định.
- Xây dựng tooling, automation và quy trình backup/recovery.
- Tham gia on-call rotation, xử lý sự cố liên quan đến database.
- Viết tài liệu kỹ thuật, mentor thành viên mới trong team.
- Nghiên cứu và đánh giá công nghệ mới phục vụ nhu cầu kinh doanh.
- Đảm bảo tuân thủ security, data governance và privacy regulations.","Health insurance for family, Annual health check, Team building budget",VietConnect Telecom,Information Technology,Hybrid,Principal,Onsite,Ba Đình,Thành phố Hà Nội,4500,6600,44,1197
Backend Developer,Develop backend services using Spring Boot.,1+ year Java experience.,Build APIs and optimize database queries.,"13th month salary, Health insurance",NextGen Software,Information Technology,Full-time,Junior,Onsite,Ba Đình,Thành phố Hà Nội,4000,6000,0,0
Director of Data Engineering,"Join FinCore Tech as a Director of Data Engineering working on SQL Server-based platforms. You will collaborate with backend, data and DevOps teams to deliver high-performance data infrastructure serving customers across Vietnam and SEA.","- 15+ năm kinh nghiệm, trong đó 7+ năm ở vị trí director/head.
- Định hướng chiến lược dữ liệu cho toàn bộ tổ chức.
- Kinh nghiệm làm việc với C-level, xây dựng data-driven culture.
- Hiểu biết sâu về data mesh, data fabric và modern data stack.","- Thiết kế, phát triển và vận hành các giải pháp dữ liệu sử dụng SQL Server.
- Tối ưu hiệu năng truy vấn, indexing và partitioning cho hệ thống production.
- Phối hợp với team backend/frontend để đảm bảo data layer ổn định.
- Xây dựng tooling, automation và quy trình backup/recovery.
- Tham gia on-call rotation, xử lý sự cố liên quan đến database.
- Viết tài liệu kỹ thuật, mentor thành viên mới trong team.
- Nghiên cứu và đánh giá công nghệ mới phục vụ nhu cầu kinh doanh.
- Đảm bảo tuân thủ security, data governance và privacy regulations.","Health insurance for family, Annual health check, Team building budget",FinCore Tech,Information Technology,Full-time,Director,Onsite,Phú Thượng,Thành phố Hà Nội,6400,10000,40,187
Senior MySQL DBA,"EduSmart đang tìm kiếm một Senior MySQL DBA để gia nhập đội ngũ kỹ thuật tại Hà Nội. Bạn sẽ làm việc với MongoDB và các công nghệ liên quan để xây dựng, vận hành và tối ưu các hệ thống dữ liệu phục vụ hàng triệu người dùng tại Việt Nam.","- 5+ năm kinh nghiệm database engineering với MongoDB.
- Chuyên sâu về sharding, replica sets, aggregation framework, schema design.
- Kinh nghiệm thiết kế hệ thống high-availability và disaster recovery.
- Khả năng review code, đào tạo và dẫn dắt kỹ thuật cho team.
- Tiếng Anh giao tiếp tốt là một lợi thế.","- Thiết kế, phát triển và vận hành các giải pháp dữ liệu sử dụng MongoDB.
- Tối ưu hiệu năng truy vấn, indexing và partitioning cho hệ thống production.
- Phối hợp với team backend/frontend để đảm bảo data layer ổn định.
- Xây dựng tooling, automation và quy trình backup/recovery.
- Tham gia on-call rotation, xử lý sự cố liên quan đến database.
- Viết tài liệu kỹ thuật, mentor thành viên mới trong team.
- Nghiên cứu và đánh giá công nghệ mới phục vụ nhu cầu kinh doanh.
- Đảm bảo tuân thủ security, data governance và privacy regulations.","Performance bonus up to 3 months, Stock options, Premium healthcare",EduSmart,Information Technology,Full-time,Senior,Onsite,Tây Hồ,Thành phố Hà Nội,2700,4100,68,307
Junior Database Administrator,"CodeBridge Solutions is looking for a Junior Database Administrator based in Hà Nội to strengthen our data platform. You will work on MongoDB, focusing on sharding, replica sets, aggregation framework, schema design for production-grade systems.","- 1-2 năm kinh nghiệm với SQL và ít nhất một RDBMS (MySQL/PostgreSQL/Oracle).
- Hiểu biết về indexing, query optimization và transaction isolation.
- Quen thuộc với Git và quy trình phát triển phần mềm.
- Khả năng đọc hiểu tài liệu tiếng Anh.","- Thiết kế, phát triển và vận hành các giải pháp dữ liệu sử dụng MongoDB.
- Tối ưu hiệu năng truy vấn, indexing và partitioning cho hệ thống production.
- Phối hợp với team backend/frontend để đảm bảo data layer ổn định.
- Xây dựng tooling, automation và quy trình backup/recovery.
- Tham gia on-call rotation, xử lý sự cố liên quan đến database.
- Viết tài liệu kỹ thuật, mentor thành viên mới trong team.
- Nghiên cứu và đánh giá công nghệ mới phục vụ nhu cầu kinh doanh.
- Đảm bảo tuân thủ security, data governance và privacy regulations.","Competitive salary, Project bonus, Long-service award",CodeBridge Solutions,Information Technology,Full-time,Junior,Onsite,Bồ Đề,Thành phố Hà Nội,1000,1300,34,1064
Database Developer (Fresher),"We are hiring a Database Developer (Fresher) to join our database engineering team in Hà Nội. You will design, build, and operate scalable data platforms using Oracle. Our systems process billions of records and power core business operations.","- Tốt nghiệp Đại học chuyên ngành CNTT hoặc tương đương.
- Hiểu biết cơ bản về SQL và một hệ quản trị cơ sở dữ liệu quan hệ.
- Tiếng Anh đọc hiểu tài liệu kỹ thuật.
- Tinh thần ham học hỏi, có khả năng làm việc nhóm.","- Thiết kế, phát triển và vận hành các giải pháp dữ liệu sử dụng Oracle.
- Tối ưu hiệu năng truy vấn, indexing và partitioning cho hệ thống production.
- Phối hợp với team backend/frontend để đảm bảo data layer ổn định.
- Xây dựng tooling, automation và quy trình backup/recovery.
- Tham gia on-call rotation, xử lý sự cố liên quan đến database.
- Viết tài liệu kỹ thuật, mentor thành viên mới trong team.
- Nghiên cứu và đánh giá công nghệ mới phục vụ nhu cầu kinh doanh.
- Đảm bảo tuân thủ security, data governance và privacy regulations.","Health insurance for family, Annual health check, Team building budget",FinCore Tech,Information Technology,Remote,Fresher,Onsite,Bồ Đề,Thành phố Hà Nội,700,1000,47,1111
Head of Database,"EduSmart is looking for a Head of Database based in Hà Nội to strengthen our data platform. You will work on Oracle, focusing on PL/SQL, RAC, Data Guard, performance tuning, RMAN for production-grade systems.","- 15+ năm kinh nghiệm, trong đó 7+ năm ở vị trí director/head.
- Định hướng chiến lược dữ liệu cho toàn bộ tổ chức.
- Kinh nghiệm làm việc với C-level, xây dựng data-driven culture.
- Hiểu biết sâu về data mesh, data fabric và modern data stack.","- Thiết kế, phát triển và vận hành các giải pháp dữ liệu sử dụng Oracle.
- Tối ưu hiệu năng truy vấn, indexing và partitioning cho hệ thống production.
- Phối hợp với team backend/frontend để đảm bảo data layer ổn định.
- Xây dựng tooling, automation và quy trình backup/recovery.
- Tham gia on-call rotation, xử lý sự cố liên quan đến database.
- Viết tài liệu kỹ thuật, mentor thành viên mới trong team.
- Nghiên cứu và đánh giá công nghệ mới phục vụ nhu cầu kinh doanh.
- Đảm bảo tuân thủ security, data governance và privacy regulations.","Premium health insurance, English class, Book allowance",EduSmart,Information Technology,Full-time,Director,Onsite,Việt Hưng,Thành phố Hà Nội,6300,9700,43,1315
Lead DBA - Hybrid,"We are hiring a Lead DBA - Hybrid to join our database engineering team in Hà Nội. You will design, build, and operate scalable data platforms using Data Warehouse. Our systems process billions of records and power core business operations.","- 7+ năm kinh nghiệm, trong đó có ít nhất 2 năm ở vị trí lead.
- Chuyên sâu Data Warehouse và hệ sinh thái xung quanh.
- Kinh nghiệm thiết kế kiến trúc dữ liệu cho hệ thống scale lớn.
- Khả năng lãnh đạo team 4-6 người, làm việc với stakeholders.","- Thiết kế, phát triển và vận hành các giải pháp dữ liệu sử dụng Data Warehouse.
- Tối ưu hiệu năng truy vấn, indexing và partitioning cho hệ thống production.
- Phối hợp với team backend/frontend để đảm bảo data layer ổn định.
- Xây dựng tooling, automation và quy trình backup/recovery.
- Tham gia on-call rotation, xử lý sự cố liên quan đến database.
- Viết tài liệu kỹ thuật, mentor thành viên mới trong team.
- Nghiên cứu và đánh giá công nghệ mới phục vụ nhu cầu kinh doanh.
- Đảm bảo tuân thủ security, data governance và privacy regulations.","Laptop & gear provided, Training budget 5M/year, Conference sponsorship",ChainWorks,Information Technology,Full-time,Lead,Remote,Phúc Lợi,Thành phố Hà Nội,3700,5400,58,1208
"Backend Developer (Database, Middle)","EduSmart is looking for a Backend Developer (Database, Middle) based in Hà Nội to strengthen our data platform. You will work on Oracle, focusing on PL/SQL, RAC, Data Guard, performance tuning, RMAN for production-grade systems.","- 3-4 năm kinh nghiệm làm việc thực tế với cơ sở dữ liệu quan hệ hoặc NoSQL.
- Thành thạo PL/SQL, RAC, Data Guard, performance tuning, RMAN.
- Có kinh nghiệm thiết kế schema, partitioning, replication.
- Kinh nghiệm monitoring và troubleshooting production databases.
- Khả năng làm việc độc lập và mentor junior members.","- Thiết kế, phát triển và vận hành các giải pháp dữ liệu sử dụng Oracle.
- Tối ưu hiệu năng truy vấn, indexing và partitioning cho hệ thống production.
- Phối hợp với team backend/frontend để đảm bảo data layer ổn định.
- Xây dựng tooling, automation và quy trình backup/recovery.
- Tham gia on-call rotation, xử lý sự cố liên quan đến database.
- Viết tài liệu kỹ thuật, mentor thành viên mới trong team.
- Nghiên cứu và đánh giá công nghệ mới phục vụ nhu cầu kinh doanh.
- Đảm bảo tuân thủ security, data governance và privacy regulations.","Remote-friendly, Flexible hours, Meal allowance 1.5M VND",EduSmart,Information Technology,Internship,Middle,Remote,Cầu Giấy,Thành phố Hà Nội,1600,2300,80,1061
Frontend Developer,Build UI with React.,Good React knowledge.,Develop reusable components.,"Remote support, Performance bonus",NextGen Software,Information Technology,Full-time,Junior,Remote,Cầu Giấy,Thành phố Hà Nội,1000,2000,0,0
Database Team Lead,"We are hiring a Database Team Lead to join our database engineering team in Hà Nội. You will design, build, and operate scalable data platforms using PostgreSQL. Our systems process billions of records and power core business operations.","- 7+ năm kinh nghiệm, trong đó có ít nhất 2 năm ở vị trí lead.
- Chuyên sâu PostgreSQL và hệ sinh thái xung quanh.
- Kinh nghiệm thiết kế kiến trúc dữ liệu cho hệ thống scale lớn.
- Khả năng lãnh đạo team 4-6 người, làm việc với stakeholders.","- Thiết kế, phát triển và vận hành các giải pháp dữ liệu sử dụng PostgreSQL.
- Tối ưu hiệu năng truy vấn, indexing và partitioning cho hệ thống production.
- Phối hợp với team backend/frontend để đảm bảo data layer ổn định.
- Xây dựng tooling, automation và quy trình backup/recovery.
- Tham gia on-call rotation, xử lý sự cố liên quan đến database.
- Viết tài liệu kỹ thuật, mentor thành viên mới trong team.
- Nghiên cứu và đánh giá công nghệ mới phục vụ nhu cầu kinh doanh.
- Đảm bảo tuân thủ security, data governance và privacy regulations.","Performance review 2x/year, Clear career path, International projects",ShopSphere,Information Technology,Contract,Lead,Onsite,Kim Liên,Thành phố Hà Nội,3600,5400,79,914
Director of Database Engineering,"Join NextGen Software as a Director of Database Engineering working on Oracle-based platforms. You will collaborate with backend, data and DevOps teams to deliver high-performance data infrastructure serving customers across Vietnam and SEA.","- 15+ năm kinh nghiệm, trong đó 7+ năm ở vị trí director/head.
- Định hướng chiến lược dữ liệu cho toàn bộ tổ chức.
- Kinh nghiệm làm việc với C-level, xây dựng data-driven culture.
- Hiểu biết sâu về data mesh, data fabric và modern data stack.","- Thiết kế, phát triển và vận hành các giải pháp dữ liệu sử dụng Oracle.
- Tối ưu hiệu năng truy vấn, indexing và partitioning cho hệ thống production.
- Phối hợp với team backend/frontend để đảm bảo data layer ổn định.
- Xây dựng tooling, automation và quy trình backup/recovery.
- Tham gia on-call rotation, xử lý sự cố liên quan đến database.
- Viết tài liệu kỹ thuật, mentor thành viên mới trong team.
- Nghiên cứu và đánh giá công nghệ mới phục vụ nhu cầu kinh doanh.
- Đảm bảo tuân thủ security, data governance và privacy regulations.","Flexible working hours, WFH 3 days/week, Annual trip",NextGen Software,Information Technology,Hybrid,Director,Onsite,Kim Liên,Thành phố Hà Nội,6700,9700,48,975
Senior Database Engineer (Vietnam),"We are hiring a Senior Database Engineer (Vietnam) to join our database engineering team in Hà Nội. You will design, build, and operate scalable data platforms using MongoDB. Our systems process billions of records and power core business operations.","- 5+ năm kinh nghiệm database engineering với MongoDB.
- Chuyên sâu về sharding, replica sets, aggregation framework, schema design.
- Kinh nghiệm thiết kế hệ thống high-availability và disaster recovery.
- Khả năng review code, đào tạo và dẫn dắt kỹ thuật cho team.
- Tiếng Anh giao tiếp tốt là một lợi thế.","- Thiết kế, phát triển và vận hành các giải pháp dữ liệu sử dụng MongoDB.
- Tối ưu hiệu năng truy vấn, indexing và partitioning cho hệ thống production.
- Phối hợp với team backend/frontend để đảm bảo data layer ổn định.
- Xây dựng tooling, automation và quy trình backup/recovery.
- Tham gia on-call rotation, xử lý sự cố liên quan đến database.
- Viết tài liệu kỹ thuật, mentor thành viên mới trong team.
- Nghiên cứu và đánh giá công nghệ mới phục vụ nhu cầu kinh doanh.
- Đảm bảo tuân thủ security, data governance và privacy regulations.","Performance review 2x/year, Clear career path, International projects",ShopSphere,Information Technology,Full-time,Senior,Onsite,Đống Đa,Thành phố Hà Nội,2700,4100,35,700
Junior PostgreSQL Engineer,"NextGen Software mở rộng team database và cần một Junior PostgreSQL Engineer giàu kinh nghiệm về Big Data. Bạn sẽ đóng vai trò chủ chốt trong việc thiết kế schema, tối ưu truy vấn và đảm bảo độ tin cậy của các hệ thống dữ liệu quan trọng.","- 1-2 năm kinh nghiệm với SQL và ít nhất một RDBMS (MySQL/PostgreSQL/Oracle).
- Hiểu biết về indexing, query optimization và transaction isolation.
- Quen thuộc với Git và quy trình phát triển phần mềm.
- Khả năng đọc hiểu tài liệu tiếng Anh.","- Thiết kế, phát triển và vận hành các giải pháp dữ liệu sử dụng Big Data.
- Tối ưu hiệu năng truy vấn, indexing và partitioning cho hệ thống production.
- Phối hợp với team backend/frontend để đảm bảo data layer ổn định.
- Xây dựng tooling, automation và quy trình backup/recovery.
- Tham gia on-call rotation, xử lý sự cố liên quan đến database.
- Viết tài liệu kỹ thuật, mentor thành viên mới trong team.
- Nghiên cứu và đánh giá công nghệ mới phục vụ nhu cầu kinh doanh.
- Đảm bảo tuân thủ security, data governance và privacy regulations.","Premium health insurance, English class, Book allowance",NextGen Software,Information Technology,Part-time,Junior,Remote,Vĩnh Tuy,Thành phố Hà Nội,800,1600,5,276
Junior PostgreSQL Engineer,"ChainWorks đang tìm kiếm một Junior PostgreSQL Engineer để gia nhập đội ngũ kỹ thuật tại Hà Nội. Bạn sẽ làm việc với PostgreSQL và các công nghệ liên quan để xây dựng, vận hành và tối ưu các hệ thống dữ liệu phục vụ hàng triệu người dùng tại Việt Nam.","- 1-2 năm kinh nghiệm với SQL và ít nhất một RDBMS (MySQL/PostgreSQL/Oracle).
- Hiểu biết về indexing, query optimization và transaction isolation.
- Quen thuộc với Git và quy trình phát triển phần mềm.
- Khả năng đọc hiểu tài liệu tiếng Anh.","- Thiết kế, phát triển và vận hành các giải pháp dữ liệu sử dụng PostgreSQL.
- Tối ưu hiệu năng truy vấn, indexing và partitioning cho hệ thống production.
- Phối hợp với team backend/frontend để đảm bảo data layer ổn định.
- Xây dựng tooling, automation và quy trình backup/recovery.
- Tham gia on-call rotation, xử lý sự cố liên quan đến database.
- Viết tài liệu kỹ thuật, mentor thành viên mới trong team.
- Nghiên cứu và đánh giá công nghệ mới phục vụ nhu cầu kinh doanh.
- Đảm bảo tuân thủ security, data governance và privacy regulations.","Health insurance for family, Annual health check, Team building budget",ChainWorks,Information Technology,Hybrid,Junior,Remote,Định Công,Thành phố Hà Nội,1200,1300,25,611
Lead ETL Engineer,"NextGen Software đang tìm kiếm một Lead ETL Engineer để gia nhập đội ngũ kỹ thuật tại Hà Nội. Bạn sẽ làm việc với Redis và các công nghệ liên quan để xây dựng, vận hành và tối ưu các hệ thống dữ liệu phục vụ hàng triệu người dùng tại Việt Nam.","- 7+ năm kinh nghiệm, trong đó có ít nhất 2 năm ở vị trí lead.
- Chuyên sâu Redis và hệ sinh thái xung quanh.
- Kinh nghiệm thiết kế kiến trúc dữ liệu cho hệ thống scale lớn.
- Khả năng lãnh đạo team 4-6 người, làm việc với stakeholders.","- Thiết kế, phát triển và vận hành các giải pháp dữ liệu sử dụng Redis.
- Tối ưu hiệu năng truy vấn, indexing và partitioning cho hệ thống production.
- Phối hợp với team backend/frontend để đảm bảo data layer ổn định.
- Xây dựng tooling, automation và quy trình backup/recovery.
- Tham gia on-call rotation, xử lý sự cố liên quan đến database.
- Viết tài liệu kỹ thuật, mentor thành viên mới trong team.
- Nghiên cứu và đánh giá công nghệ mới phục vụ nhu cầu kinh doanh.
- Đảm bảo tuân thủ security, data governance và privacy regulations.","Hybrid working, 14 days annual leave, Free snacks & coffee",NextGen Software,Information Technology,Remote,Lead,Remote,Tương Mai,Thành phố Hà Nội,3500,5200,12,1410
Director of Data Engineering (Vietnam),"NextGen Software đang tìm kiếm một Director of Data Engineering (Vietnam) để gia nhập đội ngũ kỹ thuật tại Hà Nội. Bạn sẽ làm việc với MySQL và các công nghệ liên quan để xây dựng, vận hành và tối ưu các hệ thống dữ liệu phục vụ hàng triệu người dùng tại Việt Nam.","- 15+ năm kinh nghiệm, trong đó 7+ năm ở vị trí director/head.
- Định hướng chiến lược dữ liệu cho toàn bộ tổ chức.
- Kinh nghiệm làm việc với C-level, xây dựng data-driven culture.
- Hiểu biết sâu về data mesh, data fabric và modern data stack.","- Thiết kế, phát triển và vận hành các giải pháp dữ liệu sử dụng MySQL.
- Tối ưu hiệu năng truy vấn, indexing và partitioning cho hệ thống production.
- Phối hợp với team backend/frontend để đảm bảo data layer ổn định.
- Xây dựng tooling, automation và quy trình backup/recovery.
- Tham gia on-call rotation, xử lý sự cố liên quan đến database.
- Viết tài liệu kỹ thuật, mentor thành viên mới trong team.
- Nghiên cứu và đánh giá công nghệ mới phục vụ nhu cầu kinh doanh.
- Đảm bảo tuân thủ security, data governance và privacy regulations.","13th month salary, Health insurance, Annual leave 12+ days",NextGen Software,Information Technology,Full-time,Director,Remote,Tương Mai,Thành phố Hà Nội,6200,8900,80,734
Database Developer (Middle),"Join ShopSphere as a Database Developer (Middle) working on Oracle-based platforms. You will collaborate with backend, data and DevOps teams to deliver high-performance data infrastructure serving customers across Vietnam and SEA.","- 3-4 năm kinh nghiệm làm việc thực tế với cơ sở dữ liệu quan hệ hoặc NoSQL.
- Thành thạo PL/SQL, RAC, Data Guard, performance tuning, RMAN.
- Có kinh nghiệm thiết kế schema, partitioning, replication.
- Kinh nghiệm monitoring và troubleshooting production databases.
- Khả năng làm việc độc lập và mentor junior members.","- Thiết kế, phát triển và vận hành các giải pháp dữ liệu sử dụng Oracle.
- Tối ưu hiệu năng truy vấn, indexing và partitioning cho hệ thống production.
- Phối hợp với team backend/frontend để đảm bảo data layer ổn định.
- Xây dựng tooling, automation và quy trình backup/recovery.
- Tham gia on-call rotation, xử lý sự cố liên quan đến database.
- Viết tài liệu kỹ thuật, mentor thành viên mới trong team.
- Nghiên cứu và đánh giá công nghệ mới phục vụ nhu cầu kinh doanh.
- Đảm bảo tuân thủ security, data governance và privacy regulations.","Flexible working hours, WFH 3 days/week, Annual trip",ShopSphere,Information Technology,Remote,Middle,Remote,Tương Mai,Thành phố Hà Nội,1600,2500,2,784
Senior SQL Developer,"ShopSphere mở rộng team database và cần một Senior SQL Developer giàu kinh nghiệm về Oracle. Bạn sẽ đóng vai trò chủ chốt trong việc thiết kế schema, tối ưu truy vấn và đảm bảo độ tin cậy của các hệ thống dữ liệu quan trọng.","- 5+ năm kinh nghiệm database engineering với Oracle.
- Chuyên sâu về PL/SQL, RAC, Data Guard, performance tuning, RMAN.
- Kinh nghiệm thiết kế hệ thống high-availability và disaster recovery.
- Khả năng review code, đào tạo và dẫn dắt kỹ thuật cho team.
- Tiếng Anh giao tiếp tốt là một lợi thế.","- Thiết kế, phát triển và vận hành các giải pháp dữ liệu sử dụng Oracle.
- Tối ưu hiệu năng truy vấn, indexing và partitioning cho hệ thống production.
- Phối hợp với team backend/frontend để đảm bảo data layer ổn định.
- Xây dựng tooling, automation và quy trình backup/recovery.
- Tham gia on-call rotation, xử lý sự cố liên quan đến database.
- Viết tài liệu kỹ thuật, mentor thành viên mới trong team.
- Nghiên cứu và đánh giá công nghệ mới phục vụ nhu cầu kinh doanh.
- Đảm bảo tuân thủ security, data governance và privacy regulations.","Performance review 2x/year, Clear career path, International projects",ShopSphere,Information Technology,Part-time,Senior,Onsite,Phương Liệt,Thành phố Hà Nội,2900,4300,72,341
Junior NoSQL Developer,"NextGen Software is looking for a Junior NoSQL Developer based in Hà Nội to strengthen our data platform. You will work on PostgreSQL, focusing on advanced SQL, indexing, query optimization, replication, partitioning for production-grade systems.","- 1-2 năm kinh nghiệm với SQL và ít nhất một RDBMS (MySQL/PostgreSQL/Oracle).
- Hiểu biết về indexing, query optimization và transaction isolation.
- Quen thuộc với Git và quy trình phát triển phần mềm.
- Khả năng đọc hiểu tài liệu tiếng Anh.","- Thiết kế, phát triển và vận hành các giải pháp dữ liệu sử dụng PostgreSQL.
- Tối ưu hiệu năng truy vấn, indexing và partitioning cho hệ thống production.
- Phối hợp với team backend/frontend để đảm bảo data layer ổn định.
- Xây dựng tooling, automation và quy trình backup/recovery.
- Tham gia on-call rotation, xử lý sự cố liên quan đến database.
- Viết tài liệu kỹ thuật, mentor thành viên mới trong team.
- Nghiên cứu và đánh giá công nghệ mới phục vụ nhu cầu kinh doanh.
- Đảm bảo tuân thủ security, data governance và privacy regulations.","13th month salary, Health insurance, Annual leave 12+ days",NextGen Software,Information Technology,Full-time,Junior,Remote,Khương Đình,Thành phố Hà Nội,1200,1300,43,1498
Senior MySQL DBA,"MediTech Global mở rộng team database và cần một Senior MySQL DBA giàu kinh nghiệm về Big Data. Bạn sẽ đóng vai trò chủ chốt trong việc thiết kế schema, tối ưu truy vấn và đảm bảo độ tin cậy của các hệ thống dữ liệu quan trọng.","- 5+ năm kinh nghiệm database engineering với Big Data.
- Chuyên sâu về Spark, Hadoop, Kafka, Airflow, data lake architectures.
- Kinh nghiệm thiết kế hệ thống high-availability và disaster recovery.
- Khả năng review code, đào tạo và dẫn dắt kỹ thuật cho team.
- Tiếng Anh giao tiếp tốt là một lợi thế.","- Thiết kế, phát triển và vận hành các giải pháp dữ liệu sử dụng Big Data.
- Tối ưu hiệu năng truy vấn, indexing và partitioning cho hệ thống production.
- Phối hợp với team backend/frontend để đảm bảo data layer ổn định.
- Xây dựng tooling, automation và quy trình backup/recovery.
- Tham gia on-call rotation, xử lý sự cố liên quan đến database.
- Viết tài liệu kỹ thuật, mentor thành viên mới trong team.
- Nghiên cứu và đánh giá công nghệ mới phục vụ nhu cầu kinh doanh.
- Đảm bảo tuân thủ security, data governance và privacy regulations.","Competitive salary, Project bonus, Long-service award",MediTech Global,Information Technology,Hybrid,Senior,Onsite,Thanh Xuân,Thành phố Hà Nội,2600,4200,21,471
Middle Data Engineer,"We are hiring a Middle Data Engineer to join our database engineering team in Hà Nội. You will design, build, and operate scalable data platforms using Database DevOps. Our systems process billions of records and power core business operations.","- 3-4 năm kinh nghiệm làm việc thực tế với cơ sở dữ liệu quan hệ hoặc NoSQL.
- Thành thạo Flyway/Liquibase, CI/CD, containerized DBs, monitoring.
- Có kinh nghiệm thiết kế schema, partitioning, replication.
- Kinh nghiệm monitoring và troubleshooting production databases.
- Khả năng làm việc độc lập và mentor junior members.","- Thiết kế, phát triển và vận hành các giải pháp dữ liệu sử dụng Database DevOps.
- Tối ưu hiệu năng truy vấn, indexing và partitioning cho hệ thống production.
- Phối hợp với team backend/frontend để đảm bảo data layer ổn định.
- Xây dựng tooling, automation và quy trình backup/recovery.
- Tham gia on-call rotation, xử lý sự cố liên quan đến database.
- Viết tài liệu kỹ thuật, mentor thành viên mới trong team.
- Nghiên cứu và đánh giá công nghệ mới phục vụ nhu cầu kinh doanh.
- Đảm bảo tuân thủ security, data governance và privacy regulations.","Flexible working hours, WFH 3 days/week, Annual trip",EduSmart,Information Technology,Full-time,Middle,Remote,Phú Diễn,Thành phố Hà Nội,1700,3000,62,1229
Middle ETL Developer,"FinCore Tech đang tìm kiếm một Middle ETL Developer để gia nhập đội ngũ kỹ thuật tại Hà Nội. Bạn sẽ làm việc với Database DevOps và các công nghệ liên quan để xây dựng, vận hành và tối ưu các hệ thống dữ liệu phục vụ hàng triệu người dùng tại Việt Nam.","- 3-4 năm kinh nghiệm làm việc thực tế với cơ sở dữ liệu quan hệ hoặc NoSQL.
- Thành thạo Flyway/Liquibase, CI/CD, containerized DBs, monitoring.
- Có kinh nghiệm thiết kế schema, partitioning, replication.
- Kinh nghiệm monitoring và troubleshooting production databases.
- Khả năng làm việc độc lập và mentor junior members.","- Thiết kế, phát triển và vận hành các giải pháp dữ liệu sử dụng Database DevOps.
- Tối ưu hiệu năng truy vấn, indexing và partitioning cho hệ thống production.
- Phối hợp với team backend/frontend để đảm bảo data layer ổn định.
- Xây dựng tooling, automation và quy trình backup/recovery.
- Tham gia on-call rotation, xử lý sự cố liên quan đến database.
- Viết tài liệu kỹ thuật, mentor thành viên mới trong team.
- Nghiên cứu và đánh giá công nghệ mới phục vụ nhu cầu kinh doanh.
- Đảm bảo tuân thủ security, data governance và privacy regulations.","Remote-friendly, Flexible hours, Meal allowance 1.5M VND",FinCore Tech,Information Technology,Internship,Middle,Remote,Tây Mỗ,Thành phố Hà Nội,1500,2600,52,892
Senior Database Engineer (Vietnam),"FinCore Tech mở rộng team database và cần một Senior Database Engineer (Vietnam) giàu kinh nghiệm về MySQL. Bạn sẽ đóng vai trò chủ chốt trong việc thiết kế schema, tối ưu truy vấn và đảm bảo độ tin cậy của các hệ thống dữ liệu quan trọng.","- 5+ năm kinh nghiệm database engineering với MySQL.
- Chuyên sâu về schema design, performance tuning, backup/recovery, replication.
- Kinh nghiệm thiết kế hệ thống high-availability và disaster recovery.
- Khả năng review code, đào tạo và dẫn dắt kỹ thuật cho team.
- Tiếng Anh giao tiếp tốt là một lợi thế.","- Thiết kế, phát triển và vận hành các giải pháp dữ liệu sử dụng MySQL.
- Tối ưu hiệu năng truy vấn, indexing và partitioning cho hệ thống production.
- Phối hợp với team backend/frontend để đảm bảo data layer ổn định.
- Xây dựng tooling, automation và quy trình backup/recovery.
- Tham gia on-call rotation, xử lý sự cố liên quan đến database.
- Viết tài liệu kỹ thuật, mentor thành viên mới trong team.
- Nghiên cứu và đánh giá công nghệ mới phục vụ nhu cầu kinh doanh.
- Đảm bảo tuân thủ security, data governance và privacy regulations.","Performance review 2x/year, Clear career path, International projects",FinCore Tech,Information Technology,Full-time,Senior,Onsite,Tây Mỗ,Thành phố Hà Nội,2800,3800,54,395
Lead Database Engineer,"Join CodeBridge Solutions as a Lead Database Engineer working on Redis-based platforms. You will collaborate with backend, data and DevOps teams to deliver high-performance data infrastructure serving customers across Vietnam and SEA.","- 7+ năm kinh nghiệm, trong đó có ít nhất 2 năm ở vị trí lead.
- Chuyên sâu Redis và hệ sinh thái xung quanh.
- Kinh nghiệm thiết kế kiến trúc dữ liệu cho hệ thống scale lớn.
- Khả năng lãnh đạo team 4-6 người, làm việc với stakeholders.","- Thiết kế, phát triển và vận hành các giải pháp dữ liệu sử dụng Redis.
- Tối ưu hiệu năng truy vấn, indexing và partitioning cho hệ thống production.
- Phối hợp với team backend/frontend để đảm bảo data layer ổn định.
- Xây dựng tooling, automation và quy trình backup/recovery.
- Tham gia on-call rotation, xử lý sự cố liên quan đến database.
- Viết tài liệu kỹ thuật, mentor thành viên mới trong team.
- Nghiên cứu và đánh giá công nghệ mới phục vụ nhu cầu kinh doanh.
- Đảm bảo tuân thủ security, data governance và privacy regulations.","Performance bonus up to 3 months, Stock options, Premium healthcare",CodeBridge Solutions,Information Technology,Hybrid,Lead,Onsite,Kiến Hưng,Thành phố Hà Nội,3600,5400,74,1265
DevOps Engineer,Manage CI/CD pipeline.,Docker experience.,Maintain deployment system.,Stock option,NextGen Software,Marketing,Full-time,Senior,Onsite,Hà Đông,Thành phố Hà Nội,4000,6000,0,0
"Backend Developer (Database, Middle)","MediTech Global is looking for a Backend Developer (Database, Middle) based in Hà Nội to strengthen our data platform. You will work on PostgreSQL, focusing on advanced SQL, indexing, query optimization, replication, partitioning for production-grade systems.","- 3-4 năm kinh nghiệm làm việc thực tế với cơ sở dữ liệu quan hệ hoặc NoSQL.
- Thành thạo advanced SQL, indexing, query optimization, replication, partitioning.
- Có kinh nghiệm thiết kế schema, partitioning, replication.
- Kinh nghiệm monitoring và troubleshooting production databases.
- Khả năng làm việc độc lập và mentor junior members.","- Thiết kế, phát triển và vận hành các giải pháp dữ liệu sử dụng PostgreSQL.
- Tối ưu hiệu năng truy vấn, indexing và partitioning cho hệ thống production.
- Phối hợp với team backend/frontend để đảm bảo data layer ổn định.
- Xây dựng tooling, automation và quy trình backup/recovery.
- Tham gia on-call rotation, xử lý sự cố liên quan đến database.
- Viết tài liệu kỹ thuật, mentor thành viên mới trong team.
- Nghiên cứu và đánh giá công nghệ mới phục vụ nhu cầu kinh doanh.
- Đảm bảo tuân thủ security, data governance và privacy regulations.","Remote-friendly, Flexible hours, Meal allowance 1.5M VND",MediTech Global,Information Technology,Full-time,Middle,Onsite,Yên Nghĩa,Thành phố Hà Nội,1700,3000,19,380
Senior Database Engineer,"CodeBridge Solutions đang tìm kiếm một Senior Database Engineer để gia nhập đội ngũ kỹ thuật tại Hà Nội. Bạn sẽ làm việc với SQL Server và các công nghệ liên quan để xây dựng, vận hành và tối ưu các hệ thống dữ liệu phục vụ hàng triệu người dùng tại Việt Nam.","- 5+ năm kinh nghiệm database engineering với SQL Server.
- Chuyên sâu về T-SQL, stored procedures, Always On, SSIS/SSRS.
- Kinh nghiệm thiết kế hệ thống high-availability và disaster recovery.
- Khả năng review code, đào tạo và dẫn dắt kỹ thuật cho team.
- Tiếng Anh giao tiếp tốt là một lợi thế.","- Thiết kế, phát triển và vận hành các giải pháp dữ liệu sử dụng SQL Server.
- Tối ưu hiệu năng truy vấn, indexing và partitioning cho hệ thống production.
- Phối hợp với team backend/frontend để đảm bảo data layer ổn định.
- Xây dựng tooling, automation và quy trình backup/recovery.
- Tham gia on-call rotation, xử lý sự cố liên quan đến database.
- Viết tài liệu kỹ thuật, mentor thành viên mới trong team.
- Nghiên cứu và đánh giá công nghệ mới phục vụ nhu cầu kinh doanh.
- Đảm bảo tuân thủ security, data governance và privacy regulations.","13th month salary, Health insurance, Annual leave 12+ days",CodeBridge Solutions,Information Technology,Full-time,Senior,Remote,Yên Nghĩa,Thành phố Hà Nội,2700,4100,73,1245
Thực tập sinh Database,"MediTech Global mở rộng team database và cần một Thực tập sinh Database giàu kinh nghiệm về Oracle. Bạn sẽ đóng vai trò chủ chốt trong việc thiết kế schema, tối ưu truy vấn và đảm bảo độ tin cậy của các hệ thống dữ liệu quan trọng.","- Tốt nghiệp Đại học chuyên ngành CNTT hoặc tương đương.
- Hiểu biết cơ bản về SQL và một hệ quản trị cơ sở dữ liệu quan hệ.
- Tiếng Anh đọc hiểu tài liệu kỹ thuật.
- Tinh thần ham học hỏi, có khả năng làm việc nhóm.","- Thiết kế, phát triển và vận hành các giải pháp dữ liệu sử dụng Oracle.
- Tối ưu hiệu năng truy vấn, indexing và partitioning cho hệ thống production.
- Phối hợp với team backend/frontend để đảm bảo data layer ổn định.
- Xây dựng tooling, automation và quy trình backup/recovery.
- Tham gia on-call rotation, xử lý sự cố liên quan đến database.
- Viết tài liệu kỹ thuật, mentor thành viên mới trong team.
- Nghiên cứu và đánh giá công nghệ mới phục vụ nhu cầu kinh doanh.
- Đảm bảo tuân thủ security, data governance và privacy regulations.","Health insurance for family, Annual health check, Team building budget",MediTech Global,Information Technology,Full-time,Fresher,Onsite,Tùng Thiện,Thành phố Hà Nội,600,700,56,774
Senior ETL Developer,"FinCore Tech mở rộng team database và cần một Senior ETL Developer giàu kinh nghiệm về Cloud Database. Bạn sẽ đóng vai trò chủ chốt trong việc thiết kế schema, tối ưu truy vấn và đảm bảo độ tin cậy của các hệ thống dữ liệu quan trọng.","- 5+ năm kinh nghiệm database engineering với Cloud Database.
- Chuyên sâu về AWS RDS/Aurora, Azure SQL, GCP Cloud SQL, IaC.
- Kinh nghiệm thiết kế hệ thống high-availability và disaster recovery.
- Khả năng review code, đào tạo và dẫn dắt kỹ thuật cho team.
- Tiếng Anh giao tiếp tốt là một lợi thế.","- Thiết kế, phát triển và vận hành các giải pháp dữ liệu sử dụng Cloud Database.
- Tối ưu hiệu năng truy vấn, indexing và partitioning cho hệ thống production.
- Phối hợp với team backend/frontend để đảm bảo data layer ổn định.
- Xây dựng tooling, automation và quy trình backup/recovery.
- Tham gia on-call rotation, xử lý sự cố liên quan đến database.
- Viết tài liệu kỹ thuật, mentor thành viên mới trong team.
- Nghiên cứu và đánh giá công nghệ mới phục vụ nhu cầu kinh doanh.
- Đảm bảo tuân thủ security, data governance và privacy regulations.","Remote-friendly, Flexible hours, Meal allowance 1.5M VND",FinCore Tech,Information Technology,Full-time,Senior,Onsite,Tùng Thiện,Thành phố Hà Nội,2900,3900,57,832
Fullstack Developer,Work on fullstack systems.,NodeJS and React.,Implement new features.,Flexible hours,NextGen Software,Information Technology,Full-time,Middle,Remote,Sóc Sơn,Thành phố Hà Nội,2000,3000,0,0
Principal Database Engineer (Vietnam),"FinCore Tech is looking for a Principal Database Engineer (Vietnam) based in Hà Nội to strengthen our data platform. You will work on PostgreSQL, focusing on advanced SQL, indexing, query optimization, replication, partitioning for production-grade systems.","- 10+ năm kinh nghiệm database/data engineering ở các hệ thống production quy mô lớn.
- Tầm nhìn kiến trúc và khả năng đưa ra quyết định công nghệ dài hạn.
- Kinh nghiệm làm việc với cloud data platforms (AWS/Azure/GCP).
- Đã từng thiết kế hệ thống phục vụ hàng trăm triệu records.","- Thiết kế, phát triển và vận hành các giải pháp dữ liệu sử dụng PostgreSQL.
- Tối ưu hiệu năng truy vấn, indexing và partitioning cho hệ thống production.
- Phối hợp với team backend/frontend để đảm bảo data layer ổn định.
- Xây dựng tooling, automation và quy trình backup/recovery.
- Tham gia on-call rotation, xử lý sự cố liên quan đến database.
- Viết tài liệu kỹ thuật, mentor thành viên mới trong team.
- Nghiên cứu và đánh giá công nghệ mới phục vụ nhu cầu kinh doanh.
- Đảm bảo tuân thủ security, data governance và privacy regulations.","Premium health insurance, English class, Book allowance",FinCore Tech,Information Technology,Remote,Principal,Onsite,Trung Giã,Thành phố Hà Nội,4700,7000,71,1212
Junior Data Engineer,"ShopSphere đang tìm kiếm một Junior Data Engineer để gia nhập đội ngũ kỹ thuật tại Hà Nội. Bạn sẽ làm việc với SQL Server và các công nghệ liên quan để xây dựng, vận hành và tối ưu các hệ thống dữ liệu phục vụ hàng triệu người dùng tại Việt Nam.","- 1-2 năm kinh nghiệm với SQL và ít nhất một RDBMS (MySQL/PostgreSQL/Oracle).
- Hiểu biết về indexing, query optimization và transaction isolation.
- Quen thuộc với Git và quy trình phát triển phần mềm.
- Khả năng đọc hiểu tài liệu tiếng Anh.","- Thiết kế, phát triển và vận hành các giải pháp dữ liệu sử dụng SQL Server.
- Tối ưu hiệu năng truy vấn, indexing và partitioning cho hệ thống production.
- Phối hợp với team backend/frontend để đảm bảo data layer ổn định.
- Xây dựng tooling, automation và quy trình backup/recovery.
- Tham gia on-call rotation, xử lý sự cố liên quan đến database.
- Viết tài liệu kỹ thuật, mentor thành viên mới trong team.
- Nghiên cứu và đánh giá công nghệ mới phục vụ nhu cầu kinh doanh.
- Đảm bảo tuân thủ security, data governance và privacy regulations.","Competitive salary, Project bonus, Long-service award",ShopSphere,Information Technology,Full-time,Junior,Onsite,Đa Phúc,Thành phố Hà Nội,800,1300,29,504
Middle SQL Developer,"VietConnect Telecom is looking for a Middle SQL Developer based in Hà Nội to strengthen our data platform. You will work on Data Warehouse, focusing on dimensional modeling, ETL/ELT, dbt, Snowflake/BigQuery for production-grade systems.","- 3-4 năm kinh nghiệm làm việc thực tế với cơ sở dữ liệu quan hệ hoặc NoSQL.
- Thành thạo dimensional modeling, ETL/ELT, dbt, Snowflake/BigQuery.
- Có kinh nghiệm thiết kế schema, partitioning, replication.
- Kinh nghiệm monitoring và troubleshooting production databases.
- Khả năng làm việc độc lập và mentor junior members.","- Thiết kế, phát triển và vận hành các giải pháp dữ liệu sử dụng Data Warehouse.
- Tối ưu hiệu năng truy vấn, indexing và partitioning cho hệ thống production.
- Phối hợp với team backend/frontend để đảm bảo data layer ổn định.
- Xây dựng tooling, automation và quy trình backup/recovery.
- Tham gia on-call rotation, xử lý sự cố liên quan đến database.
- Viết tài liệu kỹ thuật, mentor thành viên mới trong team.
- Nghiên cứu và đánh giá công nghệ mới phục vụ nhu cầu kinh doanh.
- Đảm bảo tuân thủ security, data governance và privacy regulations.","Remote-friendly, Flexible hours, Meal allowance 1.5M VND",VietConnect Telecom,Information Technology,Full-time,Middle,Remote,Đa Phúc,Thành phố Hà Nội,1700,2900,14,418
Middle Data Engineer,"VietConnect Telecom mở rộng team database và cần một Middle Data Engineer giàu kinh nghiệm về Big Data. Bạn sẽ đóng vai trò chủ chốt trong việc thiết kế schema, tối ưu truy vấn và đảm bảo độ tin cậy của các hệ thống dữ liệu quan trọng.","- 3-4 năm kinh nghiệm làm việc thực tế với cơ sở dữ liệu quan hệ hoặc NoSQL.
- Thành thạo Spark, Hadoop, Kafka, Airflow, data lake architectures.
- Có kinh nghiệm thiết kế schema, partitioning, replication.
- Kinh nghiệm monitoring và troubleshooting production databases.
- Khả năng làm việc độc lập và mentor junior members.","- Thiết kế, phát triển và vận hành các giải pháp dữ liệu sử dụng Big Data.
- Tối ưu hiệu năng truy vấn, indexing và partitioning cho hệ thống production.
- Phối hợp với team backend/frontend để đảm bảo data layer ổn định.
- Xây dựng tooling, automation và quy trình backup/recovery.
- Tham gia on-call rotation, xử lý sự cố liên quan đến database.
- Viết tài liệu kỹ thuật, mentor thành viên mới trong team.
- Nghiên cứu và đánh giá công nghệ mới phục vụ nhu cầu kinh doanh.
- Đảm bảo tuân thủ security, data governance và privacy regulations.","Remote-friendly, Flexible hours, Meal allowance 1.5M VND",VietConnect Telecom,Information Technology,Full-time,Middle,Remote,Phúc Thịnh,Thành phố Hà Nội,1600,2800,23,410
Database Manager (Vietnam),"Join NextGen Software as a Database Manager (Vietnam) working on MySQL-based platforms. You will collaborate with backend, data and DevOps teams to deliver high-performance data infrastructure serving customers across Vietnam and SEA.","- 12+ năm kinh nghiệm CNTT, trong đó 5+ năm quản lý team data/database.
- Kinh nghiệm xây dựng và vận hành data platform ở quy mô enterprise.
- Kỹ năng quản lý stakeholder, ngân sách và lộ trình kỹ thuật.
- Tư duy chiến lược về data governance, security và compliance.","- Thiết kế, phát triển và vận hành các giải pháp dữ liệu sử dụng MySQL.
- Tối ưu hiệu năng truy vấn, indexing và partitioning cho hệ thống production.
- Phối hợp với team backend/frontend để đảm bảo data layer ổn định.
- Xây dựng tooling, automation và quy trình backup/recovery.
- Tham gia on-call rotation, xử lý sự cố liên quan đến database.
- Viết tài liệu kỹ thuật, mentor thành viên mới trong team.
- Nghiên cứu và đánh giá công nghệ mới phục vụ nhu cầu kinh doanh.
- Đảm bảo tuân thủ security, data governance và privacy regulations.","Remote-friendly, Flexible hours, Meal allowance 1.5M VND",NextGen Software,Information Technology,Remote,Manager,Remote,Phúc Thịnh,Thành phố Hà Nội,4300,6000,23,1326
Junior SQL Developer,"FinCore Tech mở rộng team database và cần một Junior SQL Developer giàu kinh nghiệm về Redis. Bạn sẽ đóng vai trò chủ chốt trong việc thiết kế schema, tối ưu truy vấn và đảm bảo độ tin cậy của các hệ thống dữ liệu quan trọng.","- 1-2 năm kinh nghiệm với SQL và ít nhất một RDBMS (MySQL/PostgreSQL/Oracle).
- Hiểu biết về indexing, query optimization và transaction isolation.
- Quen thuộc với Git và quy trình phát triển phần mềm.
- Khả năng đọc hiểu tài liệu tiếng Anh.","- Thiết kế, phát triển và vận hành các giải pháp dữ liệu sử dụng Redis.
- Tối ưu hiệu năng truy vấn, indexing và partitioning cho hệ thống production.
- Phối hợp với team backend/frontend để đảm bảo data layer ổn định.
- Xây dựng tooling, automation và quy trình backup/recovery.
- Tham gia on-call rotation, xử lý sự cố liên quan đến database.
- Viết tài liệu kỹ thuật, mentor thành viên mới trong team.
- Nghiên cứu và đánh giá công nghệ mới phục vụ nhu cầu kinh doanh.
- Đảm bảo tuân thủ security, data governance và privacy regulations.","Health insurance for family, Annual health check, Team building budget",FinCore Tech,Information Technology,Contract,Junior,Onsite,Thư Lâm,Thành phố Hà Nội,1100,1500,35,329
Director of Data Engineering,"Join FinCore Tech as a Director of Data Engineering working on MongoDB-based platforms. You will collaborate with backend, data and DevOps teams to deliver high-performance data infrastructure serving customers across Vietnam and SEA.","- 15+ năm kinh nghiệm, trong đó 7+ năm ở vị trí director/head.
- Định hướng chiến lược dữ liệu cho toàn bộ tổ chức.
- Kinh nghiệm làm việc với C-level, xây dựng data-driven culture.
- Hiểu biết sâu về data mesh, data fabric và modern data stack.","- Thiết kế, phát triển và vận hành các giải pháp dữ liệu sử dụng MongoDB.
- Tối ưu hiệu năng truy vấn, indexing và partitioning cho hệ thống production.
- Phối hợp với team backend/frontend để đảm bảo data layer ổn định.
- Xây dựng tooling, automation và quy trình backup/recovery.
- Tham gia on-call rotation, xử lý sự cố liên quan đến database.
- Viết tài liệu kỹ thuật, mentor thành viên mới trong team.
- Nghiên cứu và đánh giá công nghệ mới phục vụ nhu cầu kinh doanh.
- Đảm bảo tuân thủ security, data governance và privacy regulations.","Remote-friendly, Flexible hours, Meal allowance 1.5M VND",FinCore Tech,Information Technology,Contract,Director,Remote,Bát Tràng,Thành phố Hà Nội,6500,8900,33,289
Staff Database Engineer,"MediTech Global mở rộng team database và cần một Staff Database Engineer giàu kinh nghiệm về MySQL. Bạn sẽ đóng vai trò chủ chốt trong việc thiết kế schema, tối ưu truy vấn và đảm bảo độ tin cậy của các hệ thống dữ liệu quan trọng.","- 10+ năm kinh nghiệm database/data engineering ở các hệ thống production quy mô lớn.
- Tầm nhìn kiến trúc và khả năng đưa ra quyết định công nghệ dài hạn.
- Kinh nghiệm làm việc với cloud data platforms (AWS/Azure/GCP).
- Đã từng thiết kế hệ thống phục vụ hàng trăm triệu records.","- Thiết kế, phát triển và vận hành các giải pháp dữ liệu sử dụng MySQL.
- Tối ưu hiệu năng truy vấn, indexing và partitioning cho hệ thống production.
- Phối hợp với team backend/frontend để đảm bảo data layer ổn định.
- Xây dựng tooling, automation và quy trình backup/recovery.
- Tham gia on-call rotation, xử lý sự cố liên quan đến database.
- Viết tài liệu kỹ thuật, mentor thành viên mới trong team.
- Nghiên cứu và đánh giá công nghệ mới phục vụ nhu cầu kinh doanh.
- Đảm bảo tuân thủ security, data governance và privacy regulations.","Remote-friendly, Flexible hours, Meal allowance 1.5M VND",MediTech Global,Information Technology,Contract,Principal,Onsite,Bát Tràng,Thành phố Hà Nội,4500,6800,14,1286
Data Engineering Manager,"Join EduSmart as a Data Engineering Manager working on MySQL-based platforms. You will collaborate with backend, data and DevOps teams to deliver high-performance data infrastructure serving customers across Vietnam and SEA.","- 12+ năm kinh nghiệm CNTT, trong đó 5+ năm quản lý team data/database.
- Kinh nghiệm xây dựng và vận hành data platform ở quy mô enterprise.
- Kỹ năng quản lý stakeholder, ngân sách và lộ trình kỹ thuật.
- Tư duy chiến lược về data governance, security và compliance.","- Thiết kế, phát triển và vận hành các giải pháp dữ liệu sử dụng MySQL.
- Tối ưu hiệu năng truy vấn, indexing và partitioning cho hệ thống production.
- Phối hợp với team backend/frontend để đảm bảo data layer ổn định.
- Xây dựng tooling, automation và quy trình backup/recovery.
- Tham gia on-call rotation, xử lý sự cố liên quan đến database.
- Viết tài liệu kỹ thuật, mentor thành viên mới trong team.
- Nghiên cứu và đánh giá công nghệ mới phục vụ nhu cầu kinh doanh.
- Đảm bảo tuân thủ security, data governance và privacy regulations.","Health insurance for family, Annual health check, Team building budget",EduSmart,Information Technology,Full-time,Manager,Onsite,Nam Phù,Thành phố Hà Nội,4200,6300,60,375
Senior ETL Developer - Hybrid,"CodeBridge Solutions is looking for a Senior ETL Developer - Hybrid based in Hà Nội to strengthen our data platform. You will work on Database DevOps, focusing on Flyway/Liquibase, CI/CD, containerized DBs, monitoring for production-grade systems.","- 5+ năm kinh nghiệm database engineering với Database DevOps.
- Chuyên sâu về Flyway/Liquibase, CI/CD, containerized DBs, monitoring.
- Kinh nghiệm thiết kế hệ thống high-availability và disaster recovery.
- Khả năng review code, đào tạo và dẫn dắt kỹ thuật cho team.
- Tiếng Anh giao tiếp tốt là một lợi thế.","- Thiết kế, phát triển và vận hành các giải pháp dữ liệu sử dụng Database DevOps.
- Tối ưu hiệu năng truy vấn, indexing và partitioning cho hệ thống production.
- Phối hợp với team backend/frontend để đảm bảo data layer ổn định.
- Xây dựng tooling, automation và quy trình backup/recovery.
- Tham gia on-call rotation, xử lý sự cố liên quan đến database.
- Viết tài liệu kỹ thuật, mentor thành viên mới trong team.
- Nghiên cứu và đánh giá công nghệ mới phục vụ nhu cầu kinh doanh.
- Đảm bảo tuân thủ security, data governance và privacy regulations.","Competitive salary, Project bonus, Long-service award",CodeBridge Solutions,Information Technology,Hybrid,Senior,Onsite,Quang Minh,Thành phố Hà Nội,2500,3900,30,1025
Lead ETL Engineer,"FinCore Tech is looking for a Lead ETL Engineer based in Hà Nội to strengthen our data platform. You will work on Database DevOps, focusing on Flyway/Liquibase, CI/CD, containerized DBs, monitoring for production-grade systems.","- 7+ năm kinh nghiệm, trong đó có ít nhất 2 năm ở vị trí lead.
- Chuyên sâu Database DevOps và hệ sinh thái xung quanh.
- Kinh nghiệm thiết kế kiến trúc dữ liệu cho hệ thống scale lớn.
- Khả năng lãnh đạo team 4-6 người, làm việc với stakeholders.","- Thiết kế, phát triển và vận hành các giải pháp dữ liệu sử dụng Database DevOps.
- Tối ưu hiệu năng truy vấn, indexing và partitioning cho hệ thống production.
- Phối hợp với team backend/frontend để đảm bảo data layer ổn định.
- Xây dựng tooling, automation và quy trình backup/recovery.
- Tham gia on-call rotation, xử lý sự cố liên quan đến database.
- Viết tài liệu kỹ thuật, mentor thành viên mới trong team.
- Nghiên cứu và đánh giá công nghệ mới phục vụ nhu cầu kinh doanh.
- Đảm bảo tuân thủ security, data governance và privacy regulations.","Remote-friendly, Flexible hours, Meal allowance 1.5M VND",FinCore Tech,Information Technology,Hybrid,Lead,Remote,Đoài Phương,Thành phố Hà Nội,3800,4900,12,723
Fresher Data Engineer,"Join VietConnect Telecom as a Fresher Data Engineer working on SQL Server-based platforms. You will collaborate with backend, data and DevOps teams to deliver high-performance data infrastructure serving customers across Vietnam and SEA.","- Tốt nghiệp Đại học chuyên ngành CNTT hoặc tương đương.
- Hiểu biết cơ bản về SQL và một hệ quản trị cơ sở dữ liệu quan hệ.
- Tiếng Anh đọc hiểu tài liệu kỹ thuật.
- Tinh thần ham học hỏi, có khả năng làm việc nhóm.","- Thiết kế, phát triển và vận hành các giải pháp dữ liệu sử dụng SQL Server.
- Tối ưu hiệu năng truy vấn, indexing và partitioning cho hệ thống production.
- Phối hợp với team backend/frontend để đảm bảo data layer ổn định.
- Xây dựng tooling, automation và quy trình backup/recovery.
- Tham gia on-call rotation, xử lý sự cố liên quan đến database.
- Viết tài liệu kỹ thuật, mentor thành viên mới trong team.
- Nghiên cứu và đánh giá công nghệ mới phục vụ nhu cầu kinh doanh.
- Đảm bảo tuân thủ security, data governance và privacy regulations.","Performance review 2x/year, Clear career path, International projects",VietConnect Telecom,Information Technology,Internship,Fresher,Onsite,Đoài Phương,Thành phố Hà Nội,500,600,1,270
Senior ETL Developer,"We are hiring a Senior ETL Developer to join our database engineering team in Hà Nội. You will design, build, and operate scalable data platforms using MySQL. Our systems process billions of records and power core business operations.","- 5+ năm kinh nghiệm database engineering với MySQL.
- Chuyên sâu về schema design, performance tuning, backup/recovery, replication.
- Kinh nghiệm thiết kế hệ thống high-availability và disaster recovery.
- Khả năng review code, đào tạo và dẫn dắt kỹ thuật cho team.
- Tiếng Anh giao tiếp tốt là một lợi thế.","- Thiết kế, phát triển và vận hành các giải pháp dữ liệu sử dụng MySQL.
- Tối ưu hiệu năng truy vấn, indexing và partitioning cho hệ thống production.
- Phối hợp với team backend/frontend để đảm bảo data layer ổn định.
- Xây dựng tooling, automation và quy trình backup/recovery.
- Tham gia on-call rotation, xử lý sự cố liên quan đến database.
- Viết tài liệu kỹ thuật, mentor thành viên mới trong team.
- Nghiên cứu và đánh giá công nghệ mới phục vụ nhu cầu kinh doanh.
- Đảm bảo tuân thủ security, data governance và privacy regulations.","Health insurance for family, Annual health check, Team building budget",NextGen Software,Information Technology,Full-time,Senior,Onsite,Quảng Oai,Thành phố Hà Nội,2900,4300,21,454
Senior PostgreSQL DBA,"MediTech Global mở rộng team database và cần một Senior PostgreSQL DBA giàu kinh nghiệm về Database DevOps. Bạn sẽ đóng vai trò chủ chốt trong việc thiết kế schema, tối ưu truy vấn và đảm bảo độ tin cậy của các hệ thống dữ liệu quan trọng.","- 5+ năm kinh nghiệm database engineering với Database DevOps.
- Chuyên sâu về Flyway/Liquibase, CI/CD, containerized DBs, monitoring.
- Kinh nghiệm thiết kế hệ thống high-availability và disaster recovery.
- Khả năng review code, đào tạo và dẫn dắt kỹ thuật cho team.
- Tiếng Anh giao tiếp tốt là một lợi thế.","- Thiết kế, phát triển và vận hành các giải pháp dữ liệu sử dụng Database DevOps.
- Tối ưu hiệu năng truy vấn, indexing và partitioning cho hệ thống production.
- Phối hợp với team backend/frontend để đảm bảo data layer ổn định.
- Xây dựng tooling, automation và quy trình backup/recovery.
- Tham gia on-call rotation, xử lý sự cố liên quan đến database.
- Viết tài liệu kỹ thuật, mentor thành viên mới trong team.
- Nghiên cứu và đánh giá công nghệ mới phục vụ nhu cầu kinh doanh.
- Đảm bảo tuân thủ security, data governance và privacy regulations.","13th month salary, Health insurance, Annual leave 12+ days",MediTech Global,Information Technology,Remote,Senior,Remote,Quảng Oai,Thành phố Hà Nội,3100,3700,74,762
Director of Data Engineering,"ShopSphere mở rộng team database và cần một Director of Data Engineering giàu kinh nghiệm về Cloud Database. Bạn sẽ đóng vai trò chủ chốt trong việc thiết kế schema, tối ưu truy vấn và đảm bảo độ tin cậy của các hệ thống dữ liệu quan trọng.","- 15+ năm kinh nghiệm, trong đó 7+ năm ở vị trí director/head.
- Định hướng chiến lược dữ liệu cho toàn bộ tổ chức.
- Kinh nghiệm làm việc với C-level, xây dựng data-driven culture.
- Hiểu biết sâu về data mesh, data fabric và modern data stack.","- Thiết kế, phát triển và vận hành các giải pháp dữ liệu sử dụng Cloud Database.
- Tối ưu hiệu năng truy vấn, indexing và partitioning cho hệ thống production.
- Phối hợp với team backend/frontend để đảm bảo data layer ổn định.
- Xây dựng tooling, automation và quy trình backup/recovery.
- Tham gia on-call rotation, xử lý sự cố liên quan đến database.
- Viết tài liệu kỹ thuật, mentor thành viên mới trong team.
- Nghiên cứu và đánh giá công nghệ mới phục vụ nhu cầu kinh doanh.
- Đảm bảo tuân thủ security, data governance và privacy regulations.","Remote-friendly, Flexible hours, Meal allowance 1.5M VND",ShopSphere,Information Technology,Hybrid,Director,Onsite,Quảng Oai,Thành phố Hà Nội,6200,9800,18,316
Data Engineering Manager,"FinCore Tech is looking for a Data Engineering Manager based in Hà Nội to strengthen our data platform. You will work on Big Data, focusing on Spark, Hadoop, Kafka, Airflow, data lake architectures for production-grade systems.","- 12+ năm kinh nghiệm CNTT, trong đó 5+ năm quản lý team data/database.
- Kinh nghiệm xây dựng và vận hành data platform ở quy mô enterprise.
- Kỹ năng quản lý stakeholder, ngân sách và lộ trình kỹ thuật.
- Tư duy chiến lược về data governance, security và compliance.","- Thiết kế, phát triển và vận hành các giải pháp dữ liệu sử dụng Big Data.
- Tối ưu hiệu năng truy vấn, indexing và partitioning cho hệ thống production.
- Phối hợp với team backend/frontend để đảm bảo data layer ổn định.
- Xây dựng tooling, automation và quy trình backup/recovery.
- Tham gia on-call rotation, xử lý sự cố liên quan đến database.
- Viết tài liệu kỹ thuật, mentor thành viên mới trong team.
- Nghiên cứu và đánh giá công nghệ mới phục vụ nhu cầu kinh doanh.
- Đảm bảo tuân thủ security, data governance và privacy regulations.","Competitive salary, Project bonus, Long-service award",FinCore Tech,Information Technology,Full-time,Manager,Remote,Cổ Đô,Thành phố Hà Nội,4400,5700,67,241
Senior Database Administrator,"We are hiring a Senior Database Administrator to join our database engineering team in Hà Nội. You will design, build, and operate scalable data platforms using Big Data. Our systems process billions of records and power core business operations.","- 5+ năm kinh nghiệm database engineering với Big Data.
- Chuyên sâu về Spark, Hadoop, Kafka, Airflow, data lake architectures.
- Kinh nghiệm thiết kế hệ thống high-availability và disaster recovery.
- Khả năng review code, đào tạo và dẫn dắt kỹ thuật cho team.
- Tiếng Anh giao tiếp tốt là một lợi thế.","- Thiết kế, phát triển và vận hành các giải pháp dữ liệu sử dụng Big Data.
- Tối ưu hiệu năng truy vấn, indexing và partitioning cho hệ thống production.
- Phối hợp với team backend/frontend để đảm bảo data layer ổn định.
- Xây dựng tooling, automation và quy trình backup/recovery.
- Tham gia on-call rotation, xử lý sự cố liên quan đến database.
- Viết tài liệu kỹ thuật, mentor thành viên mới trong team.
- Nghiên cứu và đánh giá công nghệ mới phục vụ nhu cầu kinh doanh.
- Đảm bảo tuân thủ security, data governance và privacy regulations.","Laptop & gear provided, Training budget 5M/year, Conference sponsorship",ChainWorks,Information Technology,Full-time,Senior,Onsite,Bất Bạt,Thành phố Hà Nội,2600,4000,31,1414
Junior SQL Developer,"Join VietConnect Telecom as a Junior SQL Developer working on Big Data-based platforms. You will collaborate with backend, data and DevOps teams to deliver high-performance data infrastructure serving customers across Vietnam and SEA.","- Tốt nghiệp Đại học chuyên ngành CNTT hoặc tương đương.
- Hiểu biết cơ bản về SQL và một hệ quản trị cơ sở dữ liệu quan hệ.
- Tiếng Anh đọc hiểu tài liệu kỹ thuật.
- Tinh thần ham học hỏi, có khả năng làm việc nhóm.","- Thiết kế, phát triển và vận hành các giải pháp dữ liệu sử dụng Big Data.
- Tối ưu hiệu năng truy vấn, indexing và partitioning cho hệ thống production.
- Phối hợp với team backend/frontend để đảm bảo data layer ổn định.
- Xây dựng tooling, automation và quy trình backup/recovery.
- Tham gia on-call rotation, xử lý sự cố liên quan đến database.
- Viết tài liệu kỹ thuật, mentor thành viên mới trong team.
- Nghiên cứu và đánh giá công nghệ mới phục vụ nhu cầu kinh doanh.
- Đảm bảo tuân thủ security, data governance và privacy regulations.","Health insurance for family, Annual health check, Team building budget",VietConnect Telecom,Information Technology,Part-time,Fresher,Onsite,Yên Bài,Thành phố Hà Nội,500,600,33,261
Database Developer (Middle),"Join ChainWorks as a Database Developer (Middle) working on Redis-based platforms. You will collaborate with backend, data and DevOps teams to deliver high-performance data infrastructure serving customers across Vietnam and SEA.","- 3-4 năm kinh nghiệm làm việc thực tế với cơ sở dữ liệu quan hệ hoặc NoSQL.
- Thành thạo cluster, persistence, pub/sub, caching strategies.
- Có kinh nghiệm thiết kế schema, partitioning, replication.
- Kinh nghiệm monitoring và troubleshooting production databases.
- Khả năng làm việc độc lập và mentor junior members.","- Thiết kế, phát triển và vận hành các giải pháp dữ liệu sử dụng Redis.
- Tối ưu hiệu năng truy vấn, indexing và partitioning cho hệ thống production.
- Phối hợp với team backend/frontend để đảm bảo data layer ổn định.
- Xây dựng tooling, automation và quy trình backup/recovery.
- Tham gia on-call rotation, xử lý sự cố liên quan đến database.
- Viết tài liệu kỹ thuật, mentor thành viên mới trong team.
- Nghiên cứu và đánh giá công nghệ mới phục vụ nhu cầu kinh doanh.
- Đảm bảo tuân thủ security, data governance và privacy regulations.","Remote-friendly, Flexible hours, Meal allowance 1.5M VND",ChainWorks,Information Technology,Full-time,Middle,Remote,Phúc Thọ,Thành phố Hà Nội,1800,2900,33,1247
Junior PostgreSQL Engineer,"FinCore Tech is looking for a Junior PostgreSQL Engineer based in Hà Nội to strengthen our data platform. You will work on MySQL, focusing on schema design, performance tuning, backup/recovery, replication for production-grade systems.","- 1-2 năm kinh nghiệm với SQL và ít nhất một RDBMS (MySQL/PostgreSQL/Oracle).
- Hiểu biết về indexing, query optimization và transaction isolation.
- Quen thuộc với Git và quy trình phát triển phần mềm.
- Khả năng đọc hiểu tài liệu tiếng Anh.","- Thiết kế, phát triển và vận hành các giải pháp dữ liệu sử dụng MySQL.
- Tối ưu hiệu năng truy vấn, indexing và partitioning cho hệ thống production.
- Phối hợp với team backend/frontend để đảm bảo data layer ổn định.
- Xây dựng tooling, automation và quy trình backup/recovery.
- Tham gia on-call rotation, xử lý sự cố liên quan đến database.
- Viết tài liệu kỹ thuật, mentor thành viên mới trong team.
- Nghiên cứu và đánh giá công nghệ mới phục vụ nhu cầu kinh doanh.
- Đảm bảo tuân thủ security, data governance và privacy regulations.","Flexible working hours, WFH 3 days/week, Annual trip",FinCore Tech,Information Technology,Contract,Junior,Onsite,Hát Môn,Thành phố Hà Nội,1200,1700,32,251
Junior SQL Developer,"Join EduSmart as a Junior SQL Developer working on Cloud Database-based platforms. You will collaborate with backend, data and DevOps teams to deliver high-performance data infrastructure serving customers across Vietnam and SEA.","- 1-2 năm kinh nghiệm với SQL và ít nhất một RDBMS (MySQL/PostgreSQL/Oracle).
- Hiểu biết về indexing, query optimization và transaction isolation.
- Quen thuộc với Git và quy trình phát triển phần mềm.
- Khả năng đọc hiểu tài liệu tiếng Anh.","- Thiết kế, phát triển và vận hành các giải pháp dữ liệu sử dụng Cloud Database.
- Tối ưu hiệu năng truy vấn, indexing và partitioning cho hệ thống production.
- Phối hợp với team backend/frontend để đảm bảo data layer ổn định.
- Xây dựng tooling, automation và quy trình backup/recovery.
- Tham gia on-call rotation, xử lý sự cố liên quan đến database.
- Viết tài liệu kỹ thuật, mentor thành viên mới trong team.
- Nghiên cứu và đánh giá công nghệ mới phục vụ nhu cầu kinh doanh.
- Đảm bảo tuân thủ security, data governance và privacy regulations.","Health insurance for family, Annual health check, Team building budget",EduSmart,Information Technology,Contract,Junior,Remote,Liên Minh,Thành phố Hà Nội,1200,1500,52,1428
Middle ETL Developer,"ShopSphere is looking for a Middle ETL Developer based in Hà Nội to strengthen our data platform. You will work on MongoDB, focusing on sharding, replica sets, aggregation framework, schema design for production-grade systems.","- 3-4 năm kinh nghiệm làm việc thực tế với cơ sở dữ liệu quan hệ hoặc NoSQL.
- Thành thạo sharding, replica sets, aggregation framework, schema design.
- Có kinh nghiệm thiết kế schema, partitioning, replication.
- Kinh nghiệm monitoring và troubleshooting production databases.
- Khả năng làm việc độc lập và mentor junior members.","- Thiết kế, phát triển và vận hành các giải pháp dữ liệu sử dụng MongoDB.
- Tối ưu hiệu năng truy vấn, indexing và partitioning cho hệ thống production.
- Phối hợp với team backend/frontend để đảm bảo data layer ổn định.
- Xây dựng tooling, automation và quy trình backup/recovery.
- Tham gia on-call rotation, xử lý sự cố liên quan đến database.
- Viết tài liệu kỹ thuật, mentor thành viên mới trong team.
- Nghiên cứu và đánh giá công nghệ mới phục vụ nhu cầu kinh doanh.
- Đảm bảo tuân thủ security, data governance và privacy regulations.","Laptop & gear provided, Training budget 5M/year, Conference sponsorship",ShopSphere,Information Technology,Remote,Middle,Onsite,Dương Hòa,Thành phố Hà Nội,1900,2200,51,880
Junior PostgreSQL Engineer,"NextGen Software đang tìm kiếm một Junior PostgreSQL Engineer để gia nhập đội ngũ kỹ thuật tại Hà Nội. Bạn sẽ làm việc với Data Warehouse và các công nghệ liên quan để xây dựng, vận hành và tối ưu các hệ thống dữ liệu phục vụ hàng triệu người dùng tại Việt Nam.","- 1-2 năm kinh nghiệm với SQL và ít nhất một RDBMS (MySQL/PostgreSQL/Oracle).
- Hiểu biết về indexing, query optimization và transaction isolation.
- Quen thuộc với Git và quy trình phát triển phần mềm.
- Khả năng đọc hiểu tài liệu tiếng Anh.","- Thiết kế, phát triển và vận hành các giải pháp dữ liệu sử dụng Data Warehouse.
- Tối ưu hiệu năng truy vấn, indexing và partitioning cho hệ thống production.
- Phối hợp với team backend/frontend để đảm bảo data layer ổn định.
- Xây dựng tooling, automation và quy trình backup/recovery.
- Tham gia on-call rotation, xử lý sự cố liên quan đến database.
- Viết tài liệu kỹ thuật, mentor thành viên mới trong team.
- Nghiên cứu và đánh giá công nghệ mới phục vụ nhu cầu kinh doanh.
- Đảm bảo tuân thủ security, data governance và privacy regulations.","Premium health insurance, English class, Book allowance",NextGen Software,Information Technology,Remote,Junior,Onsite,Kiều Phú,Thành phố Hà Nội,1300,1600,39,711
Junior Database Administrator,"EduSmart đang tìm kiếm một Junior Database Administrator để gia nhập đội ngũ kỹ thuật tại Hà Nội. Bạn sẽ làm việc với Database DevOps và các công nghệ liên quan để xây dựng, vận hành và tối ưu các hệ thống dữ liệu phục vụ hàng triệu người dùng tại Việt Nam.","- 1-2 năm kinh nghiệm với SQL và ít nhất một RDBMS (MySQL/PostgreSQL/Oracle).
- Hiểu biết về indexing, query optimization và transaction isolation.
- Quen thuộc với Git và quy trình phát triển phần mềm.
- Khả năng đọc hiểu tài liệu tiếng Anh.","- Thiết kế, phát triển và vận hành các giải pháp dữ liệu sử dụng Database DevOps.
- Tối ưu hiệu năng truy vấn, indexing và partitioning cho hệ thống production.
- Phối hợp với team backend/frontend để đảm bảo data layer ổn định.
- Xây dựng tooling, automation và quy trình backup/recovery.
- Tham gia on-call rotation, xử lý sự cố liên quan đến database.
- Viết tài liệu kỹ thuật, mentor thành viên mới trong team.
- Nghiên cứu và đánh giá công nghệ mới phục vụ nhu cầu kinh doanh.
- Đảm bảo tuân thủ security, data governance và privacy regulations.","Performance bonus up to 3 months, Stock options, Premium healthcare",EduSmart,Information Technology,Hybrid,Junior,Remote,Hạ Bằng,Thành phố Hà Nội,1200,1400,28,758
Senior Database Administrator,"Join CodeBridge Solutions as a Senior Database Administrator working on Database DevOps-based platforms. You will collaborate with backend, data and DevOps teams to deliver high-performance data infrastructure serving customers across Vietnam and SEA.","- 5+ năm kinh nghiệm database engineering với Database DevOps.
- Chuyên sâu về Flyway/Liquibase, CI/CD, containerized DBs, monitoring.
- Kinh nghiệm thiết kế hệ thống high-availability và disaster recovery.
- Khả năng review code, đào tạo và dẫn dắt kỹ thuật cho team.
- Tiếng Anh giao tiếp tốt là một lợi thế.","- Thiết kế, phát triển và vận hành các giải pháp dữ liệu sử dụng Database DevOps.
- Tối ưu hiệu năng truy vấn, indexing và partitioning cho hệ thống production.
- Phối hợp với team backend/frontend để đảm bảo data layer ổn định.
- Xây dựng tooling, automation và quy trình backup/recovery.
- Tham gia on-call rotation, xử lý sự cố liên quan đến database.
- Viết tài liệu kỹ thuật, mentor thành viên mới trong team.
- Nghiên cứu và đánh giá công nghệ mới phục vụ nhu cầu kinh doanh.
- Đảm bảo tuân thủ security, data governance và privacy regulations.","Laptop & gear provided, Training budget 5M/year, Conference sponsorship",CodeBridge Solutions,Information Technology,Full-time,Senior,Remote,Hòa Lạc,Thành phố Hà Nội,2800,4000,7,1298
Middle Database Administrator,"CodeBridge Solutions đang tìm kiếm một Middle Database Administrator để gia nhập đội ngũ kỹ thuật tại Hà Nội. Bạn sẽ làm việc với Cloud Database và các công nghệ liên quan để xây dựng, vận hành và tối ưu các hệ thống dữ liệu phục vụ hàng triệu người dùng tại Việt Nam.","- 3-4 năm kinh nghiệm làm việc thực tế với cơ sở dữ liệu quan hệ hoặc NoSQL.
- Thành thạo AWS RDS/Aurora, Azure SQL, GCP Cloud SQL, IaC.
- Có kinh nghiệm thiết kế schema, partitioning, replication.
- Kinh nghiệm monitoring và troubleshooting production databases.
- Khả năng làm việc độc lập và mentor junior members.","- Thiết kế, phát triển và vận hành các giải pháp dữ liệu sử dụng Cloud Database.
- Tối ưu hiệu năng truy vấn, indexing và partitioning cho hệ thống production.
- Phối hợp với team backend/frontend để đảm bảo data layer ổn định.
- Xây dựng tooling, automation và quy trình backup/recovery.
- Tham gia on-call rotation, xử lý sự cố liên quan đến database.
- Viết tài liệu kỹ thuật, mentor thành viên mới trong team.
- Nghiên cứu và đánh giá công nghệ mới phục vụ nhu cầu kinh doanh.
- Đảm bảo tuân thủ security, data governance và privacy regulations.","Performance bonus up to 3 months, Stock options, Premium healthcare",CodeBridge Solutions,Information Technology,Contract,Middle,Onsite,Tây Phương,Thành phố Hà Nội,2100,2400,65,857
Manager - Database Operations,"EduSmart đang tìm kiếm một Manager - Database Operations để gia nhập đội ngũ kỹ thuật tại Hà Nội. Bạn sẽ làm việc với Database DevOps và các công nghệ liên quan để xây dựng, vận hành và tối ưu các hệ thống dữ liệu phục vụ hàng triệu người dùng tại Việt Nam.","- 12+ năm kinh nghiệm CNTT, trong đó 5+ năm quản lý team data/database.
- Kinh nghiệm xây dựng và vận hành data platform ở quy mô enterprise.
- Kỹ năng quản lý stakeholder, ngân sách và lộ trình kỹ thuật.
- Tư duy chiến lược về data governance, security và compliance.","- Thiết kế, phát triển và vận hành các giải pháp dữ liệu sử dụng Database DevOps.
- Tối ưu hiệu năng truy vấn, indexing và partitioning cho hệ thống production.
- Phối hợp với team backend/frontend để đảm bảo data layer ổn định.
- Xây dựng tooling, automation và quy trình backup/recovery.
- Tham gia on-call rotation, xử lý sự cố liên quan đến database.
- Viết tài liệu kỹ thuật, mentor thành viên mới trong team.
- Nghiên cứu và đánh giá công nghệ mới phục vụ nhu cầu kinh doanh.
- Đảm bảo tuân thủ security, data governance và privacy regulations.","Performance review 2x/year, Clear career path, International projects",EduSmart,Information Technology,Contract,Manager,Onsite,Tây Phương,Thành phố Hà Nội,4100,5800,41,1491
Junior NoSQL Developer,"We are hiring a Junior NoSQL Developer to join our database engineering team in Hà Nội. You will design, build, and operate scalable data platforms using Database DevOps. Our systems process billions of records and power core business operations.","- 1-2 năm kinh nghiệm với SQL và ít nhất một RDBMS (MySQL/PostgreSQL/Oracle).
- Hiểu biết về indexing, query optimization và transaction isolation.
- Quen thuộc với Git và quy trình phát triển phần mềm.
- Khả năng đọc hiểu tài liệu tiếng Anh.","- Thiết kế, phát triển và vận hành các giải pháp dữ liệu sử dụng Database DevOps.
- Tối ưu hiệu năng truy vấn, indexing và partitioning cho hệ thống production.
- Phối hợp với team backend/frontend để đảm bảo data layer ổn định.
- Xây dựng tooling, automation và quy trình backup/recovery.
- Tham gia on-call rotation, xử lý sự cố liên quan đến database.
- Viết tài liệu kỹ thuật, mentor thành viên mới trong team.
- Nghiên cứu và đánh giá công nghệ mới phục vụ nhu cầu kinh doanh.
- Đảm bảo tuân thủ security, data governance và privacy regulations.","Performance review 2x/year, Clear career path, International projects",ChainWorks,Information Technology,Full-time,Junior,Remote,Phú Nghĩa,Thành phố Hà Nội,1200,1800,62,493
Senior SQL Developer,"FinCore Tech đang tìm kiếm một Senior SQL Developer để gia nhập đội ngũ kỹ thuật tại Hà Nội. Bạn sẽ làm việc với Big Data và các công nghệ liên quan để xây dựng, vận hành và tối ưu các hệ thống dữ liệu phục vụ hàng triệu người dùng tại Việt Nam.","- 5+ năm kinh nghiệm database engineering với Big Data.
- Chuyên sâu về Spark, Hadoop, Kafka, Airflow, data lake architectures.
- Kinh nghiệm thiết kế hệ thống high-availability và disaster recovery.
- Khả năng review code, đào tạo và dẫn dắt kỹ thuật cho team.
- Tiếng Anh giao tiếp tốt là một lợi thế.","- Thiết kế, phát triển và vận hành các giải pháp dữ liệu sử dụng Big Data.
- Tối ưu hiệu năng truy vấn, indexing và partitioning cho hệ thống production.
- Phối hợp với team backend/frontend để đảm bảo data layer ổn định.
- Xây dựng tooling, automation và quy trình backup/recovery.
- Tham gia on-call rotation, xử lý sự cố liên quan đến database.
- Viết tài liệu kỹ thuật, mentor thành viên mới trong team.
- Nghiên cứu và đánh giá công nghệ mới phục vụ nhu cầu kinh doanh.
- Đảm bảo tuân thủ security, data governance và privacy regulations.","Health insurance for family, Annual health check, Team building budget",FinCore Tech,Information Technology,Remote,Senior,Remote,Hòa Phú,Thành phố Hà Nội,2900,3500,26,890
Senior Database Migration Specialist (Vietnam),"CodeBridge Solutions is looking for a Senior Database Migration Specialist (Vietnam) based in Hà Nội to strengthen our data platform. You will work on Big Data, focusing on Spark, Hadoop, Kafka, Airflow, data lake architectures for production-grade systems.","- 5+ năm kinh nghiệm database engineering với Big Data.
- Chuyên sâu về Spark, Hadoop, Kafka, Airflow, data lake architectures.
- Kinh nghiệm thiết kế hệ thống high-availability và disaster recovery.
- Khả năng review code, đào tạo và dẫn dắt kỹ thuật cho team.
- Tiếng Anh giao tiếp tốt là một lợi thế.","- Thiết kế, phát triển và vận hành các giải pháp dữ liệu sử dụng Big Data.
- Tối ưu hiệu năng truy vấn, indexing và partitioning cho hệ thống production.
- Phối hợp với team backend/frontend để đảm bảo data layer ổn định.
- Xây dựng tooling, automation và quy trình backup/recovery.
- Tham gia on-call rotation, xử lý sự cố liên quan đến database.
- Viết tài liệu kỹ thuật, mentor thành viên mới trong team.
- Nghiên cứu và đánh giá công nghệ mới phục vụ nhu cầu kinh doanh.
- Đảm bảo tuân thủ security, data governance và privacy regulations.","Performance review 2x/year, Clear career path, International projects",CodeBridge Solutions,Information Technology,Part-time,Senior,Onsite,Bình Minh,Thành phố Hà Nội,2500,4100,57,1054
Senior Database Migration Specialist - Hybrid,"ChainWorks mở rộng team database và cần một Senior Database Migration Specialist - Hybrid giàu kinh nghiệm về Cloud Database. Bạn sẽ đóng vai trò chủ chốt trong việc thiết kế schema, tối ưu truy vấn và đảm bảo độ tin cậy của các hệ thống dữ liệu quan trọng.","- 5+ năm kinh nghiệm database engineering với Cloud Database.
- Chuyên sâu về AWS RDS/Aurora, Azure SQL, GCP Cloud SQL, IaC.
- Kinh nghiệm thiết kế hệ thống high-availability và disaster recovery.
- Khả năng review code, đào tạo và dẫn dắt kỹ thuật cho team.
- Tiếng Anh giao tiếp tốt là một lợi thế.","- Thiết kế, phát triển và vận hành các giải pháp dữ liệu sử dụng Cloud Database.
- Tối ưu hiệu năng truy vấn, indexing và partitioning cho hệ thống production.
- Phối hợp với team backend/frontend để đảm bảo data layer ổn định.
- Xây dựng tooling, automation và quy trình backup/recovery.
- Tham gia on-call rotation, xử lý sự cố liên quan đến database.
- Viết tài liệu kỹ thuật, mentor thành viên mới trong team.
- Nghiên cứu và đánh giá công nghệ mới phục vụ nhu cầu kinh doanh.
- Đảm bảo tuân thủ security, data governance và privacy regulations.","Remote-friendly, Flexible hours, Meal allowance 1.5M VND",ChainWorks,Information Technology,Full-time,Senior,Onsite,Tam Hưng,Thành phố Hà Nội,2800,3900,50,68
"Backend Developer (Database, Middle)","We are hiring a Backend Developer (Database, Middle) to join our database engineering team in Hà Nội. You will design, build, and operate scalable data platforms using Cloud Database. Our systems process billions of records and power core business operations.","- 3-4 năm kinh nghiệm làm việc thực tế với cơ sở dữ liệu quan hệ hoặc NoSQL.
- Thành thạo AWS RDS/Aurora, Azure SQL, GCP Cloud SQL, IaC.
- Có kinh nghiệm thiết kế schema, partitioning, replication.
- Kinh nghiệm monitoring và troubleshooting production databases.
- Khả năng làm việc độc lập và mentor junior members.","- Thiết kế, phát triển và vận hành các giải pháp dữ liệu sử dụng Cloud Database.
- Tối ưu hiệu năng truy vấn, indexing và partitioning cho hệ thống production.
- Phối hợp với team backend/frontend để đảm bảo data layer ổn định.
- Xây dựng tooling, automation và quy trình backup/recovery.
- Tham gia on-call rotation, xử lý sự cố liên quan đến database.
- Viết tài liệu kỹ thuật, mentor thành viên mới trong team.
- Nghiên cứu và đánh giá công nghệ mới phục vụ nhu cầu kinh doanh.
- Đảm bảo tuân thủ security, data governance và privacy regulations.","Performance review 2x/year, Clear career path, International projects",ChainWorks,Information Technology,Full-time,Middle,Remote,Thượng Phúc,Thành phố Hà Nội,1500,2700,59,598
Middle Database Administrator,"FinCore Tech mở rộng team database và cần một Middle Database Administrator giàu kinh nghiệm về Big Data. Bạn sẽ đóng vai trò chủ chốt trong việc thiết kế schema, tối ưu truy vấn và đảm bảo độ tin cậy của các hệ thống dữ liệu quan trọng.","- 3-4 năm kinh nghiệm làm việc thực tế với cơ sở dữ liệu quan hệ hoặc NoSQL.
- Thành thạo Spark, Hadoop, Kafka, Airflow, data lake architectures.
- Có kinh nghiệm thiết kế schema, partitioning, replication.
- Kinh nghiệm monitoring và troubleshooting production databases.
- Khả năng làm việc độc lập và mentor junior members.","- Thiết kế, phát triển và vận hành các giải pháp dữ liệu sử dụng Big Data.
- Tối ưu hiệu năng truy vấn, indexing và partitioning cho hệ thống production.
- Phối hợp với team backend/frontend để đảm bảo data layer ổn định.
- Xây dựng tooling, automation và quy trình backup/recovery.
- Tham gia on-call rotation, xử lý sự cố liên quan đến database.
- Viết tài liệu kỹ thuật, mentor thành viên mới trong team.
- Nghiên cứu và đánh giá công nghệ mới phục vụ nhu cầu kinh doanh.
- Đảm bảo tuân thủ security, data governance và privacy regulations.","Hybrid working, 14 days annual leave, Free snacks & coffee",FinCore Tech,Information Technology,Full-time,Middle,Onsite,Phú Xuyên,Thành phố Hà Nội,1900,2400,47,593
Middle ETL Developer,"ShopSphere đang tìm kiếm một Middle ETL Developer để gia nhập đội ngũ kỹ thuật tại Hà Nội. Bạn sẽ làm việc với Database DevOps và các công nghệ liên quan để xây dựng, vận hành và tối ưu các hệ thống dữ liệu phục vụ hàng triệu người dùng tại Việt Nam.","- 3-4 năm kinh nghiệm làm việc thực tế với cơ sở dữ liệu quan hệ hoặc NoSQL.
- Thành thạo Flyway/Liquibase, CI/CD, containerized DBs, monitoring.
- Có kinh nghiệm thiết kế schema, partitioning, replication.
- Kinh nghiệm monitoring và troubleshooting production databases.
- Khả năng làm việc độc lập và mentor junior members.","- Thiết kế, phát triển và vận hành các giải pháp dữ liệu sử dụng Database DevOps.
- Tối ưu hiệu năng truy vấn, indexing và partitioning cho hệ thống production.
- Phối hợp với team backend/frontend để đảm bảo data layer ổn định.
- Xây dựng tooling, automation và quy trình backup/recovery.
- Tham gia on-call rotation, xử lý sự cố liên quan đến database.
- Viết tài liệu kỹ thuật, mentor thành viên mới trong team.
- Nghiên cứu và đánh giá công nghệ mới phục vụ nhu cầu kinh doanh.
- Đảm bảo tuân thủ security, data governance và privacy regulations.","13th month salary, Health insurance, Annual leave 12+ days",ShopSphere,Information Technology,Full-time,Middle,Onsite,Chuyên Mỹ,Thành phố Hà Nội,1800,2100,67,857
Database Team Lead,"We are hiring a Database Team Lead to join our database engineering team in Hà Nội. You will design, build, and operate scalable data platforms using PostgreSQL. Our systems process billions of records and power core business operations.","- 7+ năm kinh nghiệm, trong đó có ít nhất 2 năm ở vị trí lead.
- Chuyên sâu PostgreSQL và hệ sinh thái xung quanh.
- Kinh nghiệm thiết kế kiến trúc dữ liệu cho hệ thống scale lớn.
- Khả năng lãnh đạo team 4-6 người, làm việc với stakeholders.","- Thiết kế, phát triển và vận hành các giải pháp dữ liệu sử dụng PostgreSQL.
- Tối ưu hiệu năng truy vấn, indexing và partitioning cho hệ thống production.
- Phối hợp với team backend/frontend để đảm bảo data layer ổn định.
- Xây dựng tooling, automation và quy trình backup/recovery.
- Tham gia on-call rotation, xử lý sự cố liên quan đến database.
- Viết tài liệu kỹ thuật, mentor thành viên mới trong team.
- Nghiên cứu và đánh giá công nghệ mới phục vụ nhu cầu kinh doanh.
- Đảm bảo tuân thủ security, data governance và privacy regulations.","Performance review 2x/year, Clear career path, International projects",CodeBridge Solutions,Information Technology,Full-time,Lead,Onsite,Vân Đình,Thành phố Hà Nội,3800,4900,38,382
Principal DBA,"CodeBridge Solutions đang tìm kiếm một Principal DBA để gia nhập đội ngũ kỹ thuật tại Hà Nội. Bạn sẽ làm việc với Database DevOps và các công nghệ liên quan để xây dựng, vận hành và tối ưu các hệ thống dữ liệu phục vụ hàng triệu người dùng tại Việt Nam.","- 10+ năm kinh nghiệm database/data engineering ở các hệ thống production quy mô lớn.
- Tầm nhìn kiến trúc và khả năng đưa ra quyết định công nghệ dài hạn.
- Kinh nghiệm làm việc với cloud data platforms (AWS/Azure/GCP).
- Đã từng thiết kế hệ thống phục vụ hàng trăm triệu records.","- Thiết kế, phát triển và vận hành các giải pháp dữ liệu sử dụng Database DevOps.
- Tối ưu hiệu năng truy vấn, indexing và partitioning cho hệ thống production.
- Phối hợp với team backend/frontend để đảm bảo data layer ổn định.
- Xây dựng tooling, automation và quy trình backup/recovery.
- Tham gia on-call rotation, xử lý sự cố liên quan đến database.
- Viết tài liệu kỹ thuật, mentor thành viên mới trong team.
- Nghiên cứu và đánh giá công nghệ mới phục vụ nhu cầu kinh doanh.
- Đảm bảo tuân thủ security, data governance và privacy regulations.","Health insurance for family, Annual health check, Team building budget",CodeBridge Solutions,Information Technology,Full-time,Principal,Remote,Ứng Thiên,Thành phố Hà Nội,4700,7000,51,1389
Lead ETL Engineer,"FinCore Tech mở rộng team database và cần một Lead ETL Engineer giàu kinh nghiệm về PostgreSQL. Bạn sẽ đóng vai trò chủ chốt trong việc thiết kế schema, tối ưu truy vấn và đảm bảo độ tin cậy của các hệ thống dữ liệu quan trọng.","- 7+ năm kinh nghiệm, trong đó có ít nhất 2 năm ở vị trí lead.
- Chuyên sâu PostgreSQL và hệ sinh thái xung quanh.
- Kinh nghiệm thiết kế kiến trúc dữ liệu cho hệ thống scale lớn.
- Khả năng lãnh đạo team 4-6 người, làm việc với stakeholders.","- Thiết kế, phát triển và vận hành các giải pháp dữ liệu sử dụng PostgreSQL.
- Tối ưu hiệu năng truy vấn, indexing và partitioning cho hệ thống production.
- Phối hợp với team backend/frontend để đảm bảo data layer ổn định.
- Xây dựng tooling, automation và quy trình backup/recovery.
- Tham gia on-call rotation, xử lý sự cố liên quan đến database.
- Viết tài liệu kỹ thuật, mentor thành viên mới trong team.
- Nghiên cứu và đánh giá công nghệ mới phục vụ nhu cầu kinh doanh.
- Đảm bảo tuân thủ security, data governance và privacy regulations.","13th month salary, Health insurance, Annual leave 12+ days",FinCore Tech,Information Technology,Hybrid,Lead,Onsite,Hòa Xá,Thành phố Hà Nội,3700,5000,60,96
Lead ETL Engineer - Hybrid,"We are hiring a Lead ETL Engineer - Hybrid to join our database engineering team in Hà Nội. You will design, build, and operate scalable data platforms using Cloud Database. Our systems process billions of records and power core business operations.","- 7+ năm kinh nghiệm, trong đó có ít nhất 2 năm ở vị trí lead.
- Chuyên sâu Cloud Database và hệ sinh thái xung quanh.
- Kinh nghiệm thiết kế kiến trúc dữ liệu cho hệ thống scale lớn.
- Khả năng lãnh đạo team 4-6 người, làm việc với stakeholders.","- Thiết kế, phát triển và vận hành các giải pháp dữ liệu sử dụng Cloud Database.
- Tối ưu hiệu năng truy vấn, indexing và partitioning cho hệ thống production.
- Phối hợp với team backend/frontend để đảm bảo data layer ổn định.
- Xây dựng tooling, automation và quy trình backup/recovery.
- Tham gia on-call rotation, xử lý sự cố liên quan đến database.
- Viết tài liệu kỹ thuật, mentor thành viên mới trong team.
- Nghiên cứu và đánh giá công nghệ mới phục vụ nhu cầu kinh doanh.
- Đảm bảo tuân thủ security, data governance và privacy regulations.","Performance review 2x/year, Clear career path, International projects",ShopSphere,Information Technology,Full-time,Lead,Onsite,Phúc Sơn,Thành phố Hà Nội,3500,5400,51,1256
Database Manager - Hybrid,"MediTech Global đang tìm kiếm một Database Manager - Hybrid để gia nhập đội ngũ kỹ thuật tại Hà Nội. Bạn sẽ làm việc với MySQL và các công nghệ liên quan để xây dựng, vận hành và tối ưu các hệ thống dữ liệu phục vụ hàng triệu người dùng tại Việt Nam.","- 12+ năm kinh nghiệm CNTT, trong đó 5+ năm quản lý team data/database.
- Kinh nghiệm xây dựng và vận hành data platform ở quy mô enterprise.
- Kỹ năng quản lý stakeholder, ngân sách và lộ trình kỹ thuật.
- Tư duy chiến lược về data governance, security và compliance.","- Thiết kế, phát triển và vận hành các giải pháp dữ liệu sử dụng MySQL.
- Tối ưu hiệu năng truy vấn, indexing và partitioning cho hệ thống production.
- Phối hợp với team backend/frontend để đảm bảo data layer ổn định.
- Xây dựng tooling, automation và quy trình backup/recovery.
- Tham gia on-call rotation, xử lý sự cố liên quan đến database.
- Viết tài liệu kỹ thuật, mentor thành viên mới trong team.
- Nghiên cứu và đánh giá công nghệ mới phục vụ nhu cầu kinh doanh.
- Đảm bảo tuân thủ security, data governance và privacy regulations.","Performance bonus up to 3 months, Stock options, Premium healthcare",MediTech Global,Information Technology,Full-time,Manager,Onsite,Hồng Sơn,Thành phố Hà Nội,4500,6100,54,262
Junior Database Developer,"ShopSphere mở rộng team database và cần một Junior Database Developer giàu kinh nghiệm về SQL Server. Bạn sẽ đóng vai trò chủ chốt trong việc thiết kế schema, tối ưu truy vấn và đảm bảo độ tin cậy của các hệ thống dữ liệu quan trọng.","- 1-2 năm kinh nghiệm với SQL và ít nhất một RDBMS (MySQL/PostgreSQL/Oracle).
- Hiểu biết về indexing, query optimization và transaction isolation.
- Quen thuộc với Git và quy trình phát triển phần mềm.
- Khả năng đọc hiểu tài liệu tiếng Anh.","- Thiết kế, phát triển và vận hành các giải pháp dữ liệu sử dụng SQL Server.
- Tối ưu hiệu năng truy vấn, indexing và partitioning cho hệ thống production.
- Phối hợp với team backend/frontend để đảm bảo data layer ổn định.
- Xây dựng tooling, automation và quy trình backup/recovery.
- Tham gia on-call rotation, xử lý sự cố liên quan đến database.
- Viết tài liệu kỹ thuật, mentor thành viên mới trong team.
- Nghiên cứu và đánh giá công nghệ mới phục vụ nhu cầu kinh doanh.
- Đảm bảo tuân thủ security, data governance và privacy regulations.","Flexible working hours, WFH 3 days/week, Annual trip",ShopSphere,Information Technology,Contract,Junior,Onsite,Hương Sơn,Thành phố Hà Nội,1000,1400,25,1357
Junior NoSQL Developer,"We are hiring a Junior NoSQL Developer to join our database engineering team in Hải Phòng. You will design, build, and operate scalable data platforms using Cloud Database. Our systems process billions of records and power core business operations.","- 1-2 năm kinh nghiệm với SQL và ít nhất một RDBMS (MySQL/PostgreSQL/Oracle).
- Hiểu biết về indexing, query optimization và transaction isolation.
- Quen thuộc với Git và quy trình phát triển phần mềm.
- Khả năng đọc hiểu tài liệu tiếng Anh.","- Thiết kế, phát triển và vận hành các giải pháp dữ liệu sử dụng Cloud Database.
- Tối ưu hiệu năng truy vấn, indexing và partitioning cho hệ thống production.
- Phối hợp với team backend/frontend để đảm bảo data layer ổn định.
- Xây dựng tooling, automation và quy trình backup/recovery.
- Tham gia on-call rotation, xử lý sự cố liên quan đến database.
- Viết tài liệu kỹ thuật, mentor thành viên mới trong team.
- Nghiên cứu và đánh giá công nghệ mới phục vụ nhu cầu kinh doanh.
- Đảm bảo tuân thủ security, data governance và privacy regulations.","Hybrid working, 14 days annual leave, Free snacks & coffee",NextGen Software,Information Technology,Full-time,Junior,Onsite,Thành Đông,Thành phố Hải Phòng,1000,1500,41,171
Lead Data Engineer - Hybrid,"MediTech Global mở rộng team database và cần một Lead Data Engineer - Hybrid giàu kinh nghiệm về Oracle. Bạn sẽ đóng vai trò chủ chốt trong việc thiết kế schema, tối ưu truy vấn và đảm bảo độ tin cậy của các hệ thống dữ liệu quan trọng.","- 7+ năm kinh nghiệm, trong đó có ít nhất 2 năm ở vị trí lead.
- Chuyên sâu Oracle và hệ sinh thái xung quanh.
- Kinh nghiệm thiết kế kiến trúc dữ liệu cho hệ thống scale lớn.
- Khả năng lãnh đạo team 4-6 người, làm việc với stakeholders.","- Thiết kế, phát triển và vận hành các giải pháp dữ liệu sử dụng Oracle.
- Tối ưu hiệu năng truy vấn, indexing và partitioning cho hệ thống production.
- Phối hợp với team backend/frontend để đảm bảo data layer ổn định.
- Xây dựng tooling, automation và quy trình backup/recovery.
- Tham gia on-call rotation, xử lý sự cố liên quan đến database.
- Viết tài liệu kỹ thuật, mentor thành viên mới trong team.
- Nghiên cứu và đánh giá công nghệ mới phục vụ nhu cầu kinh doanh.
- Đảm bảo tuân thủ security, data governance và privacy regulations.","Premium health insurance, English class, Book allowance",MediTech Global,Information Technology,Full-time,Lead,Onsite,Thành Đông,Thành phố Hải Phòng,3800,5400,80,661
Senior NoSQL Engineer,"Join NextGen Software as a Senior NoSQL Engineer working on Database DevOps-based platforms. You will collaborate with backend, data and DevOps teams to deliver high-performance data infrastructure serving customers across Vietnam and SEA.","- 5+ năm kinh nghiệm database engineering với Database DevOps.
- Chuyên sâu về Flyway/Liquibase, CI/CD, containerized DBs, monitoring.
- Kinh nghiệm thiết kế hệ thống high-availability và disaster recovery.
- Khả năng review code, đào tạo và dẫn dắt kỹ thuật cho team.
- Tiếng Anh giao tiếp tốt là một lợi thế.","- Thiết kế, phát triển và vận hành các giải pháp dữ liệu sử dụng Database DevOps.
- Tối ưu hiệu năng truy vấn, indexing và partitioning cho hệ thống production.
- Phối hợp với team backend/frontend để đảm bảo data layer ổn định.
- Xây dựng tooling, automation và quy trình backup/recovery.
- Tham gia on-call rotation, xử lý sự cố liên quan đến database.
- Viết tài liệu kỹ thuật, mentor thành viên mới trong team.
- Nghiên cứu và đánh giá công nghệ mới phục vụ nhu cầu kinh doanh.
- Đảm bảo tuân thủ security, data governance và privacy regulations.","Hybrid working, 14 days annual leave, Free snacks & coffee",NextGen Software,Information Technology,Full-time,Senior,Remote,Tân Hưng,Thành phố Hải Phòng,3000,3600,24,1146
Junior Database Administrator,"NextGen Software is looking for a Junior Database Administrator based in Hải Phòng to strengthen our data platform. You will work on MySQL, focusing on schema design, performance tuning, backup/recovery, replication for production-grade systems.","- 1-2 năm kinh nghiệm với SQL và ít nhất một RDBMS (MySQL/PostgreSQL/Oracle).
- Hiểu biết về indexing, query optimization và transaction isolation.
- Quen thuộc với Git và quy trình phát triển phần mềm.
- Khả năng đọc hiểu tài liệu tiếng Anh.","- Thiết kế, phát triển và vận hành các giải pháp dữ liệu sử dụng MySQL.
- Tối ưu hiệu năng truy vấn, indexing và partitioning cho hệ thống production.
- Phối hợp với team backend/frontend để đảm bảo data layer ổn định.
- Xây dựng tooling, automation và quy trình backup/recovery.
- Tham gia on-call rotation, xử lý sự cố liên quan đến database.
- Viết tài liệu kỹ thuật, mentor thành viên mới trong team.
- Nghiên cứu và đánh giá công nghệ mới phục vụ nhu cầu kinh doanh.
- Đảm bảo tuân thủ security, data governance và privacy regulations.","Performance review 2x/year, Clear career path, International projects",NextGen Software,Information Technology,Full-time,Junior,Remote,Chu Văn An,Thành phố Hải Phòng,800,1400,39,730
Senior Database Engineer,"MediTech Global đang tìm kiếm một Senior Database Engineer để gia nhập đội ngũ kỹ thuật tại Hải Phòng. Bạn sẽ làm việc với MongoDB và các công nghệ liên quan để xây dựng, vận hành và tối ưu các hệ thống dữ liệu phục vụ hàng triệu người dùng tại Việt Nam.","- 5+ năm kinh nghiệm database engineering với MongoDB.
- Chuyên sâu về sharding, replica sets, aggregation framework, schema design.
- Kinh nghiệm thiết kế hệ thống high-availability và disaster recovery.
- Khả năng review code, đào tạo và dẫn dắt kỹ thuật cho team.
- Tiếng Anh giao tiếp tốt là một lợi thế.","- Thiết kế, phát triển và vận hành các giải pháp dữ liệu sử dụng MongoDB.
- Tối ưu hiệu năng truy vấn, indexing và partitioning cho hệ thống production.
- Phối hợp với team backend/frontend để đảm bảo data layer ổn định.
- Xây dựng tooling, automation và quy trình backup/recovery.
- Tham gia on-call rotation, xử lý sự cố liên quan đến database.
- Viết tài liệu kỹ thuật, mentor thành viên mới trong team.
- Nghiên cứu và đánh giá công nghệ mới phục vụ nhu cầu kinh doanh.
- Đảm bảo tuân thủ security, data governance và privacy regulations.","Laptop & gear provided, Training budget 5M/year, Conference sponsorship",MediTech Global,Information Technology,Full-time,Senior,Remote,Chu Văn An,Thành phố Hải Phòng,2600,3700,12,143
Lập trình viên Database (Junior),"MediTech Global is looking for a Lập trình viên Database (Junior) based in Hải Phòng to strengthen our data platform. You will work on Database DevOps, focusing on Flyway/Liquibase, CI/CD, containerized DBs, monitoring for production-grade systems.","- 1-2 năm kinh nghiệm với SQL và ít nhất một RDBMS (MySQL/PostgreSQL/Oracle).
- Hiểu biết về indexing, query optimization và transaction isolation.
- Quen thuộc với Git và quy trình phát triển phần mềm.
- Khả năng đọc hiểu tài liệu tiếng Anh.","- Thiết kế, phát triển và vận hành các giải pháp dữ liệu sử dụng Database DevOps.
- Tối ưu hiệu năng truy vấn, indexing và partitioning cho hệ thống production.
- Phối hợp với team backend/frontend để đảm bảo data layer ổn định.
- Xây dựng tooling, automation và quy trình backup/recovery.
- Tham gia on-call rotation, xử lý sự cố liên quan đến database.
- Viết tài liệu kỹ thuật, mentor thành viên mới trong team.
- Nghiên cứu và đánh giá công nghệ mới phục vụ nhu cầu kinh doanh.
- Đảm bảo tuân thủ security, data governance và privacy regulations.","Premium health insurance, English class, Book allowance",MediTech Global,Information Technology,Full-time,Junior,Remote,Trần Hưng Đạo,Thành phố Hải Phòng,900,1700,18,646
Staff Database Engineer,"Join EduSmart as a Staff Database Engineer working on Database DevOps-based platforms. You will collaborate with backend, data and DevOps teams to deliver high-performance data infrastructure serving customers across Vietnam and SEA.","- 10+ năm kinh nghiệm database/data engineering ở các hệ thống production quy mô lớn.
- Tầm nhìn kiến trúc và khả năng đưa ra quyết định công nghệ dài hạn.
- Kinh nghiệm làm việc với cloud data platforms (AWS/Azure/GCP).
- Đã từng thiết kế hệ thống phục vụ hàng trăm triệu records.","- Thiết kế, phát triển và vận hành các giải pháp dữ liệu sử dụng Database DevOps.
- Tối ưu hiệu năng truy vấn, indexing và partitioning cho hệ thống production.
- Phối hợp với team backend/frontend để đảm bảo data layer ổn định.
- Xây dựng tooling, automation và quy trình backup/recovery.
- Tham gia on-call rotation, xử lý sự cố liên quan đến database.
- Viết tài liệu kỹ thuật, mentor thành viên mới trong team.
- Nghiên cứu và đánh giá công nghệ mới phục vụ nhu cầu kinh doanh.
- Đảm bảo tuân thủ security, data governance và privacy regulations.","Performance bonus up to 3 months, Stock options, Premium healthcare",EduSmart,Information Technology,Remote,Principal,Onsite,Ái Quốc,Thành phố Hải Phòng,4700,6400,36,1375
Middle Data Engineer (Vietnam),"We are hiring a Middle Data Engineer (Vietnam) to join our database engineering team in Hải Phòng. You will design, build, and operate scalable data platforms using SQL Server. Our systems process billions of records and power core business operations.","- 3-4 năm kinh nghiệm làm việc thực tế với cơ sở dữ liệu quan hệ hoặc NoSQL.
- Thành thạo T-SQL, stored procedures, Always On, SSIS/SSRS.
- Có kinh nghiệm thiết kế schema, partitioning, replication.
- Kinh nghiệm monitoring và troubleshooting production databases.
- Khả năng làm việc độc lập và mentor junior members.","- Thiết kế, phát triển và vận hành các giải pháp dữ liệu sử dụng SQL Server.
- Tối ưu hiệu năng truy vấn, indexing và partitioning cho hệ thống production.
- Phối hợp với team backend/frontend để đảm bảo data layer ổn định.
- Xây dựng tooling, automation và quy trình backup/recovery.
- Tham gia on-call rotation, xử lý sự cố liên quan đến database.
- Viết tài liệu kỹ thuật, mentor thành viên mới trong team.
- Nghiên cứu và đánh giá công nghệ mới phục vụ nhu cầu kinh doanh.
- Đảm bảo tuân thủ security, data governance và privacy regulations.","Performance bonus up to 3 months, Stock options, Premium healthcare",EduSmart,Information Technology,Full-time,Middle,Remote,Ái Quốc,Thành phố Hải Phòng,1700,2700,10,1122
Middle Data Engineer,"ChainWorks đang tìm kiếm một Middle Data Engineer để gia nhập đội ngũ kỹ thuật tại Hải Phòng. Bạn sẽ làm việc với Database DevOps và các công nghệ liên quan để xây dựng, vận hành và tối ưu các hệ thống dữ liệu phục vụ hàng triệu người dùng tại Việt Nam.","- 3-4 năm kinh nghiệm làm việc thực tế với cơ sở dữ liệu quan hệ hoặc NoSQL.
- Thành thạo Flyway/Liquibase, CI/CD, containerized DBs, monitoring.
- Có kinh nghiệm thiết kế schema, partitioning, replication.
- Kinh nghiệm monitoring và troubleshooting production databases.
- Khả năng làm việc độc lập và mentor junior members.","- Thiết kế, phát triển và vận hành các giải pháp dữ liệu sử dụng Database DevOps.
- Tối ưu hiệu năng truy vấn, indexing và partitioning cho hệ thống production.
- Phối hợp với team backend/frontend để đảm bảo data layer ổn định.
- Xây dựng tooling, automation và quy trình backup/recovery.
- Tham gia on-call rotation, xử lý sự cố liên quan đến database.
- Viết tài liệu kỹ thuật, mentor thành viên mới trong team.
- Nghiên cứu và đánh giá công nghệ mới phục vụ nhu cầu kinh doanh.
- Đảm bảo tuân thủ security, data governance và privacy regulations.","Flexible working hours, WFH 3 days/week, Annual trip",ChainWorks,Information Technology,Full-time,Middle,Onsite,Ái Quốc,Thành phố Hải Phòng,2000,2500,4,1191
Junior MySQL Developer,"Join ShopSphere as a Junior MySQL Developer working on Redis-based platforms. You will collaborate with backend, data and DevOps teams to deliver high-performance data infrastructure serving customers across Vietnam and SEA.","- 1-2 năm kinh nghiệm với SQL và ít nhất một RDBMS (MySQL/PostgreSQL/Oracle).
- Hiểu biết về indexing, query optimization và transaction isolation.
- Quen thuộc với Git và quy trình phát triển phần mềm.
- Khả năng đọc hiểu tài liệu tiếng Anh.","- Thiết kế, phát triển và vận hành các giải pháp dữ liệu sử dụng Redis.
- Tối ưu hiệu năng truy vấn, indexing và partitioning cho hệ thống production.
- Phối hợp với team backend/frontend để đảm bảo data layer ổn định.
- Xây dựng tooling, automation và quy trình backup/recovery.
- Tham gia on-call rotation, xử lý sự cố liên quan đến database.
- Viết tài liệu kỹ thuật, mentor thành viên mới trong team.
- Nghiên cứu và đánh giá công nghệ mới phục vụ nhu cầu kinh doanh.
- Đảm bảo tuân thủ security, data governance và privacy regulations.","Performance bonus up to 3 months, Stock options, Premium healthcare",ShopSphere,Information Technology,Full-time,Junior,Onsite,Kinh Môn,Thành phố Hải Phòng,900,1400,27,963
Principal Database Engineer - Hybrid,"CodeBridge Solutions is looking for a Principal Database Engineer - Hybrid based in Hải Phòng to strengthen our data platform. You will work on Database DevOps, focusing on Flyway/Liquibase, CI/CD, containerized DBs, monitoring for production-grade systems.","- 10+ năm kinh nghiệm database/data engineering ở các hệ thống production quy mô lớn.
- Tầm nhìn kiến trúc và khả năng đưa ra quyết định công nghệ dài hạn.
- Kinh nghiệm làm việc với cloud data platforms (AWS/Azure/GCP).
- Đã từng thiết kế hệ thống phục vụ hàng trăm triệu records.","- Thiết kế, phát triển và vận hành các giải pháp dữ liệu sử dụng Database DevOps.
- Tối ưu hiệu năng truy vấn, indexing và partitioning cho hệ thống production.
- Phối hợp với team backend/frontend để đảm bảo data layer ổn định.
- Xây dựng tooling, automation và quy trình backup/recovery.
- Tham gia on-call rotation, xử lý sự cố liên quan đến database.
- Viết tài liệu kỹ thuật, mentor thành viên mới trong team.
- Nghiên cứu và đánh giá công nghệ mới phục vụ nhu cầu kinh doanh.
- Đảm bảo tuân thủ security, data governance và privacy regulations.","Performance bonus up to 3 months, Stock options, Premium healthcare",CodeBridge Solutions,Information Technology,Full-time,Principal,Remote,Bắc An Phụ,Thành phố Hải Phòng,4700,6800,37,911
Middle NoSQL Engineer,"CodeBridge Solutions mở rộng team database và cần một Middle NoSQL Engineer giàu kinh nghiệm về Oracle. Bạn sẽ đóng vai trò chủ chốt trong việc thiết kế schema, tối ưu truy vấn và đảm bảo độ tin cậy của các hệ thống dữ liệu quan trọng.","- 3-4 năm kinh nghiệm làm việc thực tế với cơ sở dữ liệu quan hệ hoặc NoSQL.
- Thành thạo PL/SQL, RAC, Data Guard, performance tuning, RMAN.
- Có kinh nghiệm thiết kế schema, partitioning, replication.
- Kinh nghiệm monitoring và troubleshooting production databases.
- Khả năng làm việc độc lập và mentor junior members.","- Thiết kế, phát triển và vận hành các giải pháp dữ liệu sử dụng Oracle.
- Tối ưu hiệu năng truy vấn, indexing và partitioning cho hệ thống production.
- Phối hợp với team backend/frontend để đảm bảo data layer ổn định.
- Xây dựng tooling, automation và quy trình backup/recovery.
- Tham gia on-call rotation, xử lý sự cố liên quan đến database.
- Viết tài liệu kỹ thuật, mentor thành viên mới trong team.
- Nghiên cứu và đánh giá công nghệ mới phục vụ nhu cầu kinh doanh.
- Đảm bảo tuân thủ security, data governance và privacy regulations.","Health insurance for family, Annual health check, Team building budget",CodeBridge Solutions,Information Technology,Full-time,Middle,Onsite,Phạm Sư Mạnh,Thành phố Hải Phòng,2000,2100,23,1148
Director of Database Engineering,"VietConnect Telecom đang tìm kiếm một Director of Database Engineering để gia nhập đội ngũ kỹ thuật tại Hải Phòng. Bạn sẽ làm việc với Oracle và các công nghệ liên quan để xây dựng, vận hành và tối ưu các hệ thống dữ liệu phục vụ hàng triệu người dùng tại Việt Nam.","- 15+ năm kinh nghiệm, trong đó 7+ năm ở vị trí director/head.
- Định hướng chiến lược dữ liệu cho toàn bộ tổ chức.
- Kinh nghiệm làm việc với C-level, xây dựng data-driven culture.
- Hiểu biết sâu về data mesh, data fabric và modern data stack.","- Thiết kế, phát triển và vận hành các giải pháp dữ liệu sử dụng Oracle.
- Tối ưu hiệu năng truy vấn, indexing và partitioning cho hệ thống production.
- Phối hợp với team backend/frontend để đảm bảo data layer ổn định.
- Xây dựng tooling, automation và quy trình backup/recovery.
- Tham gia on-call rotation, xử lý sự cố liên quan đến database.
- Viết tài liệu kỹ thuật, mentor thành viên mới trong team.
- Nghiên cứu và đánh giá công nghệ mới phục vụ nhu cầu kinh doanh.
- Đảm bảo tuân thủ security, data governance và privacy regulations.","13th month salary, Health insurance, Annual leave 12+ days",VietConnect Telecom,Information Technology,Full-time,Director,Onsite,Phạm Sư Mạnh,Thành phố Hải Phòng,6700,9100,46,1304
Middle ETL Developer,"ShopSphere đang tìm kiếm một Middle ETL Developer để gia nhập đội ngũ kỹ thuật tại Hải Phòng. Bạn sẽ làm việc với Cloud Database và các công nghệ liên quan để xây dựng, vận hành và tối ưu các hệ thống dữ liệu phục vụ hàng triệu người dùng tại Việt Nam.","- 3-4 năm kinh nghiệm làm việc thực tế với cơ sở dữ liệu quan hệ hoặc NoSQL.
- Thành thạo AWS RDS/Aurora, Azure SQL, GCP Cloud SQL, IaC.
- Có kinh nghiệm thiết kế schema, partitioning, replication.
- Kinh nghiệm monitoring và troubleshooting production databases.
- Khả năng làm việc độc lập và mentor junior members.","- Thiết kế, phát triển và vận hành các giải pháp dữ liệu sử dụng Cloud Database.
- Tối ưu hiệu năng truy vấn, indexing và partitioning cho hệ thống production.
- Phối hợp với team backend/frontend để đảm bảo data layer ổn định.
- Xây dựng tooling, automation và quy trình backup/recovery.
- Tham gia on-call rotation, xử lý sự cố liên quan đến database.
- Viết tài liệu kỹ thuật, mentor thành viên mới trong team.
- Nghiên cứu và đánh giá công nghệ mới phục vụ nhu cầu kinh doanh.
- Đảm bảo tuân thủ security, data governance và privacy regulations.","Health insurance for family, Annual health check, Team building budget",ShopSphere,Information Technology,Full-time,Middle,Remote,Trần Liễu,Thành phố Hải Phòng,1900,2500,77,208
Senior MySQL DBA,"MediTech Global đang tìm kiếm một Senior MySQL DBA để gia nhập đội ngũ kỹ thuật tại Hải Phòng. Bạn sẽ làm việc với PostgreSQL và các công nghệ liên quan để xây dựng, vận hành và tối ưu các hệ thống dữ liệu phục vụ hàng triệu người dùng tại Việt Nam.","- 5+ năm kinh nghiệm database engineering với PostgreSQL.
- Chuyên sâu về advanced SQL, indexing, query optimization, replication, partitioning.
- Kinh nghiệm thiết kế hệ thống high-availability và disaster recovery.
- Khả năng review code, đào tạo và dẫn dắt kỹ thuật cho team.
- Tiếng Anh giao tiếp tốt là một lợi thế.","- Thiết kế, phát triển và vận hành các giải pháp dữ liệu sử dụng PostgreSQL.
- Tối ưu hiệu năng truy vấn, indexing và partitioning cho hệ thống production.
- Phối hợp với team backend/frontend để đảm bảo data layer ổn định.
- Xây dựng tooling, automation và quy trình backup/recovery.
- Tham gia on-call rotation, xử lý sự cố liên quan đến database.
- Viết tài liệu kỹ thuật, mentor thành viên mới trong team.
- Nghiên cứu và đánh giá công nghệ mới phục vụ nhu cầu kinh doanh.
- Đảm bảo tuân thủ security, data governance và privacy regulations.","Health insurance for family, Annual health check, Team building budget",MediTech Global,Information Technology,Full-time,Senior,Remote,Trần Liễu,Thành phố Hải Phòng,2900,4100,35,917
"Backend Developer (Database, Middle)","ChainWorks mở rộng team database và cần một Backend Developer (Database, Middle) giàu kinh nghiệm về MySQL. Bạn sẽ đóng vai trò chủ chốt trong việc thiết kế schema, tối ưu truy vấn và đảm bảo độ tin cậy của các hệ thống dữ liệu quan trọng.","- 3-4 năm kinh nghiệm làm việc thực tế với cơ sở dữ liệu quan hệ hoặc NoSQL.
- Thành thạo schema design, performance tuning, backup/recovery, replication.
- Có kinh nghiệm thiết kế schema, partitioning, replication.
- Kinh nghiệm monitoring và troubleshooting production databases.
- Khả năng làm việc độc lập và mentor junior members.","- Thiết kế, phát triển và vận hành các giải pháp dữ liệu sử dụng MySQL.
- Tối ưu hiệu năng truy vấn, indexing và partitioning cho hệ thống production.
- Phối hợp với team backend/frontend để đảm bảo data layer ổn định.
- Xây dựng tooling, automation và quy trình backup/recovery.
- Tham gia on-call rotation, xử lý sự cố liên quan đến database.
- Viết tài liệu kỹ thuật, mentor thành viên mới trong team.
- Nghiên cứu và đánh giá công nghệ mới phục vụ nhu cầu kinh doanh.
- Đảm bảo tuân thủ security, data governance và privacy regulations.","Performance review 2x/year, Clear career path, International projects",ChainWorks,Information Technology,Contract,Middle,Onsite,Hồng Bàng,Thành phố Hải Phòng,2000,3000,67,771
Senior Database Developer,"We are hiring a Senior Database Developer to join our database engineering team in Hải Phòng. You will design, build, and operate scalable data platforms using Redis. Our systems process billions of records and power core business operations.","- 5+ năm kinh nghiệm database engineering với Redis.
- Chuyên sâu về cluster, persistence, pub/sub, caching strategies.
- Kinh nghiệm thiết kế hệ thống high-availability và disaster recovery.
- Khả năng review code, đào tạo và dẫn dắt kỹ thuật cho team.
- Tiếng Anh giao tiếp tốt là một lợi thế.","- Thiết kế, phát triển và vận hành các giải pháp dữ liệu sử dụng Redis.
- Tối ưu hiệu năng truy vấn, indexing và partitioning cho hệ thống production.
- Phối hợp với team backend/frontend để đảm bảo data layer ổn định.
- Xây dựng tooling, automation và quy trình backup/recovery.
- Tham gia on-call rotation, xử lý sự cố liên quan đến database.
- Viết tài liệu kỹ thuật, mentor thành viên mới trong team.
- Nghiên cứu và đánh giá công nghệ mới phục vụ nhu cầu kinh doanh.
- Đảm bảo tuân thủ security, data governance và privacy regulations.","Premium health insurance, English class, Book allowance",MediTech Global,Information Technology,Remote,Senior,Onsite,Hồng Bàng,Thành phố Hải Phòng,2700,4500,24,354
Head of Database,"ChainWorks đang tìm kiếm một Head of Database để gia nhập đội ngũ kỹ thuật tại Hải Phòng. Bạn sẽ làm việc với MySQL và các công nghệ liên quan để xây dựng, vận hành và tối ưu các hệ thống dữ liệu phục vụ hàng triệu người dùng tại Việt Nam.","- 15+ năm kinh nghiệm, trong đó 7+ năm ở vị trí director/head.
- Định hướng chiến lược dữ liệu cho toàn bộ tổ chức.
- Kinh nghiệm làm việc với C-level, xây dựng data-driven culture.
- Hiểu biết sâu về data mesh, data fabric và modern data stack.","- Thiết kế, phát triển và vận hành các giải pháp dữ liệu sử dụng MySQL.
- Tối ưu hiệu năng truy vấn, indexing và partitioning cho hệ thống production.
- Phối hợp với team backend/frontend để đảm bảo data layer ổn định.
- Xây dựng tooling, automation và quy trình backup/recovery.
- Tham gia on-call rotation, xử lý sự cố liên quan đến database.
- Viết tài liệu kỹ thuật, mentor thành viên mới trong team.
- Nghiên cứu và đánh giá công nghệ mới phục vụ nhu cầu kinh doanh.
- Đảm bảo tuân thủ security, data governance và privacy regulations.","Hybrid working, 14 days annual leave, Free snacks & coffee",ChainWorks,Information Technology,Remote,Director,Remote,Hồng Bàng,Thành phố Hải Phòng,6700,9800,18,550
"Backend Developer (Database, Middle)","CodeBridge Solutions đang tìm kiếm một Backend Developer (Database, Middle) để gia nhập đội ngũ kỹ thuật tại Hải Phòng. Bạn sẽ làm việc với Redis và các công nghệ liên quan để xây dựng, vận hành và tối ưu các hệ thống dữ liệu phục vụ hàng triệu người dùng tại Việt Nam.","- 3-4 năm kinh nghiệm làm việc thực tế với cơ sở dữ liệu quan hệ hoặc NoSQL.
- Thành thạo cluster, persistence, pub/sub, caching strategies.
- Có kinh nghiệm thiết kế schema, partitioning, replication.
- Kinh nghiệm monitoring và troubleshooting production databases.
- Khả năng làm việc độc lập và mentor junior members.","- Thiết kế, phát triển và vận hành các giải pháp dữ liệu sử dụng Redis.
- Tối ưu hiệu năng truy vấn, indexing và partitioning cho hệ thống production.
- Phối hợp với team backend/frontend để đảm bảo data layer ổn định.
- Xây dựng tooling, automation và quy trình backup/recovery.
- Tham gia on-call rotation, xử lý sự cố liên quan đến database.
- Viết tài liệu kỹ thuật, mentor thành viên mới trong team.
- Nghiên cứu và đánh giá công nghệ mới phục vụ nhu cầu kinh doanh.
- Đảm bảo tuân thủ security, data governance và privacy regulations.","Performance bonus up to 3 months, Stock options, Premium healthcare",CodeBridge Solutions,Information Technology,Hybrid,Middle,Remote,Ngô Quyền,Thành phố Hải Phòng,2000,2800,28,90
Principal DBA,"CodeBridge Solutions đang tìm kiếm một Principal DBA để gia nhập đội ngũ kỹ thuật tại Hải Phòng. Bạn sẽ làm việc với Data Warehouse và các công nghệ liên quan để xây dựng, vận hành và tối ưu các hệ thống dữ liệu phục vụ hàng triệu người dùng tại Việt Nam.","- 10+ năm kinh nghiệm database/data engineering ở các hệ thống production quy mô lớn.
- Tầm nhìn kiến trúc và khả năng đưa ra quyết định công nghệ dài hạn.
- Kinh nghiệm làm việc với cloud data platforms (AWS/Azure/GCP).
- Đã từng thiết kế hệ thống phục vụ hàng trăm triệu records.","- Thiết kế, phát triển và vận hành các giải pháp dữ liệu sử dụng Data Warehouse.
- Tối ưu hiệu năng truy vấn, indexing và partitioning cho hệ thống production.
- Phối hợp với team backend/frontend để đảm bảo data layer ổn định.
- Xây dựng tooling, automation và quy trình backup/recovery.
- Tham gia on-call rotation, xử lý sự cố liên quan đến database.
- Viết tài liệu kỹ thuật, mentor thành viên mới trong team.
- Nghiên cứu và đánh giá công nghệ mới phục vụ nhu cầu kinh doanh.
- Đảm bảo tuân thủ security, data governance và privacy regulations.","Hybrid working, 14 days annual leave, Free snacks & coffee",CodeBridge Solutions,Information Technology,Remote,Principal,Remote,Ngô Quyền,Thành phố Hải Phòng,4600,6900,58,138
Manager - Database Operations,"We are hiring a Manager - Database Operations to join our database engineering team in Hải Phòng. You will design, build, and operate scalable data platforms using Redis. Our systems process billions of records and power core business operations.","- 12+ năm kinh nghiệm CNTT, trong đó 5+ năm quản lý team data/database.
- Kinh nghiệm xây dựng và vận hành data platform ở quy mô enterprise.
- Kỹ năng quản lý stakeholder, ngân sách và lộ trình kỹ thuật.
- Tư duy chiến lược về data governance, security và compliance.","- Thiết kế, phát triển và vận hành các giải pháp dữ liệu sử dụng Redis.
- Tối ưu hiệu năng truy vấn, indexing và partitioning cho hệ thống production.
- Phối hợp với team backend/frontend để đảm bảo data layer ổn định.
- Xây dựng tooling, automation và quy trình backup/recovery.
- Tham gia on-call rotation, xử lý sự cố liên quan đến database.
- Viết tài liệu kỹ thuật, mentor thành viên mới trong team.
- Nghiên cứu và đánh giá công nghệ mới phục vụ nhu cầu kinh doanh.
- Đảm bảo tuân thủ security, data governance và privacy regulations.","Performance bonus up to 3 months, Stock options, Premium healthcare",CodeBridge Solutions,Information Technology,Remote,Manager,Remote,An Biên,Thành phố Hải Phòng,4400,6400,25,819
Principal Data Engineer - Hybrid,"Join ChainWorks as a Principal Data Engineer - Hybrid working on Data Warehouse-based platforms. You will collaborate with backend, data and DevOps teams to deliver high-performance data infrastructure serving customers across Vietnam and SEA.","- 10+ năm kinh nghiệm database/data engineering ở các hệ thống production quy mô lớn.
- Tầm nhìn kiến trúc và khả năng đưa ra quyết định công nghệ dài hạn.
- Kinh nghiệm làm việc với cloud data platforms (AWS/Azure/GCP).
- Đã từng thiết kế hệ thống phục vụ hàng trăm triệu records.","- Thiết kế, phát triển và vận hành các giải pháp dữ liệu sử dụng Data Warehouse.
- Tối ưu hiệu năng truy vấn, indexing và partitioning cho hệ thống production.
- Phối hợp với team backend/frontend để đảm bảo data layer ổn định.
- Xây dựng tooling, automation và quy trình backup/recovery.
- Tham gia on-call rotation, xử lý sự cố liên quan đến database.
- Viết tài liệu kỹ thuật, mentor thành viên mới trong team.
- Nghiên cứu và đánh giá công nghệ mới phục vụ nhu cầu kinh doanh.
- Đảm bảo tuân thủ security, data governance và privacy regulations.","13th month salary, Health insurance, Annual leave 12+ days",ChainWorks,Information Technology,Remote,Principal,Onsite,Đông Hải,Thành phố Hải Phòng,4700,6800,17,1339
Middle ETL Developer,"ShopSphere mở rộng team database và cần một Middle ETL Developer giàu kinh nghiệm về Database DevOps. Bạn sẽ đóng vai trò chủ chốt trong việc thiết kế schema, tối ưu truy vấn và đảm bảo độ tin cậy của các hệ thống dữ liệu quan trọng.","- 3-4 năm kinh nghiệm làm việc thực tế với cơ sở dữ liệu quan hệ hoặc NoSQL.
- Thành thạo Flyway/Liquibase, CI/CD, containerized DBs, monitoring.
- Có kinh nghiệm thiết kế schema, partitioning, replication.
- Kinh nghiệm monitoring và troubleshooting production databases.
- Khả năng làm việc độc lập và mentor junior members.","- Thiết kế, phát triển và vận hành các giải pháp dữ liệu sử dụng Database DevOps.
- Tối ưu hiệu năng truy vấn, indexing và partitioning cho hệ thống production.
- Phối hợp với team backend/frontend để đảm bảo data layer ổn định.
- Xây dựng tooling, automation và quy trình backup/recovery.
- Tham gia on-call rotation, xử lý sự cố liên quan đến database.
- Viết tài liệu kỹ thuật, mentor thành viên mới trong team.
- Nghiên cứu và đánh giá công nghệ mới phục vụ nhu cầu kinh doanh.
- Đảm bảo tuân thủ security, data governance và privacy regulations.","Flexible working hours, WFH 3 days/week, Annual trip",ShopSphere,Information Technology,Full-time,Middle,Onsite,Hải An,Thành phố Hải Phòng,1900,2500,27,705
Database Manager,"VietConnect Telecom mở rộng team database và cần một Database Manager giàu kinh nghiệm về MongoDB. Bạn sẽ đóng vai trò chủ chốt trong việc thiết kế schema, tối ưu truy vấn và đảm bảo độ tin cậy của các hệ thống dữ liệu quan trọng.","- 12+ năm kinh nghiệm CNTT, trong đó 5+ năm quản lý team data/database.
- Kinh nghiệm xây dựng và vận hành data platform ở quy mô enterprise.
- Kỹ năng quản lý stakeholder, ngân sách và lộ trình kỹ thuật.
- Tư duy chiến lược về data governance, security và compliance.","- Thiết kế, phát triển và vận hành các giải pháp dữ liệu sử dụng MongoDB.
- Tối ưu hiệu năng truy vấn, indexing và partitioning cho hệ thống production.
- Phối hợp với team backend/frontend để đảm bảo data layer ổn định.
- Xây dựng tooling, automation và quy trình backup/recovery.
- Tham gia on-call rotation, xử lý sự cố liên quan đến database.
- Viết tài liệu kỹ thuật, mentor thành viên mới trong team.
- Nghiên cứu và đánh giá công nghệ mới phục vụ nhu cầu kinh doanh.
- Đảm bảo tuân thủ security, data governance và privacy regulations.","Flexible working hours, WFH 3 days/week, Annual trip",VietConnect Telecom,Information Technology,Full-time,Manager,Remote,Bạch Đằng,Thành phố Hải Phòng,4400,6200,61,1001
Senior Database Migration Specialist,"We are hiring a Senior Database Migration Specialist to join our database engineering team in Hải Phòng. You will design, build, and operate scalable data platforms using PostgreSQL. Our systems process billions of records and power core business operations.","- 5+ năm kinh nghiệm database engineering với PostgreSQL.
- Chuyên sâu về advanced SQL, indexing, query optimization, replication, partitioning.
- Kinh nghiệm thiết kế hệ thống high-availability và disaster recovery.
- Khả năng review code, đào tạo và dẫn dắt kỹ thuật cho team.
- Tiếng Anh giao tiếp tốt là một lợi thế.","- Thiết kế, phát triển và vận hành các giải pháp dữ liệu sử dụng PostgreSQL.
- Tối ưu hiệu năng truy vấn, indexing và partitioning cho hệ thống production.
- Phối hợp với team backend/frontend để đảm bảo data layer ổn định.
- Xây dựng tooling, automation và quy trình backup/recovery.
- Tham gia on-call rotation, xử lý sự cố liên quan đến database.
- Viết tài liệu kỹ thuật, mentor thành viên mới trong team.
- Nghiên cứu và đánh giá công nghệ mới phục vụ nhu cầu kinh doanh.
- Đảm bảo tuân thủ security, data governance và privacy regulations.","Laptop & gear provided, Training budget 5M/year, Conference sponsorship",CodeBridge Solutions,Information Technology,Full-time,Senior,Onsite,Lưu Kiếm,Thành phố Hải Phòng,2700,4400,52,119
Senior PostgreSQL DBA,"Join ShopSphere as a Senior PostgreSQL DBA working on MongoDB-based platforms. You will collaborate with backend, data and DevOps teams to deliver high-performance data infrastructure serving customers across Vietnam and SEA.","- 5+ năm kinh nghiệm database engineering với MongoDB.
- Chuyên sâu về sharding, replica sets, aggregation framework, schema design.
- Kinh nghiệm thiết kế hệ thống high-availability và disaster recovery.
- Khả năng review code, đào tạo và dẫn dắt kỹ thuật cho team.
- Tiếng Anh giao tiếp tốt là một lợi thế.","- Thiết kế, phát triển và vận hành các giải pháp dữ liệu sử dụng MongoDB.
- Tối ưu hiệu năng truy vấn, indexing và partitioning cho hệ thống production.
- Phối hợp với team backend/frontend để đảm bảo data layer ổn định.
- Xây dựng tooling, automation và quy trình backup/recovery.
- Tham gia on-call rotation, xử lý sự cố liên quan đến database.
- Viết tài liệu kỹ thuật, mentor thành viên mới trong team.
- Nghiên cứu và đánh giá công nghệ mới phục vụ nhu cầu kinh doanh.
- Đảm bảo tuân thủ security, data governance và privacy regulations.","Laptop & gear provided, Training budget 5M/year, Conference sponsorship",ShopSphere,Information Technology,Contract,Senior,Onsite,Lưu Kiếm,Thành phố Hải Phòng,2900,4400,44,1253
Junior Database Administrator,"CodeBridge Solutions mở rộng team database và cần một Junior Database Administrator giàu kinh nghiệm về Database DevOps. Bạn sẽ đóng vai trò chủ chốt trong việc thiết kế schema, tối ưu truy vấn và đảm bảo độ tin cậy của các hệ thống dữ liệu quan trọng.","- 1-2 năm kinh nghiệm với SQL và ít nhất một RDBMS (MySQL/PostgreSQL/Oracle).
- Hiểu biết về indexing, query optimization và transaction isolation.
- Quen thuộc với Git và quy trình phát triển phần mềm.
- Khả năng đọc hiểu tài liệu tiếng Anh.","- Thiết kế, phát triển và vận hành các giải pháp dữ liệu sử dụng Database DevOps.
- Tối ưu hiệu năng truy vấn, indexing và partitioning cho hệ thống production.
- Phối hợp với team backend/frontend để đảm bảo data layer ổn định.
- Xây dựng tooling, automation và quy trình backup/recovery.
- Tham gia on-call rotation, xử lý sự cố liên quan đến database.
- Viết tài liệu kỹ thuật, mentor thành viên mới trong team.
- Nghiên cứu và đánh giá công nghệ mới phục vụ nhu cầu kinh doanh.
- Đảm bảo tuân thủ security, data governance và privacy regulations.","13th month salary, Health insurance, Annual leave 12+ days",CodeBridge Solutions,Information Technology,Full-time,Junior,Remote,Hòa Bình,Thành phố Hải Phòng,1100,1500,13,627
Senior PostgreSQL DBA,"MediTech Global đang tìm kiếm một Senior PostgreSQL DBA để gia nhập đội ngũ kỹ thuật tại Hải Phòng. Bạn sẽ làm việc với SQL Server và các công nghệ liên quan để xây dựng, vận hành và tối ưu các hệ thống dữ liệu phục vụ hàng triệu người dùng tại Việt Nam.","- 5+ năm kinh nghiệm database engineering với SQL Server.
- Chuyên sâu về T-SQL, stored procedures, Always On, SSIS/SSRS.
- Kinh nghiệm thiết kế hệ thống high-availability và disaster recovery.
- Khả năng review code, đào tạo và dẫn dắt kỹ thuật cho team.
- Tiếng Anh giao tiếp tốt là một lợi thế.","- Thiết kế, phát triển và vận hành các giải pháp dữ liệu sử dụng SQL Server.
- Tối ưu hiệu năng truy vấn, indexing và partitioning cho hệ thống production.
- Phối hợp với team backend/frontend để đảm bảo data layer ổn định.
- Xây dựng tooling, automation và quy trình backup/recovery.
- Tham gia on-call rotation, xử lý sự cố liên quan đến database.
- Viết tài liệu kỹ thuật, mentor thành viên mới trong team.
- Nghiên cứu và đánh giá công nghệ mới phục vụ nhu cầu kinh doanh.
- Đảm bảo tuân thủ security, data governance và privacy regulations.","Premium health insurance, English class, Book allowance",MediTech Global,Information Technology,Full-time,Senior,Onsite,An Dương,Thành phố Hải Phòng,3000,4000,76,714
Principal Data Engineer,"Join CodeBridge Solutions as a Principal Data Engineer working on SQL Server-based platforms. You will collaborate with backend, data and DevOps teams to deliver high-performance data infrastructure serving customers across Vietnam and SEA.","- 10+ năm kinh nghiệm database/data engineering ở các hệ thống production quy mô lớn.
- Tầm nhìn kiến trúc và khả năng đưa ra quyết định công nghệ dài hạn.
- Kinh nghiệm làm việc với cloud data platforms (AWS/Azure/GCP).
- Đã từng thiết kế hệ thống phục vụ hàng trăm triệu records.","- Thiết kế, phát triển và vận hành các giải pháp dữ liệu sử dụng SQL Server.
- Tối ưu hiệu năng truy vấn, indexing và partitioning cho hệ thống production.
- Phối hợp với team backend/frontend để đảm bảo data layer ổn định.
- Xây dựng tooling, automation và quy trình backup/recovery.
- Tham gia on-call rotation, xử lý sự cố liên quan đến database.
- Viết tài liệu kỹ thuật, mentor thành viên mới trong team.
- Nghiên cứu và đánh giá công nghệ mới phục vụ nhu cầu kinh doanh.
- Đảm bảo tuân thủ security, data governance và privacy regulations.","Laptop & gear provided, Training budget 5M/year, Conference sponsorship",CodeBridge Solutions,Information Technology,Contract,Principal,Onsite,Dương Kinh,Thành phố Hải Phòng,4700,7000,73,1340
Lead Database Engineer,"VietConnect Telecom is looking for a Lead Database Engineer based in Hải Phòng to strengthen our data platform. You will work on SQL Server, focusing on T-SQL, stored procedures, Always On, SSIS/SSRS for production-grade systems.","- 7+ năm kinh nghiệm, trong đó có ít nhất 2 năm ở vị trí lead.
- Chuyên sâu SQL Server và hệ sinh thái xung quanh.
- Kinh nghiệm thiết kế kiến trúc dữ liệu cho hệ thống scale lớn.
- Khả năng lãnh đạo team 4-6 người, làm việc với stakeholders.","- Thiết kế, phát triển và vận hành các giải pháp dữ liệu sử dụng SQL Server.
- Tối ưu hiệu năng truy vấn, indexing và partitioning cho hệ thống production.
- Phối hợp với team backend/frontend để đảm bảo data layer ổn định.
- Xây dựng tooling, automation và quy trình backup/recovery.
- Tham gia on-call rotation, xử lý sự cố liên quan đến database.
- Viết tài liệu kỹ thuật, mentor thành viên mới trong team.
- Nghiên cứu và đánh giá công nghệ mới phục vụ nhu cầu kinh doanh.
- Đảm bảo tuân thủ security, data governance và privacy regulations.","Hybrid working, 14 days annual leave, Free snacks & coffee",VietConnect Telecom,Information Technology,Full-time,Lead,Onsite,Nam Đồ Sơn,Thành phố Hải Phòng,3700,5200,59,318
Database Team Lead,"EduSmart is looking for a Database Team Lead based in Hải Phòng to strengthen our data platform. You will work on Big Data, focusing on Spark, Hadoop, Kafka, Airflow, data lake architectures for production-grade systems.","- 7+ năm kinh nghiệm, trong đó có ít nhất 2 năm ở vị trí lead.
- Chuyên sâu Big Data và hệ sinh thái xung quanh.
- Kinh nghiệm thiết kế kiến trúc dữ liệu cho hệ thống scale lớn.
- Khả năng lãnh đạo team 4-6 người, làm việc với stakeholders.","- Thiết kế, phát triển và vận hành các giải pháp dữ liệu sử dụng Big Data.
- Tối ưu hiệu năng truy vấn, indexing và partitioning cho hệ thống production.
- Phối hợp với team backend/frontend để đảm bảo data layer ổn định.
- Xây dựng tooling, automation và quy trình backup/recovery.
- Tham gia on-call rotation, xử lý sự cố liên quan đến database.
- Viết tài liệu kỹ thuật, mentor thành viên mới trong team.
- Nghiên cứu và đánh giá công nghệ mới phục vụ nhu cầu kinh doanh.
- Đảm bảo tuân thủ security, data governance và privacy regulations.","13th month salary, Health insurance, Annual leave 12+ days",EduSmart,Information Technology,Contract,Lead,Onsite,Hợp Tiến,Thành phố Hải Phòng,3600,5100,56,1326
Manager - Database Operations,"Join NextGen Software as a Manager - Database Operations working on Cloud Database-based platforms. You will collaborate with backend, data and DevOps teams to deliver high-performance data infrastructure serving customers across Vietnam and SEA.","- 12+ năm kinh nghiệm CNTT, trong đó 5+ năm quản lý team data/database.
- Kinh nghiệm xây dựng và vận hành data platform ở quy mô enterprise.
- Kỹ năng quản lý stakeholder, ngân sách và lộ trình kỹ thuật.
- Tư duy chiến lược về data governance, security và compliance.","- Thiết kế, phát triển và vận hành các giải pháp dữ liệu sử dụng Cloud Database.
- Tối ưu hiệu năng truy vấn, indexing và partitioning cho hệ thống production.
- Phối hợp với team backend/frontend để đảm bảo data layer ổn định.
- Xây dựng tooling, automation và quy trình backup/recovery.
- Tham gia on-call rotation, xử lý sự cố liên quan đến database.
- Viết tài liệu kỹ thuật, mentor thành viên mới trong team.
- Nghiên cứu và đánh giá công nghệ mới phục vụ nhu cầu kinh doanh.
- Đảm bảo tuân thủ security, data governance và privacy regulations.","Health insurance for family, Annual health check, Team building budget",NextGen Software,Information Technology,Hybrid,Manager,Remote,Trần Phú,Thành phố Hải Phòng,4500,6200,75,1476
Junior Database Administrator,"VietConnect Telecom is looking for a Junior Database Administrator based in Hải Phòng to strengthen our data platform. You will work on Big Data, focusing on Spark, Hadoop, Kafka, Airflow, data lake architectures for production-grade systems.","- 1-2 năm kinh nghiệm với SQL và ít nhất một RDBMS (MySQL/PostgreSQL/Oracle).
- Hiểu biết về indexing, query optimization và transaction isolation.
- Quen thuộc với Git và quy trình phát triển phần mềm.
- Khả năng đọc hiểu tài liệu tiếng Anh.","- Thiết kế, phát triển và vận hành các giải pháp dữ liệu sử dụng Big Data.
- Tối ưu hiệu năng truy vấn, indexing và partitioning cho hệ thống production.
- Phối hợp với team backend/frontend để đảm bảo data layer ổn định.
- Xây dựng tooling, automation và quy trình backup/recovery.
- Tham gia on-call rotation, xử lý sự cố liên quan đến database.
- Viết tài liệu kỹ thuật, mentor thành viên mới trong team.
- Nghiên cứu và đánh giá công nghệ mới phục vụ nhu cầu kinh doanh.
- Đảm bảo tuân thủ security, data governance và privacy regulations.","Competitive salary, Project bonus, Long-service award",VietConnect Telecom,Information Technology,Full-time,Junior,Onsite,Trần Phú,Thành phố Hải Phòng,1100,1600,12,1052
Principal Data Engineer,"EduSmart mở rộng team database và cần một Principal Data Engineer giàu kinh nghiệm về Big Data. Bạn sẽ đóng vai trò chủ chốt trong việc thiết kế schema, tối ưu truy vấn và đảm bảo độ tin cậy của các hệ thống dữ liệu quan trọng.","- 10+ năm kinh nghiệm database/data engineering ở các hệ thống production quy mô lớn.
- Tầm nhìn kiến trúc và khả năng đưa ra quyết định công nghệ dài hạn.
- Kinh nghiệm làm việc với cloud data platforms (AWS/Azure/GCP).
- Đã từng thiết kế hệ thống phục vụ hàng trăm triệu records.","- Thiết kế, phát triển và vận hành các giải pháp dữ liệu sử dụng Big Data.
- Tối ưu hiệu năng truy vấn, indexing và partitioning cho hệ thống production.
- Phối hợp với team backend/frontend để đảm bảo data layer ổn định.
- Xây dựng tooling, automation và quy trình backup/recovery.
- Tham gia on-call rotation, xử lý sự cố liên quan đến database.
- Viết tài liệu kỹ thuật, mentor thành viên mới trong team.
- Nghiên cứu và đánh giá công nghệ mới phục vụ nhu cầu kinh doanh.
- Đảm bảo tuân thủ security, data governance và privacy regulations.","Health insurance for family, Annual health check, Team building budget",EduSmart,Information Technology,Full-time,Principal,Remote,Thái Tân,Thành phố Hải Phòng,4600,7000,37,662
"Backend Developer (Database, Middle)","ChainWorks is looking for a Backend Developer (Database, Middle) based in Hải Phòng to strengthen our data platform. You will work on SQL Server, focusing on T-SQL, stored procedures, Always On, SSIS/SSRS for production-grade systems.","- 3-4 năm kinh nghiệm làm việc thực tế với cơ sở dữ liệu quan hệ hoặc NoSQL.
- Thành thạo T-SQL, stored procedures, Always On, SSIS/SSRS.
- Có kinh nghiệm thiết kế schema, partitioning, replication.
- Kinh nghiệm monitoring và troubleshooting production databases.
- Khả năng làm việc độc lập và mentor junior members.","- Thiết kế, phát triển và vận hành các giải pháp dữ liệu sử dụng SQL Server.
- Tối ưu hiệu năng truy vấn, indexing và partitioning cho hệ thống production.
- Phối hợp với team backend/frontend để đảm bảo data layer ổn định.
- Xây dựng tooling, automation và quy trình backup/recovery.
- Tham gia on-call rotation, xử lý sự cố liên quan đến database.
- Viết tài liệu kỹ thuật, mentor thành viên mới trong team.
- Nghiên cứu và đánh giá công nghệ mới phục vụ nhu cầu kinh doanh.
- Đảm bảo tuân thủ security, data governance và privacy regulations.","Performance bonus up to 3 months, Stock options, Premium healthcare",ChainWorks,Information Technology,Full-time,Middle,Remote,An Phú,Thành phố Hải Phòng,1600,2500,49,1214
Database Team Lead,"ChainWorks mở rộng team database và cần một Database Team Lead giàu kinh nghiệm về Data Warehouse. Bạn sẽ đóng vai trò chủ chốt trong việc thiết kế schema, tối ưu truy vấn và đảm bảo độ tin cậy của các hệ thống dữ liệu quan trọng.","- 7+ năm kinh nghiệm, trong đó có ít nhất 2 năm ở vị trí lead.
- Chuyên sâu Data Warehouse và hệ sinh thái xung quanh.
- Kinh nghiệm thiết kế kiến trúc dữ liệu cho hệ thống scale lớn.
- Khả năng lãnh đạo team 4-6 người, làm việc với stakeholders.","- Thiết kế, phát triển và vận hành các giải pháp dữ liệu sử dụng Data Warehouse.
- Tối ưu hiệu năng truy vấn, indexing và partitioning cho hệ thống production.
- Phối hợp với team backend/frontend để đảm bảo data layer ổn định.
- Xây dựng tooling, automation và quy trình backup/recovery.
- Tham gia on-call rotation, xử lý sự cố liên quan đến database.
- Viết tài liệu kỹ thuật, mentor thành viên mới trong team.
- Nghiên cứu và đánh giá công nghệ mới phục vụ nhu cầu kinh doanh.
- Đảm bảo tuân thủ security, data governance và privacy regulations.","Performance review 2x/year, Clear career path, International projects",ChainWorks,Information Technology,Internship,Lead,Onsite,Nam An Phụ,Thành phố Hải Phòng,3500,4900,38,504
Staff Database Engineer (Vietnam),"Join ShopSphere as a Staff Database Engineer (Vietnam) working on Cloud Database-based platforms. You will collaborate with backend, data and DevOps teams to deliver high-performance data infrastructure serving customers across Vietnam and SEA.","- 10+ năm kinh nghiệm database/data engineering ở các hệ thống production quy mô lớn.
- Tầm nhìn kiến trúc và khả năng đưa ra quyết định công nghệ dài hạn.
- Kinh nghiệm làm việc với cloud data platforms (AWS/Azure/GCP).
- Đã từng thiết kế hệ thống phục vụ hàng trăm triệu records.","- Thiết kế, phát triển và vận hành các giải pháp dữ liệu sử dụng Cloud Database.
- Tối ưu hiệu năng truy vấn, indexing và partitioning cho hệ thống production.
- Phối hợp với team backend/frontend để đảm bảo data layer ổn định.
- Xây dựng tooling, automation và quy trình backup/recovery.
- Tham gia on-call rotation, xử lý sự cố liên quan đến database.
- Viết tài liệu kỹ thuật, mentor thành viên mới trong team.
- Nghiên cứu và đánh giá công nghệ mới phục vụ nhu cầu kinh doanh.
- Đảm bảo tuân thủ security, data governance và privacy regulations.","Competitive salary, Project bonus, Long-service award",ShopSphere,Information Technology,Full-time,Principal,Onsite,Nam An Phụ,Thành phố Hải Phòng,4600,6800,66,1305
Head of Database (Vietnam),"We are hiring a Head of Database (Vietnam) to join our database engineering team in Hải Phòng. You will design, build, and operate scalable data platforms using MongoDB. Our systems process billions of records and power core business operations.","- 15+ năm kinh nghiệm, trong đó 7+ năm ở vị trí director/head.
- Định hướng chiến lược dữ liệu cho toàn bộ tổ chức.
- Kinh nghiệm làm việc với C-level, xây dựng data-driven culture.
- Hiểu biết sâu về data mesh, data fabric và modern data stack.","- Thiết kế, phát triển và vận hành các giải pháp dữ liệu sử dụng MongoDB.
- Tối ưu hiệu năng truy vấn, indexing và partitioning cho hệ thống production.
- Phối hợp với team backend/frontend để đảm bảo data layer ổn định.
- Xây dựng tooling, automation và quy trình backup/recovery.
- Tham gia on-call rotation, xử lý sự cố liên quan đến database.
- Viết tài liệu kỹ thuật, mentor thành viên mới trong team.
- Nghiên cứu và đánh giá công nghệ mới phục vụ nhu cầu kinh doanh.
- Đảm bảo tuân thủ security, data governance và privacy regulations.","Flexible working hours, WFH 3 days/week, Annual trip",CodeBridge Solutions,Information Technology,Full-time,Director,Onsite,Lai Khê,Thành phố Hải Phòng,6900,9900,47,220
Senior Data Engineer (Vietnam),"Join FinCore Tech as a Senior Data Engineer (Vietnam) working on SQL Server-based platforms. You will collaborate with backend, data and DevOps teams to deliver high-performance data infrastructure serving customers across Vietnam and SEA.","- 5+ năm kinh nghiệm database engineering với SQL Server.
- Chuyên sâu về T-SQL, stored procedures, Always On, SSIS/SSRS.
- Kinh nghiệm thiết kế hệ thống high-availability và disaster recovery.
- Khả năng review code, đào tạo và dẫn dắt kỹ thuật cho team.
- Tiếng Anh giao tiếp tốt là một lợi thế.","- Thiết kế, phát triển và vận hành các giải pháp dữ liệu sử dụng SQL Server.
- Tối ưu hiệu năng truy vấn, indexing và partitioning cho hệ thống production.
- Phối hợp với team backend/frontend để đảm bảo data layer ổn định.
- Xây dựng tooling, automation và quy trình backup/recovery.
- Tham gia on-call rotation, xử lý sự cố liên quan đến database.
- Viết tài liệu kỹ thuật, mentor thành viên mới trong team.
- Nghiên cứu và đánh giá công nghệ mới phục vụ nhu cầu kinh doanh.
- Đảm bảo tuân thủ security, data governance và privacy regulations.","Hybrid working, 14 days annual leave, Free snacks & coffee",FinCore Tech,Information Technology,Full-time,Senior,Onsite,An Thành,Thành phố Hải Phòng,3000,3500,53,788
Database Administrator (Fresher),"Join FinCore Tech as a Database Administrator (Fresher) working on MySQL-based platforms. You will collaborate with backend, data and DevOps teams to deliver high-performance data infrastructure serving customers across Vietnam and SEA.","- Tốt nghiệp Đại học chuyên ngành CNTT hoặc tương đương.
- Hiểu biết cơ bản về SQL và một hệ quản trị cơ sở dữ liệu quan hệ.
- Tiếng Anh đọc hiểu tài liệu kỹ thuật.
- Tinh thần ham học hỏi, có khả năng làm việc nhóm.","- Thiết kế, phát triển và vận hành các giải pháp dữ liệu sử dụng MySQL.
- Tối ưu hiệu năng truy vấn, indexing và partitioning cho hệ thống production.
- Phối hợp với team backend/frontend để đảm bảo data layer ổn định.
- Xây dựng tooling, automation và quy trình backup/recovery.
- Tham gia on-call rotation, xử lý sự cố liên quan đến database.
- Viết tài liệu kỹ thuật, mentor thành viên mới trong team.
- Nghiên cứu và đánh giá công nghệ mới phục vụ nhu cầu kinh doanh.
- Đảm bảo tuân thủ security, data governance và privacy regulations.","Flexible working hours, WFH 3 days/week, Annual trip",FinCore Tech,Information Technology,Full-time,Fresher,Onsite,An Thành,Thành phố Hải Phòng,700,800,13,920
Middle SQL Developer,"We are hiring a Middle SQL Developer to join our database engineering team in Hải Phòng. You will design, build, and operate scalable data platforms using Data Warehouse. Our systems process billions of records and power core business operations.","- 3-4 năm kinh nghiệm làm việc thực tế với cơ sở dữ liệu quan hệ hoặc NoSQL.
- Thành thạo dimensional modeling, ETL/ELT, dbt, Snowflake/BigQuery.
- Có kinh nghiệm thiết kế schema, partitioning, replication.
- Kinh nghiệm monitoring và troubleshooting production databases.
- Khả năng làm việc độc lập và mentor junior members.","- Thiết kế, phát triển và vận hành các giải pháp dữ liệu sử dụng Data Warehouse.
- Tối ưu hiệu năng truy vấn, indexing và partitioning cho hệ thống production.
- Phối hợp với team backend/frontend để đảm bảo data layer ổn định.
- Xây dựng tooling, automation và quy trình backup/recovery.
- Tham gia on-call rotation, xử lý sự cố liên quan đến database.
- Viết tài liệu kỹ thuật, mentor thành viên mới trong team.
- Nghiên cứu và đánh giá công nghệ mới phục vụ nhu cầu kinh doanh.
- Đảm bảo tuân thủ security, data governance và privacy regulations.","Performance bonus up to 3 months, Stock options, Premium healthcare",ShopSphere,Information Technology,Contract,Middle,Remote,Hà Bắc,Thành phố Hải Phòng,1900,2600,11,531
Director of Data Engineering (Vietnam),"CodeBridge Solutions đang tìm kiếm một Director of Data Engineering (Vietnam) để gia nhập đội ngũ kỹ thuật tại Hải Phòng. Bạn sẽ làm việc với Redis và các công nghệ liên quan để xây dựng, vận hành và tối ưu các hệ thống dữ liệu phục vụ hàng triệu người dùng tại Việt Nam.","- 15+ năm kinh nghiệm, trong đó 7+ năm ở vị trí director/head.
- Định hướng chiến lược dữ liệu cho toàn bộ tổ chức.
- Kinh nghiệm làm việc với C-level, xây dựng data-driven culture.
- Hiểu biết sâu về data mesh, data fabric và modern data stack.","- Thiết kế, phát triển và vận hành các giải pháp dữ liệu sử dụng Redis.
- Tối ưu hiệu năng truy vấn, indexing và partitioning cho hệ thống production.
- Phối hợp với team backend/frontend để đảm bảo data layer ổn định.
- Xây dựng tooling, automation và quy trình backup/recovery.
- Tham gia on-call rotation, xử lý sự cố liên quan đến database.
- Viết tài liệu kỹ thuật, mentor thành viên mới trong team.
- Nghiên cứu và đánh giá công nghệ mới phục vụ nhu cầu kinh doanh.
- Đảm bảo tuân thủ security, data governance và privacy regulations.","Flexible working hours, WFH 3 days/week, Annual trip",CodeBridge Solutions,Information Technology,Full-time,Director,Onsite,Hà Nam,Thành phố Hải Phòng,6200,8700,59,830
Middle Database Administrator,"FinCore Tech is looking for a Middle Database Administrator based in Hải Phòng to strengthen our data platform. You will work on SQL Server, focusing on T-SQL, stored procedures, Always On, SSIS/SSRS for production-grade systems.","- 3-4 năm kinh nghiệm làm việc thực tế với cơ sở dữ liệu quan hệ hoặc NoSQL.
- Thành thạo T-SQL, stored procedures, Always On, SSIS/SSRS.
- Có kinh nghiệm thiết kế schema, partitioning, replication.
- Kinh nghiệm monitoring và troubleshooting production databases.
- Khả năng làm việc độc lập và mentor junior members.","- Thiết kế, phát triển và vận hành các giải pháp dữ liệu sử dụng SQL Server.
- Tối ưu hiệu năng truy vấn, indexing và partitioning cho hệ thống production.
- Phối hợp với team backend/frontend để đảm bảo data layer ổn định.
- Xây dựng tooling, automation và quy trình backup/recovery.
- Tham gia on-call rotation, xử lý sự cố liên quan đến database.
- Viết tài liệu kỹ thuật, mentor thành viên mới trong team.
- Nghiên cứu và đánh giá công nghệ mới phục vụ nhu cầu kinh doanh.
- Đảm bảo tuân thủ security, data governance và privacy regulations.","Performance review 2x/year, Clear career path, International projects",FinCore Tech,Information Technology,Full-time,Middle,Onsite,Hà Nam,Thành phố Hải Phòng,2000,2500,78,431
Lập trình viên Database (Junior),"We are hiring a Lập trình viên Database (Junior) to join our database engineering team in Hải Phòng. You will design, build, and operate scalable data platforms using Data Warehouse. Our systems process billions of records and power core business operations.","- 1-2 năm kinh nghiệm với SQL và ít nhất một RDBMS (MySQL/PostgreSQL/Oracle).
- Hiểu biết về indexing, query optimization và transaction isolation.
- Quen thuộc với Git và quy trình phát triển phần mềm.
- Khả năng đọc hiểu tài liệu tiếng Anh.","- Thiết kế, phát triển và vận hành các giải pháp dữ liệu sử dụng Data Warehouse.
- Tối ưu hiệu năng truy vấn, indexing và partitioning cho hệ thống production.
- Phối hợp với team backend/frontend để đảm bảo data layer ổn định.
- Xây dựng tooling, automation và quy trình backup/recovery.
- Tham gia on-call rotation, xử lý sự cố liên quan đến database.
- Viết tài liệu kỹ thuật, mentor thành viên mới trong team.
- Nghiên cứu và đánh giá công nghệ mới phục vụ nhu cầu kinh doanh.
- Đảm bảo tuân thủ security, data governance và privacy regulations.","Flexible working hours, WFH 3 days/week, Annual trip",MediTech Global,Information Technology,Internship,Junior,Onsite,Hà Đông,Thành phố Hải Phòng,800,1500,21,86
Middle ETL Developer,"EduSmart is looking for a Middle ETL Developer based in Hải Phòng to strengthen our data platform. You will work on Database DevOps, focusing on Flyway/Liquibase, CI/CD, containerized DBs, monitoring for production-grade systems.","- 3-4 năm kinh nghiệm làm việc thực tế với cơ sở dữ liệu quan hệ hoặc NoSQL.
- Thành thạo Flyway/Liquibase, CI/CD, containerized DBs, monitoring.
- Có kinh nghiệm thiết kế schema, partitioning, replication.
- Kinh nghiệm monitoring và troubleshooting production databases.
- Khả năng làm việc độc lập và mentor junior members.","- Thiết kế, phát triển và vận hành các giải pháp dữ liệu sử dụng Database DevOps.
- Tối ưu hiệu năng truy vấn, indexing và partitioning cho hệ thống production.
- Phối hợp với team backend/frontend để đảm bảo data layer ổn định.
- Xây dựng tooling, automation và quy trình backup/recovery.
- Tham gia on-call rotation, xử lý sự cố liên quan đến database.
- Viết tài liệu kỹ thuật, mentor thành viên mới trong team.
- Nghiên cứu và đánh giá công nghệ mới phục vụ nhu cầu kinh doanh.
- Đảm bảo tuân thủ security, data governance và privacy regulations.","Health insurance for family, Annual health check, Team building budget",EduSmart,Information Technology,Hybrid,Middle,Onsite,Hà Đông,Thành phố Hải Phòng,2000,2800,40,1171
Junior Database Developer,"We are hiring a Junior Database Developer to join our database engineering team in Hải Phòng. You will design, build, and operate scalable data platforms using Data Warehouse. Our systems process billions of records and power core business operations.","- 1-2 năm kinh nghiệm với SQL và ít nhất một RDBMS (MySQL/PostgreSQL/Oracle).
- Hiểu biết về indexing, query optimization và transaction isolation.
- Quen thuộc với Git và quy trình phát triển phần mềm.
- Khả năng đọc hiểu tài liệu tiếng Anh.","- Thiết kế, phát triển và vận hành các giải pháp dữ liệu sử dụng Data Warehouse.
- Tối ưu hiệu năng truy vấn, indexing và partitioning cho hệ thống production.
- Phối hợp với team backend/frontend để đảm bảo data layer ổn định.
- Xây dựng tooling, automation và quy trình backup/recovery.
- Tham gia on-call rotation, xử lý sự cố liên quan đến database.
- Viết tài liệu kỹ thuật, mentor thành viên mới trong team.
- Nghiên cứu và đánh giá công nghệ mới phục vụ nhu cầu kinh doanh.
- Đảm bảo tuân thủ security, data governance và privacy regulations.","Health insurance for family, Annual health check, Team building budget",NextGen Software,Information Technology,Internship,Junior,Remote,Cẩm Giang,Thành phố Hải Phòng,800,1400,42,66
Senior ETL Developer,"FinCore Tech đang tìm kiếm một Senior ETL Developer để gia nhập đội ngũ kỹ thuật tại Hải Phòng. Bạn sẽ làm việc với Oracle và các công nghệ liên quan để xây dựng, vận hành và tối ưu các hệ thống dữ liệu phục vụ hàng triệu người dùng tại Việt Nam.","- 5+ năm kinh nghiệm database engineering với Oracle.
- Chuyên sâu về PL/SQL, RAC, Data Guard, performance tuning, RMAN.
- Kinh nghiệm thiết kế hệ thống high-availability và disaster recovery.
- Khả năng review code, đào tạo và dẫn dắt kỹ thuật cho team.
- Tiếng Anh giao tiếp tốt là một lợi thế.","- Thiết kế, phát triển và vận hành các giải pháp dữ liệu sử dụng Oracle.
- Tối ưu hiệu năng truy vấn, indexing và partitioning cho hệ thống production.
- Phối hợp với team backend/frontend để đảm bảo data layer ổn định.
- Xây dựng tooling, automation và quy trình backup/recovery.
- Tham gia on-call rotation, xử lý sự cố liên quan đến database.
- Viết tài liệu kỹ thuật, mentor thành viên mới trong team.
- Nghiên cứu và đánh giá công nghệ mới phục vụ nhu cầu kinh doanh.
- Đảm bảo tuân thủ security, data governance và privacy regulations.","Performance bonus up to 3 months, Stock options, Premium healthcare",FinCore Tech,Information Technology,Hybrid,Senior,Remote,Tuệ Tĩnh,Thành phố Hải Phòng,2600,3900,67,1230
Thực tập sinh Database,"VietConnect Telecom is looking for a Thực tập sinh Database based in Hải Phòng to strengthen our data platform. You will work on Data Warehouse, focusing on dimensional modeling, ETL/ELT, dbt, Snowflake/BigQuery for production-grade systems.","- Tốt nghiệp Đại học chuyên ngành CNTT hoặc tương đương.
- Hiểu biết cơ bản về SQL và một hệ quản trị cơ sở dữ liệu quan hệ.
- Tiếng Anh đọc hiểu tài liệu kỹ thuật.
- Tinh thần ham học hỏi, có khả năng làm việc nhóm.","- Thiết kế, phát triển và vận hành các giải pháp dữ liệu sử dụng Data Warehouse.
- Tối ưu hiệu năng truy vấn, indexing và partitioning cho hệ thống production.
- Phối hợp với team backend/frontend để đảm bảo data layer ổn định.
- Xây dựng tooling, automation và quy trình backup/recovery.
- Tham gia on-call rotation, xử lý sự cố liên quan đến database.
- Viết tài liệu kỹ thuật, mentor thành viên mới trong team.
- Nghiên cứu và đánh giá công nghệ mới phục vụ nhu cầu kinh doanh.
- Đảm bảo tuân thủ security, data governance và privacy regulations.","13th month salary, Health insurance, Annual leave 12+ days",VietConnect Telecom,Information Technology,Full-time,Fresher,Remote,Bình Giang,Thành phố Hải Phòng,600,700,39,534
Fresher Backend Developer (Database),"CodeBridge Solutions mở rộng team database và cần một Fresher Backend Developer (Database) giàu kinh nghiệm về SQL Server. Bạn sẽ đóng vai trò chủ chốt trong việc thiết kế schema, tối ưu truy vấn và đảm bảo độ tin cậy của các hệ thống dữ liệu quan trọng.","- Tốt nghiệp Đại học chuyên ngành CNTT hoặc tương đương.
- Hiểu biết cơ bản về SQL và một hệ quản trị cơ sở dữ liệu quan hệ.
- Tiếng Anh đọc hiểu tài liệu kỹ thuật.
- Tinh thần ham học hỏi, có khả năng làm việc nhóm.","- Thiết kế, phát triển và vận hành các giải pháp dữ liệu sử dụng SQL Server.
- Tối ưu hiệu năng truy vấn, indexing và partitioning cho hệ thống production.
- Phối hợp với team backend/frontend để đảm bảo data layer ổn định.
- Xây dựng tooling, automation và quy trình backup/recovery.
- Tham gia on-call rotation, xử lý sự cố liên quan đến database.
- Viết tài liệu kỹ thuật, mentor thành viên mới trong team.
- Nghiên cứu và đánh giá công nghệ mới phục vụ nhu cầu kinh doanh.
- Đảm bảo tuân thủ security, data governance và privacy regulations.","Flexible working hours, WFH 3 days/week, Annual trip",CodeBridge Solutions,Information Technology,Hybrid,Fresher,Remote,Bình Giang,Thành phố Hải Phòng,700,1000,64,987
Junior MySQL Developer,"CodeBridge Solutions đang tìm kiếm một Junior MySQL Developer để gia nhập đội ngũ kỹ thuật tại Hải Phòng. Bạn sẽ làm việc với MongoDB và các công nghệ liên quan để xây dựng, vận hành và tối ưu các hệ thống dữ liệu phục vụ hàng triệu người dùng tại Việt Nam.","- 1-2 năm kinh nghiệm với SQL và ít nhất một RDBMS (MySQL/PostgreSQL/Oracle).
- Hiểu biết về indexing, query optimization và transaction isolation.
- Quen thuộc với Git và quy trình phát triển phần mềm.
- Khả năng đọc hiểu tài liệu tiếng Anh.","- Thiết kế, phát triển và vận hành các giải pháp dữ liệu sử dụng MongoDB.
- Tối ưu hiệu năng truy vấn, indexing và partitioning cho hệ thống production.
- Phối hợp với team backend/frontend để đảm bảo data layer ổn định.
- Xây dựng tooling, automation và quy trình backup/recovery.
- Tham gia on-call rotation, xử lý sự cố liên quan đến database.
- Viết tài liệu kỹ thuật, mentor thành viên mới trong team.
- Nghiên cứu và đánh giá công nghệ mới phục vụ nhu cầu kinh doanh.
- Đảm bảo tuân thủ security, data governance và privacy regulations.","Health insurance for family, Annual health check, Team building budget",CodeBridge Solutions,Information Technology,Remote,Junior,Remote,Đường An,Thành phố Hải Phòng,800,1700,9,1450
Head of Database,"EduSmart mở rộng team database và cần một Head of Database giàu kinh nghiệm về Oracle. Bạn sẽ đóng vai trò chủ chốt trong việc thiết kế schema, tối ưu truy vấn và đảm bảo độ tin cậy của các hệ thống dữ liệu quan trọng.","- 15+ năm kinh nghiệm, trong đó 7+ năm ở vị trí director/head.
- Định hướng chiến lược dữ liệu cho toàn bộ tổ chức.
- Kinh nghiệm làm việc với C-level, xây dựng data-driven culture.
- Hiểu biết sâu về data mesh, data fabric và modern data stack.","- Thiết kế, phát triển và vận hành các giải pháp dữ liệu sử dụng Oracle.
- Tối ưu hiệu năng truy vấn, indexing và partitioning cho hệ thống production.
- Phối hợp với team backend/frontend để đảm bảo data layer ổn định.
- Xây dựng tooling, automation và quy trình backup/recovery.
- Tham gia on-call rotation, xử lý sự cố liên quan đến database.
- Viết tài liệu kỹ thuật, mentor thành viên mới trong team.
- Nghiên cứu và đánh giá công nghệ mới phục vụ nhu cầu kinh doanh.
- Đảm bảo tuân thủ security, data governance và privacy regulations.","Flexible working hours, WFH 3 days/week, Annual trip",EduSmart,Information Technology,Remote,Director,Remote,Thượng Hồng,Thành phố Hải Phòng,6600,9200,19,311
Junior PostgreSQL Engineer,"EduSmart is looking for a Junior PostgreSQL Engineer based in Hải Phòng to strengthen our data platform. You will work on Big Data, focusing on Spark, Hadoop, Kafka, Airflow, data lake architectures for production-grade systems.","- 1-2 năm kinh nghiệm với SQL và ít nhất một RDBMS (MySQL/PostgreSQL/Oracle).
- Hiểu biết về indexing, query optimization và transaction isolation.
- Quen thuộc với Git và quy trình phát triển phần mềm.
- Khả năng đọc hiểu tài liệu tiếng Anh.","- Thiết kế, phát triển và vận hành các giải pháp dữ liệu sử dụng Big Data.
- Tối ưu hiệu năng truy vấn, indexing và partitioning cho hệ thống production.
- Phối hợp với team backend/frontend để đảm bảo data layer ổn định.
- Xây dựng tooling, automation và quy trình backup/recovery.
- Tham gia on-call rotation, xử lý sự cố liên quan đến database.
- Viết tài liệu kỹ thuật, mentor thành viên mới trong team.
- Nghiên cứu và đánh giá công nghệ mới phục vụ nhu cầu kinh doanh.
- Đảm bảo tuân thủ security, data governance và privacy regulations.","Premium health insurance, English class, Book allowance",EduSmart,Information Technology,Internship,Junior,Remote,Gia Phúc,Thành phố Hải Phòng,1000,1500,53,1129
Senior Data Engineer,"EduSmart mở rộng team database và cần một Senior Data Engineer giàu kinh nghiệm về SQL Server. Bạn sẽ đóng vai trò chủ chốt trong việc thiết kế schema, tối ưu truy vấn và đảm bảo độ tin cậy của các hệ thống dữ liệu quan trọng.","- 5+ năm kinh nghiệm database engineering với SQL Server.
- Chuyên sâu về T-SQL, stored procedures, Always On, SSIS/SSRS.
- Kinh nghiệm thiết kế hệ thống high-availability và disaster recovery.
- Khả năng review code, đào tạo và dẫn dắt kỹ thuật cho team.
- Tiếng Anh giao tiếp tốt là một lợi thế.","- Thiết kế, phát triển và vận hành các giải pháp dữ liệu sử dụng SQL Server.
- Tối ưu hiệu năng truy vấn, indexing và partitioning cho hệ thống production.
- Phối hợp với team backend/frontend để đảm bảo data layer ổn định.
- Xây dựng tooling, automation và quy trình backup/recovery.
- Tham gia on-call rotation, xử lý sự cố liên quan đến database.
- Viết tài liệu kỹ thuật, mentor thành viên mới trong team.
- Nghiên cứu và đánh giá công nghệ mới phục vụ nhu cầu kinh doanh.
- Đảm bảo tuân thủ security, data governance và privacy regulations.","Premium health insurance, English class, Book allowance",EduSmart,Information Technology,Part-time,Senior,Onsite,Gia Phúc,Thành phố Hải Phòng,3000,4000,50,332
"Backend Developer (Database, Middle)","ShopSphere is looking for a Backend Developer (Database, Middle) based in Hải Phòng to strengthen our data platform. You will work on Redis, focusing on cluster, persistence, pub/sub, caching strategies for production-grade systems.","- 3-4 năm kinh nghiệm làm việc thực tế với cơ sở dữ liệu quan hệ hoặc NoSQL.
- Thành thạo cluster, persistence, pub/sub, caching strategies.
- Có kinh nghiệm thiết kế schema, partitioning, replication.
- Kinh nghiệm monitoring và troubleshooting production databases.
- Khả năng làm việc độc lập và mentor junior members.","- Thiết kế, phát triển và vận hành các giải pháp dữ liệu sử dụng Redis.
- Tối ưu hiệu năng truy vấn, indexing và partitioning cho hệ thống production.
- Phối hợp với team backend/frontend để đảm bảo data layer ổn định.
- Xây dựng tooling, automation và quy trình backup/recovery.
- Tham gia on-call rotation, xử lý sự cố liên quan đến database.
- Viết tài liệu kỹ thuật, mentor thành viên mới trong team.
- Nghiên cứu và đánh giá công nghệ mới phục vụ nhu cầu kinh doanh.
- Đảm bảo tuân thủ security, data governance và privacy regulations.","Hybrid working, 14 days annual leave, Free snacks & coffee",ShopSphere,Information Technology,Full-time,Middle,Remote,Gia Phúc,Thành phố Hải Phòng,1800,2500,29,297
Junior SQL Developer,"NextGen Software mở rộng team database và cần một Junior SQL Developer giàu kinh nghiệm về Big Data. Bạn sẽ đóng vai trò chủ chốt trong việc thiết kế schema, tối ưu truy vấn và đảm bảo độ tin cậy của các hệ thống dữ liệu quan trọng.","- 1-2 năm kinh nghiệm với SQL và ít nhất một RDBMS (MySQL/PostgreSQL/Oracle).
- Hiểu biết về indexing, query optimization và transaction isolation.
- Quen thuộc với Git và quy trình phát triển phần mềm.
- Khả năng đọc hiểu tài liệu tiếng Anh.","- Thiết kế, phát triển và vận hành các giải pháp dữ liệu sử dụng Big Data.
- Tối ưu hiệu năng truy vấn, indexing và partitioning cho hệ thống production.
- Phối hợp với team backend/frontend để đảm bảo data layer ổn định.
- Xây dựng tooling, automation và quy trình backup/recovery.
- Tham gia on-call rotation, xử lý sự cố liên quan đến database.
- Viết tài liệu kỹ thuật, mentor thành viên mới trong team.
- Nghiên cứu và đánh giá công nghệ mới phục vụ nhu cầu kinh doanh.
- Đảm bảo tuân thủ security, data governance và privacy regulations.","Competitive salary, Project bonus, Long-service award",NextGen Software,Information Technology,Full-time,Junior,Remote,Đại Sơn,Thành phố Hải Phòng,900,1400,17,1083
Senior Database Administrator,"VietConnect Telecom mở rộng team database và cần một Senior Database Administrator giàu kinh nghiệm về PostgreSQL. Bạn sẽ đóng vai trò chủ chốt trong việc thiết kế schema, tối ưu truy vấn và đảm bảo độ tin cậy của các hệ thống dữ liệu quan trọng.","- 5+ năm kinh nghiệm database engineering với PostgreSQL.
- Chuyên sâu về advanced SQL, indexing, query optimization, replication, partitioning.
- Kinh nghiệm thiết kế hệ thống high-availability và disaster recovery.
- Khả năng review code, đào tạo và dẫn dắt kỹ thuật cho team.
- Tiếng Anh giao tiếp tốt là một lợi thế.","- Thiết kế, phát triển và vận hành các giải pháp dữ liệu sử dụng PostgreSQL.
- Tối ưu hiệu năng truy vấn, indexing và partitioning cho hệ thống production.
- Phối hợp với team backend/frontend để đảm bảo data layer ổn định.
- Xây dựng tooling, automation và quy trình backup/recovery.
- Tham gia on-call rotation, xử lý sự cố liên quan đến database.
- Viết tài liệu kỹ thuật, mentor thành viên mới trong team.
- Nghiên cứu và đánh giá công nghệ mới phục vụ nhu cầu kinh doanh.
- Đảm bảo tuân thủ security, data governance và privacy regulations.","Remote-friendly, Flexible hours, Meal allowance 1.5M VND",VietConnect Telecom,Information Technology,Part-time,Senior,Remote,Tân Kỳ,Thành phố Hải Phòng,3100,4000,34,158
Lead Database Engineer,"Join FinCore Tech as a Lead Database Engineer working on Database DevOps-based platforms. You will collaborate with backend, data and DevOps teams to deliver high-performance data infrastructure serving customers across Vietnam and SEA.","- 7+ năm kinh nghiệm, trong đó có ít nhất 2 năm ở vị trí lead.
- Chuyên sâu Database DevOps và hệ sinh thái xung quanh.
- Kinh nghiệm thiết kế kiến trúc dữ liệu cho hệ thống scale lớn.
- Khả năng lãnh đạo team 4-6 người, làm việc với stakeholders.","- Thiết kế, phát triển và vận hành các giải pháp dữ liệu sử dụng Database DevOps.
- Tối ưu hiệu năng truy vấn, indexing và partitioning cho hệ thống production.
- Phối hợp với team backend/frontend để đảm bảo data layer ổn định.
- Xây dựng tooling, automation và quy trình backup/recovery.
- Tham gia on-call rotation, xử lý sự cố liên quan đến database.
- Viết tài liệu kỹ thuật, mentor thành viên mới trong team.
- Nghiên cứu và đánh giá công nghệ mới phục vụ nhu cầu kinh doanh.
- Đảm bảo tuân thủ security, data governance và privacy regulations.","Premium health insurance, English class, Book allowance",FinCore Tech,Information Technology,Hybrid,Lead,Onsite,Tân Kỳ,Thành phố Hải Phòng,3600,5200,76,1356
Principal Database Engineer,"CodeBridge Solutions mở rộng team database và cần một Principal Database Engineer giàu kinh nghiệm về Redis. Bạn sẽ đóng vai trò chủ chốt trong việc thiết kế schema, tối ưu truy vấn và đảm bảo độ tin cậy của các hệ thống dữ liệu quan trọng.","- 10+ năm kinh nghiệm database/data engineering ở các hệ thống production quy mô lớn.
- Tầm nhìn kiến trúc và khả năng đưa ra quyết định công nghệ dài hạn.
- Kinh nghiệm làm việc với cloud data platforms (AWS/Azure/GCP).
- Đã từng thiết kế hệ thống phục vụ hàng trăm triệu records.","- Thiết kế, phát triển và vận hành các giải pháp dữ liệu sử dụng Redis.
- Tối ưu hiệu năng truy vấn, indexing và partitioning cho hệ thống production.
- Phối hợp với team backend/frontend để đảm bảo data layer ổn định.
- Xây dựng tooling, automation và quy trình backup/recovery.
- Tham gia on-call rotation, xử lý sự cố liên quan đến database.
- Viết tài liệu kỹ thuật, mentor thành viên mới trong team.
- Nghiên cứu và đánh giá công nghệ mới phục vụ nhu cầu kinh doanh.
- Đảm bảo tuân thủ security, data governance và privacy regulations.","Flexible working hours, WFH 3 days/week, Annual trip",CodeBridge Solutions,Information Technology,Remote,Principal,Onsite,Nguyên Giáp,Thành phố Hải Phòng,4800,6700,23,1340
Senior Database Administrator (Vietnam),"We are hiring a Senior Database Administrator (Vietnam) to join our database engineering team in Hải Phòng. You will design, build, and operate scalable data platforms using Oracle. Our systems process billions of records and power core business operations.","- 5+ năm kinh nghiệm database engineering với Oracle.
- Chuyên sâu về PL/SQL, RAC, Data Guard, performance tuning, RMAN.
- Kinh nghiệm thiết kế hệ thống high-availability và disaster recovery.
- Khả năng review code, đào tạo và dẫn dắt kỹ thuật cho team.
- Tiếng Anh giao tiếp tốt là một lợi thế.","- Thiết kế, phát triển và vận hành các giải pháp dữ liệu sử dụng Oracle.
- Tối ưu hiệu năng truy vấn, indexing và partitioning cho hệ thống production.
- Phối hợp với team backend/frontend để đảm bảo data layer ổn định.
- Xây dựng tooling, automation và quy trình backup/recovery.
- Tham gia on-call rotation, xử lý sự cố liên quan đến database.
- Viết tài liệu kỹ thuật, mentor thành viên mới trong team.
- Nghiên cứu và đánh giá công nghệ mới phục vụ nhu cầu kinh doanh.
- Đảm bảo tuân thủ security, data governance và privacy regulations.","Premium health insurance, English class, Book allowance",ChainWorks,Information Technology,Full-time,Senior,Onsite,Nguyên Giáp,Thành phố Hải Phòng,2500,4000,4,127
Junior Database Administrator,"NextGen Software is looking for a Junior Database Administrator based in Hải Phòng to strengthen our data platform. You will work on Redis, focusing on cluster, persistence, pub/sub, caching strategies for production-grade systems.","- 1-2 năm kinh nghiệm với SQL và ít nhất một RDBMS (MySQL/PostgreSQL/Oracle).
- Hiểu biết về indexing, query optimization và transaction isolation.
- Quen thuộc với Git và quy trình phát triển phần mềm.
- Khả năng đọc hiểu tài liệu tiếng Anh.","- Thiết kế, phát triển và vận hành các giải pháp dữ liệu sử dụng Redis.
- Tối ưu hiệu năng truy vấn, indexing và partitioning cho hệ thống production.
- Phối hợp với team backend/frontend để đảm bảo data layer ổn định.
- Xây dựng tooling, automation và quy trình backup/recovery.
- Tham gia on-call rotation, xử lý sự cố liên quan đến database.
- Viết tài liệu kỹ thuật, mentor thành viên mới trong team.
- Nghiên cứu và đánh giá công nghệ mới phục vụ nhu cầu kinh doanh.
- Đảm bảo tuân thủ security, data governance và privacy regulations.","Health insurance for family, Annual health check, Team building budget",NextGen Software,Information Technology,Full-time,Junior,Remote,Nguyên Giáp,Thành phố Hải Phòng,1300,1600,68,1456
Database Developer (Middle) (Vietnam),"Join MediTech Global as a Database Developer (Middle) (Vietnam) working on Redis-based platforms. You will collaborate with backend, data and DevOps teams to deliver high-performance data infrastructure serving customers across Vietnam and SEA.","- 3-4 năm kinh nghiệm làm việc thực tế với cơ sở dữ liệu quan hệ hoặc NoSQL.
- Thành thạo cluster, persistence, pub/sub, caching strategies.
- Có kinh nghiệm thiết kế schema, partitioning, replication.
- Kinh nghiệm monitoring và troubleshooting production databases.
- Khả năng làm việc độc lập và mentor junior members.","- Thiết kế, phát triển và vận hành các giải pháp dữ liệu sử dụng Redis.
- Tối ưu hiệu năng truy vấn, indexing và partitioning cho hệ thống production.
- Phối hợp với team backend/frontend để đảm bảo data layer ổn định.
- Xây dựng tooling, automation và quy trình backup/recovery.
- Tham gia on-call rotation, xử lý sự cố liên quan đến database.
- Viết tài liệu kỹ thuật, mentor thành viên mới trong team.
- Nghiên cứu và đánh giá công nghệ mới phục vụ nhu cầu kinh doanh.
- Đảm bảo tuân thủ security, data governance và privacy regulations.","Flexible working hours, WFH 3 days/week, Annual trip",MediTech Global,Information Technology,Full-time,Middle,Onsite,Vĩnh Lại,Thành phố Hải Phòng,1500,2400,79,260
Director of Data Engineering,"EduSmart mở rộng team database và cần một Director of Data Engineering giàu kinh nghiệm về Big Data. Bạn sẽ đóng vai trò chủ chốt trong việc thiết kế schema, tối ưu truy vấn và đảm bảo độ tin cậy của các hệ thống dữ liệu quan trọng.","- 15+ năm kinh nghiệm, trong đó 7+ năm ở vị trí director/head.
- Định hướng chiến lược dữ liệu cho toàn bộ tổ chức.
- Kinh nghiệm làm việc với C-level, xây dựng data-driven culture.
- Hiểu biết sâu về data mesh, data fabric và modern data stack.","- Thiết kế, phát triển và vận hành các giải pháp dữ liệu sử dụng Big Data.
- Tối ưu hiệu năng truy vấn, indexing và partitioning cho hệ thống production.
- Phối hợp với team backend/frontend để đảm bảo data layer ổn định.
- Xây dựng tooling, automation và quy trình backup/recovery.
- Tham gia on-call rotation, xử lý sự cố liên quan đến database.
- Viết tài liệu kỹ thuật, mentor thành viên mới trong team.
- Nghiên cứu và đánh giá công nghệ mới phục vụ nhu cầu kinh doanh.
- Đảm bảo tuân thủ security, data governance và privacy regulations.","Performance bonus up to 3 months, Stock options, Premium healthcare",EduSmart,Information Technology,Hybrid,Director,Remote,Vĩnh Lại,Thành phố Hải Phòng,6100,9000,17,102
Junior Database Developer,"EduSmart đang tìm kiếm một Junior Database Developer để gia nhập đội ngũ kỹ thuật tại Hải Phòng. Bạn sẽ làm việc với Data Warehouse và các công nghệ liên quan để xây dựng, vận hành và tối ưu các hệ thống dữ liệu phục vụ hàng triệu người dùng tại Việt Nam.","- 1-2 năm kinh nghiệm với SQL và ít nhất một RDBMS (MySQL/PostgreSQL/Oracle).
- Hiểu biết về indexing, query optimization và transaction isolation.
- Quen thuộc với Git và quy trình phát triển phần mềm.
- Khả năng đọc hiểu tài liệu tiếng Anh.","- Thiết kế, phát triển và vận hành các giải pháp dữ liệu sử dụng Data Warehouse.
- Tối ưu hiệu năng truy vấn, indexing và partitioning cho hệ thống production.
- Phối hợp với team backend/frontend để đảm bảo data layer ổn định.
- Xây dựng tooling, automation và quy trình backup/recovery.
- Tham gia on-call rotation, xử lý sự cố liên quan đến database.
- Viết tài liệu kỹ thuật, mentor thành viên mới trong team.
- Nghiên cứu và đánh giá công nghệ mới phục vụ nhu cầu kinh doanh.
- Đảm bảo tuân thủ security, data governance và privacy regulations.","Hybrid working, 14 days annual leave, Free snacks & coffee",EduSmart,Information Technology,Full-time,Junior,Remote,Ninh Giang,Thành phố Hải Phòng,1200,1500,72,314
Manager - Database Operations,"Join CodeBridge Solutions as a Manager - Database Operations working on Database DevOps-based platforms. You will collaborate with backend, data and DevOps teams to deliver high-performance data infrastructure serving customers across Vietnam and SEA.","- 12+ năm kinh nghiệm CNTT, trong đó 5+ năm quản lý team data/database.
- Kinh nghiệm xây dựng và vận hành data platform ở quy mô enterprise.
- Kỹ năng quản lý stakeholder, ngân sách và lộ trình kỹ thuật.
- Tư duy chiến lược về data governance, security và compliance.","- Thiết kế, phát triển và vận hành các giải pháp dữ liệu sử dụng Database DevOps.
- Tối ưu hiệu năng truy vấn, indexing và partitioning cho hệ thống production.
- Phối hợp với team backend/frontend để đảm bảo data layer ổn định.
- Xây dựng tooling, automation và quy trình backup/recovery.
- Tham gia on-call rotation, xử lý sự cố liên quan đến database.
- Viết tài liệu kỹ thuật, mentor thành viên mới trong team.
- Nghiên cứu và đánh giá công nghệ mới phục vụ nhu cầu kinh doanh.
- Đảm bảo tuân thủ security, data governance và privacy regulations.","Competitive salary, Project bonus, Long-service award",CodeBridge Solutions,Information Technology,Hybrid,Manager,Onsite,Ninh Giang,Thành phố Hải Phòng,4200,5900,24,1187
Junior SQL Developer,"We are hiring a Junior SQL Developer to join our database engineering team in Hải Phòng. You will design, build, and operate scalable data platforms using Cloud Database. Our systems process billions of records and power core business operations.","- Tốt nghiệp Đại học chuyên ngành CNTT hoặc tương đương.
- Hiểu biết cơ bản về SQL và một hệ quản trị cơ sở dữ liệu quan hệ.
- Tiếng Anh đọc hiểu tài liệu kỹ thuật.
- Tinh thần ham học hỏi, có khả năng làm việc nhóm.","- Thiết kế, phát triển và vận hành các giải pháp dữ liệu sử dụng Cloud Database.
- Tối ưu hiệu năng truy vấn, indexing và partitioning cho hệ thống production.
- Phối hợp với team backend/frontend để đảm bảo data layer ổn định.
- Xây dựng tooling, automation và quy trình backup/recovery.
- Tham gia on-call rotation, xử lý sự cố liên quan đến database.
- Viết tài liệu kỹ thuật, mentor thành viên mới trong team.
- Nghiên cứu và đánh giá công nghệ mới phục vụ nhu cầu kinh doanh.
- Đảm bảo tuân thủ security, data governance và privacy regulations.","Hybrid working, 14 days annual leave, Free snacks & coffee",VietConnect Telecom,Information Technology,Full-time,Fresher,Remote,Thanh Miện,Thành phố Hải Phòng,500,700,64,275
Middle SQL Developer,"We are hiring a Middle SQL Developer to join our database engineering team in Hải Phòng. You will design, build, and operate scalable data platforms using SQL Server. Our systems process billions of records and power core business operations.","- 3-4 năm kinh nghiệm làm việc thực tế với cơ sở dữ liệu quan hệ hoặc NoSQL.
- Thành thạo T-SQL, stored procedures, Always On, SSIS/SSRS.
- Có kinh nghiệm thiết kế schema, partitioning, replication.
- Kinh nghiệm monitoring và troubleshooting production databases.
- Khả năng làm việc độc lập và mentor junior members.","- Thiết kế, phát triển và vận hành các giải pháp dữ liệu sử dụng SQL Server.
- Tối ưu hiệu năng truy vấn, indexing và partitioning cho hệ thống production.
- Phối hợp với team backend/frontend để đảm bảo data layer ổn định.
- Xây dựng tooling, automation và quy trình backup/recovery.
- Tham gia on-call rotation, xử lý sự cố liên quan đến database.
- Viết tài liệu kỹ thuật, mentor thành viên mới trong team.
- Nghiên cứu và đánh giá công nghệ mới phục vụ nhu cầu kinh doanh.
- Đảm bảo tuân thủ security, data governance và privacy regulations.","Flexible working hours, WFH 3 days/week, Annual trip",NextGen Software,Information Technology,Full-time,Middle,Remote,Thanh Miện,Thành phố Hải Phòng,1600,2200,56,69
"Backend Developer (Database, Middle)","Join ChainWorks as a Backend Developer (Database, Middle) working on Data Warehouse-based platforms. You will collaborate with backend, data and DevOps teams to deliver high-performance data infrastructure serving customers across Vietnam and SEA.","- 3-4 năm kinh nghiệm làm việc thực tế với cơ sở dữ liệu quan hệ hoặc NoSQL.
- Thành thạo dimensional modeling, ETL/ELT, dbt, Snowflake/BigQuery.
- Có kinh nghiệm thiết kế schema, partitioning, replication.
- Kinh nghiệm monitoring và troubleshooting production databases.
- Khả năng làm việc độc lập và mentor junior members.","- Thiết kế, phát triển và vận hành các giải pháp dữ liệu sử dụng Data Warehouse.
- Tối ưu hiệu năng truy vấn, indexing và partitioning cho hệ thống production.
- Phối hợp với team backend/frontend để đảm bảo data layer ổn định.
- Xây dựng tooling, automation và quy trình backup/recovery.
- Tham gia on-call rotation, xử lý sự cố liên quan đến database.
- Viết tài liệu kỹ thuật, mentor thành viên mới trong team.
- Nghiên cứu và đánh giá công nghệ mới phục vụ nhu cầu kinh doanh.
- Đảm bảo tuân thủ security, data governance và privacy regulations.","13th month salary, Health insurance, Annual leave 12+ days",ChainWorks,Information Technology,Hybrid,Middle,Remote,Nguyễn Lương Bằng,Thành phố Hải Phòng,1600,2600,37,1415
Junior Data Engineer,"NextGen Software is looking for a Junior Data Engineer based in Hải Phòng to strengthen our data platform. You will work on Database DevOps, focusing on Flyway/Liquibase, CI/CD, containerized DBs, monitoring for production-grade systems.","- 1-2 năm kinh nghiệm với SQL và ít nhất một RDBMS (MySQL/PostgreSQL/Oracle).
- Hiểu biết về indexing, query optimization và transaction isolation.
- Quen thuộc với Git và quy trình phát triển phần mềm.
- Khả năng đọc hiểu tài liệu tiếng Anh.","- Thiết kế, phát triển và vận hành các giải pháp dữ liệu sử dụng Database DevOps.
- Tối ưu hiệu năng truy vấn, indexing và partitioning cho hệ thống production.
- Phối hợp với team backend/frontend để đảm bảo data layer ổn định.
- Xây dựng tooling, automation và quy trình backup/recovery.
- Tham gia on-call rotation, xử lý sự cố liên quan đến database.
- Viết tài liệu kỹ thuật, mentor thành viên mới trong team.
- Nghiên cứu và đánh giá công nghệ mới phục vụ nhu cầu kinh doanh.
- Đảm bảo tuân thủ security, data governance và privacy regulations.","Competitive salary, Project bonus, Long-service award",NextGen Software,Information Technology,Full-time,Junior,Onsite,Nguyễn Lương Bằng,Thành phố Hải Phòng,1000,1100,36,85
Director of Data Engineering,"ShopSphere is looking for a Director of Data Engineering based in Hải Phòng to strengthen our data platform. You will work on MongoDB, focusing on sharding, replica sets, aggregation framework, schema design for production-grade systems.","- 15+ năm kinh nghiệm, trong đó 7+ năm ở vị trí director/head.
- Định hướng chiến lược dữ liệu cho toàn bộ tổ chức.
- Kinh nghiệm làm việc với C-level, xây dựng data-driven culture.
- Hiểu biết sâu về data mesh, data fabric và modern data stack.","- Thiết kế, phát triển và vận hành các giải pháp dữ liệu sử dụng MongoDB.
- Tối ưu hiệu năng truy vấn, indexing và partitioning cho hệ thống production.
- Phối hợp với team backend/frontend để đảm bảo data layer ổn định.
- Xây dựng tooling, automation và quy trình backup/recovery.
- Tham gia on-call rotation, xử lý sự cố liên quan đến database.
- Viết tài liệu kỹ thuật, mentor thành viên mới trong team.
- Nghiên cứu và đánh giá công nghệ mới phục vụ nhu cầu kinh doanh.
- Đảm bảo tuân thủ security, data governance và privacy regulations.","Flexible working hours, WFH 3 days/week, Annual trip",ShopSphere,Information Technology,Remote,Director,Remote,Bắc Thanh Miện,Thành phố Hải Phòng,6600,9100,75,1184
Database Developer (Middle),"We are hiring a Database Developer (Middle) to join our database engineering team in Hải Phòng. You will design, build, and operate scalable data platforms using Big Data. Our systems process billions of records and power core business operations.","- 3-4 năm kinh nghiệm làm việc thực tế với cơ sở dữ liệu quan hệ hoặc NoSQL.
- Thành thạo Spark, Hadoop, Kafka, Airflow, data lake architectures.
- Có kinh nghiệm thiết kế schema, partitioning, replication.
- Kinh nghiệm monitoring và troubleshooting production databases.
- Khả năng làm việc độc lập và mentor junior members.","- Thiết kế, phát triển và vận hành các giải pháp dữ liệu sử dụng Big Data.
- Tối ưu hiệu năng truy vấn, indexing và partitioning cho hệ thống production.
- Phối hợp với team backend/frontend để đảm bảo data layer ổn định.
- Xây dựng tooling, automation và quy trình backup/recovery.
- Tham gia on-call rotation, xử lý sự cố liên quan đến database.
- Viết tài liệu kỹ thuật, mentor thành viên mới trong team.
- Nghiên cứu và đánh giá công nghệ mới phục vụ nhu cầu kinh doanh.
- Đảm bảo tuân thủ security, data governance và privacy regulations.","Laptop & gear provided, Training budget 5M/year, Conference sponsorship",FinCore Tech,Information Technology,Contract,Middle,Onsite,Việt Khê,Thành phố Hải Phòng,1900,2400,29,591
Junior Data Engineer,"NextGen Software is looking for a Junior Data Engineer based in Hải Phòng to strengthen our data platform. You will work on MySQL, focusing on schema design, performance tuning, backup/recovery, replication for production-grade systems.","- 1-2 năm kinh nghiệm với SQL và ít nhất một RDBMS (MySQL/PostgreSQL/Oracle).
- Hiểu biết về indexing, query optimization và transaction isolation.
- Quen thuộc với Git và quy trình phát triển phần mềm.
- Khả năng đọc hiểu tài liệu tiếng Anh.","- Thiết kế, phát triển và vận hành các giải pháp dữ liệu sử dụng MySQL.
- Tối ưu hiệu năng truy vấn, indexing và partitioning cho hệ thống production.
- Phối hợp với team backend/frontend để đảm bảo data layer ổn định.
- Xây dựng tooling, automation và quy trình backup/recovery.
- Tham gia on-call rotation, xử lý sự cố liên quan đến database.
- Viết tài liệu kỹ thuật, mentor thành viên mới trong team.
- Nghiên cứu và đánh giá công nghệ mới phục vụ nhu cầu kinh doanh.
- Đảm bảo tuân thủ security, data governance và privacy regulations.","Laptop & gear provided, Training budget 5M/year, Conference sponsorship",NextGen Software,Information Technology,Full-time,Junior,Onsite,An Lão,Thành phố Hải Phòng,900,1200,40,1446
Junior NoSQL Developer,"ShopSphere đang tìm kiếm một Junior NoSQL Developer để gia nhập đội ngũ kỹ thuật tại Hải Phòng. Bạn sẽ làm việc với MongoDB và các công nghệ liên quan để xây dựng, vận hành và tối ưu các hệ thống dữ liệu phục vụ hàng triệu người dùng tại Việt Nam.","- 1-2 năm kinh nghiệm với SQL và ít nhất một RDBMS (MySQL/PostgreSQL/Oracle).
- Hiểu biết về indexing, query optimization và transaction isolation.
- Quen thuộc với Git và quy trình phát triển phần mềm.
- Khả năng đọc hiểu tài liệu tiếng Anh.","- Thiết kế, phát triển và vận hành các giải pháp dữ liệu sử dụng MongoDB.
- Tối ưu hiệu năng truy vấn, indexing và partitioning cho hệ thống production.
- Phối hợp với team backend/frontend để đảm bảo data layer ổn định.
- Xây dựng tooling, automation và quy trình backup/recovery.
- Tham gia on-call rotation, xử lý sự cố liên quan đến database.
- Viết tài liệu kỹ thuật, mentor thành viên mới trong team.
- Nghiên cứu và đánh giá công nghệ mới phục vụ nhu cầu kinh doanh.
- Đảm bảo tuân thủ security, data governance và privacy regulations.","Performance review 2x/year, Clear career path, International projects",ShopSphere,Information Technology,Hybrid,Junior,Onsite,An Quang,Thành phố Hải Phòng,1300,1400,37,177
Director of Database Engineering,"NextGen Software đang tìm kiếm một Director of Database Engineering để gia nhập đội ngũ kỹ thuật tại Hải Phòng. Bạn sẽ làm việc với MySQL và các công nghệ liên quan để xây dựng, vận hành và tối ưu các hệ thống dữ liệu phục vụ hàng triệu người dùng tại Việt Nam.","- 15+ năm kinh nghiệm, trong đó 7+ năm ở vị trí director/head.
- Định hướng chiến lược dữ liệu cho toàn bộ tổ chức.
- Kinh nghiệm làm việc với C-level, xây dựng data-driven culture.
- Hiểu biết sâu về data mesh, data fabric và modern data stack.","- Thiết kế, phát triển và vận hành các giải pháp dữ liệu sử dụng MySQL.
- Tối ưu hiệu năng truy vấn, indexing và partitioning cho hệ thống production.
- Phối hợp với team backend/frontend để đảm bảo data layer ổn định.
- Xây dựng tooling, automation và quy trình backup/recovery.
- Tham gia on-call rotation, xử lý sự cố liên quan đến database.
- Viết tài liệu kỹ thuật, mentor thành viên mới trong team.
- Nghiên cứu và đánh giá công nghệ mới phục vụ nhu cầu kinh doanh.
- Đảm bảo tuân thủ security, data governance và privacy regulations.","Hybrid working, 14 days annual leave, Free snacks & coffee",NextGen Software,Information Technology,Hybrid,Director,Onsite,An Quang,Thành phố Hải Phòng,6900,8500,74,1173
Junior Database Administrator,"NextGen Software mở rộng team database và cần một Junior Database Administrator giàu kinh nghiệm về MySQL. Bạn sẽ đóng vai trò chủ chốt trong việc thiết kế schema, tối ưu truy vấn và đảm bảo độ tin cậy của các hệ thống dữ liệu quan trọng.","- 1-2 năm kinh nghiệm với SQL và ít nhất một RDBMS (MySQL/PostgreSQL/Oracle).
- Hiểu biết về indexing, query optimization và transaction isolation.
- Quen thuộc với Git và quy trình phát triển phần mềm.
- Khả năng đọc hiểu tài liệu tiếng Anh.","- Thiết kế, phát triển và vận hành các giải pháp dữ liệu sử dụng MySQL.
- Tối ưu hiệu năng truy vấn, indexing và partitioning cho hệ thống production.
- Phối hợp với team backend/frontend để đảm bảo data layer ổn định.
- Xây dựng tooling, automation và quy trình backup/recovery.
- Tham gia on-call rotation, xử lý sự cố liên quan đến database.
- Viết tài liệu kỹ thuật, mentor thành viên mới trong team.
- Nghiên cứu và đánh giá công nghệ mới phục vụ nhu cầu kinh doanh.
- Đảm bảo tuân thủ security, data governance và privacy regulations.","Competitive salary, Project bonus, Long-service award",NextGen Software,Information Technology,Remote,Junior,Remote,An Khánh,Thành phố Hải Phòng,1100,1800,79,774
Middle Data Engineer (Vietnam),"Join CodeBridge Solutions as a Middle Data Engineer (Vietnam) working on Redis-based platforms. You will collaborate with backend, data and DevOps teams to deliver high-performance data infrastructure serving customers across Vietnam and SEA.","- 3-4 năm kinh nghiệm làm việc thực tế với cơ sở dữ liệu quan hệ hoặc NoSQL.
- Thành thạo cluster, persistence, pub/sub, caching strategies.
- Có kinh nghiệm thiết kế schema, partitioning, replication.
- Kinh nghiệm monitoring và troubleshooting production databases.
- Khả năng làm việc độc lập và mentor junior members.","- Thiết kế, phát triển và vận hành các giải pháp dữ liệu sử dụng Redis.
- Tối ưu hiệu năng truy vấn, indexing và partitioning cho hệ thống production.
- Phối hợp với team backend/frontend để đảm bảo data layer ổn định.
- Xây dựng tooling, automation và quy trình backup/recovery.
- Tham gia on-call rotation, xử lý sự cố liên quan đến database.
- Viết tài liệu kỹ thuật, mentor thành viên mới trong team.
- Nghiên cứu và đánh giá công nghệ mới phục vụ nhu cầu kinh doanh.
- Đảm bảo tuân thủ security, data governance và privacy regulations.","Performance bonus up to 3 months, Stock options, Premium healthcare",CodeBridge Solutions,Information Technology,Remote,Middle,Onsite,Kiến Hải,Thành phố Hải Phòng,1700,2700,62,235
Senior Database Administrator,"EduSmart is looking for a Senior Database Administrator based in Hải Phòng to strengthen our data platform. You will work on Big Data, focusing on Spark, Hadoop, Kafka, Airflow, data lake architectures for production-grade systems.","- 5+ năm kinh nghiệm database engineering với Big Data.
- Chuyên sâu về Spark, Hadoop, Kafka, Airflow, data lake architectures.
- Kinh nghiệm thiết kế hệ thống high-availability và disaster recovery.
- Khả năng review code, đào tạo và dẫn dắt kỹ thuật cho team.
- Tiếng Anh giao tiếp tốt là một lợi thế.","- Thiết kế, phát triển và vận hành các giải pháp dữ liệu sử dụng Big Data.
- Tối ưu hiệu năng truy vấn, indexing và partitioning cho hệ thống production.
- Phối hợp với team backend/frontend để đảm bảo data layer ổn định.
- Xây dựng tooling, automation và quy trình backup/recovery.
- Tham gia on-call rotation, xử lý sự cố liên quan đến database.
- Viết tài liệu kỹ thuật, mentor thành viên mới trong team.
- Nghiên cứu và đánh giá công nghệ mới phục vụ nhu cầu kinh doanh.
- Đảm bảo tuân thủ security, data governance và privacy regulations.","Competitive salary, Project bonus, Long-service award",EduSmart,Information Technology,Full-time,Senior,Onsite,Kiến Hải,Thành phố Hải Phòng,2900,4200,53,1152
Junior PostgreSQL Engineer,"We are hiring a Junior PostgreSQL Engineer to join our database engineering team in Hải Phòng. You will design, build, and operate scalable data platforms using MongoDB. Our systems process billions of records and power core business operations.","- 1-2 năm kinh nghiệm với SQL và ít nhất một RDBMS (MySQL/PostgreSQL/Oracle).
- Hiểu biết về indexing, query optimization và transaction isolation.
- Quen thuộc với Git và quy trình phát triển phần mềm.
- Khả năng đọc hiểu tài liệu tiếng Anh.","- Thiết kế, phát triển và vận hành các giải pháp dữ liệu sử dụng MongoDB.
- Tối ưu hiệu năng truy vấn, indexing và partitioning cho hệ thống production.
- Phối hợp với team backend/frontend để đảm bảo data layer ổn định.
- Xây dựng tooling, automation và quy trình backup/recovery.
- Tham gia on-call rotation, xử lý sự cố liên quan đến database.
- Viết tài liệu kỹ thuật, mentor thành viên mới trong team.
- Nghiên cứu và đánh giá công nghệ mới phục vụ nhu cầu kinh doanh.
- Đảm bảo tuân thủ security, data governance và privacy regulations.","Flexible working hours, WFH 3 days/week, Annual trip",VietConnect Telecom,Information Technology,Full-time,Junior,Onsite,Quyết Thắng,Thành phố Hải Phòng,800,1300,38,63
Director of Data Engineering,"ChainWorks is looking for a Director of Data Engineering based in Hải Phòng to strengthen our data platform. You will work on Redis, focusing on cluster, persistence, pub/sub, caching strategies for production-grade systems.","- 15+ năm kinh nghiệm, trong đó 7+ năm ở vị trí director/head.
- Định hướng chiến lược dữ liệu cho toàn bộ tổ chức.
- Kinh nghiệm làm việc với C-level, xây dựng data-driven culture.
- Hiểu biết sâu về data mesh, data fabric và modern data stack.","- Thiết kế, phát triển và vận hành các giải pháp dữ liệu sử dụng Redis.
- Tối ưu hiệu năng truy vấn, indexing và partitioning cho hệ thống production.
- Phối hợp với team backend/frontend để đảm bảo data layer ổn định.
- Xây dựng tooling, automation và quy trình backup/recovery.
- Tham gia on-call rotation, xử lý sự cố liên quan đến database.
- Viết tài liệu kỹ thuật, mentor thành viên mới trong team.
- Nghiên cứu và đánh giá công nghệ mới phục vụ nhu cầu kinh doanh.
- Đảm bảo tuân thủ security, data governance và privacy regulations.","Remote-friendly, Flexible hours, Meal allowance 1.5M VND",ChainWorks,Information Technology,Full-time,Director,Onsite,Tân Minh,Thành phố Hải Phòng,6500,9400,35,483
Junior Database Administrator,"We are hiring a Junior Database Administrator to join our database engineering team in Hải Phòng. You will design, build, and operate scalable data platforms using PostgreSQL. Our systems process billions of records and power core business operations.","- 1-2 năm kinh nghiệm với SQL và ít nhất một RDBMS (MySQL/PostgreSQL/Oracle).
- Hiểu biết về indexing, query optimization và transaction isolation.
- Quen thuộc với Git và quy trình phát triển phần mềm.
- Khả năng đọc hiểu tài liệu tiếng Anh.","- Thiết kế, phát triển và vận hành các giải pháp dữ liệu sử dụng PostgreSQL.
- Tối ưu hiệu năng truy vấn, indexing và partitioning cho hệ thống production.
- Phối hợp với team backend/frontend để đảm bảo data layer ổn định.
- Xây dựng tooling, automation và quy trình backup/recovery.
- Tham gia on-call rotation, xử lý sự cố liên quan đến database.
- Viết tài liệu kỹ thuật, mentor thành viên mới trong team.
- Nghiên cứu và đánh giá công nghệ mới phục vụ nhu cầu kinh doanh.
- Đảm bảo tuân thủ security, data governance và privacy regulations.","Competitive salary, Project bonus, Long-service award",EduSmart,Information Technology,Hybrid,Junior,Onsite,Chấn Hưng,Thành phố Hải Phòng,1100,1400,68,663
Senior PostgreSQL DBA,"VietConnect Telecom is looking for a Senior PostgreSQL DBA based in Hải Phòng to strengthen our data platform. You will work on PostgreSQL, focusing on advanced SQL, indexing, query optimization, replication, partitioning for production-grade systems.","- 5+ năm kinh nghiệm database engineering với PostgreSQL.
- Chuyên sâu về advanced SQL, indexing, query optimization, replication, partitioning.
- Kinh nghiệm thiết kế hệ thống high-availability và disaster recovery.
- Khả năng review code, đào tạo và dẫn dắt kỹ thuật cho team.
- Tiếng Anh giao tiếp tốt là một lợi thế.","- Thiết kế, phát triển và vận hành các giải pháp dữ liệu sử dụng PostgreSQL.
- Tối ưu hiệu năng truy vấn, indexing và partitioning cho hệ thống production.
- Phối hợp với team backend/frontend để đảm bảo data layer ổn định.
- Xây dựng tooling, automation và quy trình backup/recovery.
- Tham gia on-call rotation, xử lý sự cố liên quan đến database.
- Viết tài liệu kỹ thuật, mentor thành viên mới trong team.
- Nghiên cứu và đánh giá công nghệ mới phục vụ nhu cầu kinh doanh.
- Đảm bảo tuân thủ security, data governance và privacy regulations.","Flexible working hours, WFH 3 days/week, Annual trip",VietConnect Telecom,Information Technology,Internship,Senior,Remote,Chấn Hưng,Thành phố Hải Phòng,2900,3700,43,222
Head of Database,"Join VietConnect Telecom as a Head of Database working on Data Warehouse-based platforms. You will collaborate with backend, data and DevOps teams to deliver high-performance data infrastructure serving customers across Vietnam and SEA.","- 15+ năm kinh nghiệm, trong đó 7+ năm ở vị trí director/head.
- Định hướng chiến lược dữ liệu cho toàn bộ tổ chức.
- Kinh nghiệm làm việc với C-level, xây dựng data-driven culture.
- Hiểu biết sâu về data mesh, data fabric và modern data stack.","- Thiết kế, phát triển và vận hành các giải pháp dữ liệu sử dụng Data Warehouse.
- Tối ưu hiệu năng truy vấn, indexing và partitioning cho hệ thống production.
- Phối hợp với team backend/frontend để đảm bảo data layer ổn định.
- Xây dựng tooling, automation và quy trình backup/recovery.
- Tham gia on-call rotation, xử lý sự cố liên quan đến database.
- Viết tài liệu kỹ thuật, mentor thành viên mới trong team.
- Nghiên cứu và đánh giá công nghệ mới phục vụ nhu cầu kinh doanh.
- Đảm bảo tuân thủ security, data governance và privacy regulations.","13th month salary, Health insurance, Annual leave 12+ days",VietConnect Telecom,Information Technology,Full-time,Director,Remote,Vĩnh Bảo,Thành phố Hải Phòng,6600,9700,34,1398
Lập trình viên Database (Junior),"MediTech Global đang tìm kiếm một Lập trình viên Database (Junior) để gia nhập đội ngũ kỹ thuật tại Hải Phòng. Bạn sẽ làm việc với Database DevOps và các công nghệ liên quan để xây dựng, vận hành và tối ưu các hệ thống dữ liệu phục vụ hàng triệu người dùng tại Việt Nam.","- 1-2 năm kinh nghiệm với SQL và ít nhất một RDBMS (MySQL/PostgreSQL/Oracle).
- Hiểu biết về indexing, query optimization và transaction isolation.
- Quen thuộc với Git và quy trình phát triển phần mềm.
- Khả năng đọc hiểu tài liệu tiếng Anh.","- Thiết kế, phát triển và vận hành các giải pháp dữ liệu sử dụng Database DevOps.
- Tối ưu hiệu năng truy vấn, indexing và partitioning cho hệ thống production.
- Phối hợp với team backend/frontend để đảm bảo data layer ổn định.
- Xây dựng tooling, automation và quy trình backup/recovery.
- Tham gia on-call rotation, xử lý sự cố liên quan đến database.
- Viết tài liệu kỹ thuật, mentor thành viên mới trong team.
- Nghiên cứu và đánh giá công nghệ mới phục vụ nhu cầu kinh doanh.
- Đảm bảo tuân thủ security, data governance và privacy regulations.","Remote-friendly, Flexible hours, Meal allowance 1.5M VND",MediTech Global,Information Technology,Remote,Junior,Remote,Vĩnh Hòa,Thành phố Hải Phòng,1300,1800,28,1359
Junior NoSQL Developer,"Join NextGen Software as a Junior NoSQL Developer working on Database DevOps-based platforms. You will collaborate with backend, data and DevOps teams to deliver high-performance data infrastructure serving customers across Vietnam and SEA.","- 1-2 năm kinh nghiệm với SQL và ít nhất một RDBMS (MySQL/PostgreSQL/Oracle).
- Hiểu biết về indexing, query optimization và transaction isolation.
- Quen thuộc với Git và quy trình phát triển phần mềm.
- Khả năng đọc hiểu tài liệu tiếng Anh.","- Thiết kế, phát triển và vận hành các giải pháp dữ liệu sử dụng Database DevOps.
- Tối ưu hiệu năng truy vấn, indexing và partitioning cho hệ thống production.
- Phối hợp với team backend/frontend để đảm bảo data layer ổn định.
- Xây dựng tooling, automation và quy trình backup/recovery.
- Tham gia on-call rotation, xử lý sự cố liên quan đến database.
- Viết tài liệu kỹ thuật, mentor thành viên mới trong team.
- Nghiên cứu và đánh giá công nghệ mới phục vụ nhu cầu kinh doanh.
- Đảm bảo tuân thủ security, data governance và privacy regulations.","Performance bonus up to 3 months, Stock options, Premium healthcare",NextGen Software,Information Technology,Full-time,Junior,Onsite,Vĩnh Hải,Thành phố Hải Phòng,800,1400,59,273
Senior MySQL DBA,"We are hiring a Senior MySQL DBA to join our database engineering team in Hải Phòng. You will design, build, and operate scalable data platforms using PostgreSQL. Our systems process billions of records and power core business operations.","- 5+ năm kinh nghiệm database engineering với PostgreSQL.
- Chuyên sâu về advanced SQL, indexing, query optimization, replication, partitioning.
- Kinh nghiệm thiết kế hệ thống high-availability và disaster recovery.
- Khả năng review code, đào tạo và dẫn dắt kỹ thuật cho team.
- Tiếng Anh giao tiếp tốt là một lợi thế.","- Thiết kế, phát triển và vận hành các giải pháp dữ liệu sử dụng PostgreSQL.
- Tối ưu hiệu năng truy vấn, indexing và partitioning cho hệ thống production.
- Phối hợp với team backend/frontend để đảm bảo data layer ổn định.
- Xây dựng tooling, automation và quy trình backup/recovery.
- Tham gia on-call rotation, xử lý sự cố liên quan đến database.
- Viết tài liệu kỹ thuật, mentor thành viên mới trong team.
- Nghiên cứu và đánh giá công nghệ mới phục vụ nhu cầu kinh doanh.
- Đảm bảo tuân thủ security, data governance và privacy regulations.","Performance bonus up to 3 months, Stock options, Premium healthcare",NextGen Software,Information Technology,Full-time,Senior,Remote,Vĩnh Hải,Thành phố Hải Phòng,2800,4200,1,176
Principal DBA,"FinCore Tech is looking for a Principal DBA based in Hải Phòng to strengthen our data platform. You will work on MongoDB, focusing on sharding, replica sets, aggregation framework, schema design for production-grade systems.","- 10+ năm kinh nghiệm database/data engineering ở các hệ thống production quy mô lớn.
- Tầm nhìn kiến trúc và khả năng đưa ra quyết định công nghệ dài hạn.
- Kinh nghiệm làm việc với cloud data platforms (AWS/Azure/GCP).
- Đã từng thiết kế hệ thống phục vụ hàng trăm triệu records.","- Thiết kế, phát triển và vận hành các giải pháp dữ liệu sử dụng MongoDB.
- Tối ưu hiệu năng truy vấn, indexing và partitioning cho hệ thống production.
- Phối hợp với team backend/frontend để đảm bảo data layer ổn định.
- Xây dựng tooling, automation và quy trình backup/recovery.
- Tham gia on-call rotation, xử lý sự cố liên quan đến database.
- Viết tài liệu kỹ thuật, mentor thành viên mới trong team.
- Nghiên cứu và đánh giá công nghệ mới phục vụ nhu cầu kinh doanh.
- Đảm bảo tuân thủ security, data governance và privacy regulations.","Competitive salary, Project bonus, Long-service award",FinCore Tech,Information Technology,Contract,Principal,Onsite,Nguyễn Bỉnh Khiêm,Thành phố Hải Phòng,4700,6500,53,408
Junior Database Administrator,"Join NextGen Software as a Junior Database Administrator working on Redis-based platforms. You will collaborate with backend, data and DevOps teams to deliver high-performance data infrastructure serving customers across Vietnam and SEA.","- 1-2 năm kinh nghiệm với SQL và ít nhất một RDBMS (MySQL/PostgreSQL/Oracle).
- Hiểu biết về indexing, query optimization và transaction isolation.
- Quen thuộc với Git và quy trình phát triển phần mềm.
- Khả năng đọc hiểu tài liệu tiếng Anh.","- Thiết kế, phát triển và vận hành các giải pháp dữ liệu sử dụng Redis.
- Tối ưu hiệu năng truy vấn, indexing và partitioning cho hệ thống production.
- Phối hợp với team backend/frontend để đảm bảo data layer ổn định.
- Xây dựng tooling, automation và quy trình backup/recovery.
- Tham gia on-call rotation, xử lý sự cố liên quan đến database.
- Viết tài liệu kỹ thuật, mentor thành viên mới trong team.
- Nghiên cứu và đánh giá công nghệ mới phục vụ nhu cầu kinh doanh.
- Đảm bảo tuân thủ security, data governance và privacy regulations.","Performance bonus up to 3 months, Stock options, Premium healthcare",NextGen Software,Information Technology,Remote,Junior,Onsite,Hải Vân,Thành phố Đà Nẵng,900,1200,67,490
Database Developer (Middle),"Join EduSmart as a Database Developer (Middle) working on Big Data-based platforms. You will collaborate with backend, data and DevOps teams to deliver high-performance data infrastructure serving customers across Vietnam and SEA.","- 3-4 năm kinh nghiệm làm việc thực tế với cơ sở dữ liệu quan hệ hoặc NoSQL.
- Thành thạo Spark, Hadoop, Kafka, Airflow, data lake architectures.
- Có kinh nghiệm thiết kế schema, partitioning, replication.
- Kinh nghiệm monitoring và troubleshooting production databases.
- Khả năng làm việc độc lập và mentor junior members.","- Thiết kế, phát triển và vận hành các giải pháp dữ liệu sử dụng Big Data.
- Tối ưu hiệu năng truy vấn, indexing và partitioning cho hệ thống production.
- Phối hợp với team backend/frontend để đảm bảo data layer ổn định.
- Xây dựng tooling, automation và quy trình backup/recovery.
- Tham gia on-call rotation, xử lý sự cố liên quan đến database.
- Viết tài liệu kỹ thuật, mentor thành viên mới trong team.
- Nghiên cứu và đánh giá công nghệ mới phục vụ nhu cầu kinh doanh.
- Đảm bảo tuân thủ security, data governance và privacy regulations.","Premium health insurance, English class, Book allowance",EduSmart,Information Technology,Remote,Middle,Onsite,Liên Chiểu,Thành phố Đà Nẵng,1700,2400,53,956
Senior PostgreSQL DBA (Vietnam),"CodeBridge Solutions mở rộng team database và cần một Senior PostgreSQL DBA (Vietnam) giàu kinh nghiệm về Database DevOps. Bạn sẽ đóng vai trò chủ chốt trong việc thiết kế schema, tối ưu truy vấn và đảm bảo độ tin cậy của các hệ thống dữ liệu quan trọng.","- 5+ năm kinh nghiệm database engineering với Database DevOps.
- Chuyên sâu về Flyway/Liquibase, CI/CD, containerized DBs, monitoring.
- Kinh nghiệm thiết kế hệ thống high-availability và disaster recovery.
- Khả năng review code, đào tạo và dẫn dắt kỹ thuật cho team.
- Tiếng Anh giao tiếp tốt là một lợi thế.","- Thiết kế, phát triển và vận hành các giải pháp dữ liệu sử dụng Database DevOps.
- Tối ưu hiệu năng truy vấn, indexing và partitioning cho hệ thống production.
- Phối hợp với team backend/frontend để đảm bảo data layer ổn định.
- Xây dựng tooling, automation và quy trình backup/recovery.
- Tham gia on-call rotation, xử lý sự cố liên quan đến database.
- Viết tài liệu kỹ thuật, mentor thành viên mới trong team.
- Nghiên cứu và đánh giá công nghệ mới phục vụ nhu cầu kinh doanh.
- Đảm bảo tuân thủ security, data governance và privacy regulations.","Hybrid working, 14 days annual leave, Free snacks & coffee",CodeBridge Solutions,Information Technology,Full-time,Senior,Onsite,Hòa Cường,Thành phố Đà Nẵng,2800,3600,18,1257
Data Engineering Manager,"We are hiring a Data Engineering Manager to join our database engineering team in Đà Nẵng. You will design, build, and operate scalable data platforms using Oracle. Our systems process billions of records and power core business operations.","- 12+ năm kinh nghiệm CNTT, trong đó 5+ năm quản lý team data/database.
- Kinh nghiệm xây dựng và vận hành data platform ở quy mô enterprise.
- Kỹ năng quản lý stakeholder, ngân sách và lộ trình kỹ thuật.
- Tư duy chiến lược về data governance, security và compliance.","- Thiết kế, phát triển và vận hành các giải pháp dữ liệu sử dụng Oracle.
- Tối ưu hiệu năng truy vấn, indexing và partitioning cho hệ thống production.
- Phối hợp với team backend/frontend để đảm bảo data layer ổn định.
- Xây dựng tooling, automation và quy trình backup/recovery.
- Tham gia on-call rotation, xử lý sự cố liên quan đến database.
- Viết tài liệu kỹ thuật, mentor thành viên mới trong team.
- Nghiên cứu và đánh giá công nghệ mới phục vụ nhu cầu kinh doanh.
- Đảm bảo tuân thủ security, data governance và privacy regulations.","Flexible working hours, WFH 3 days/week, Annual trip",ShopSphere,Information Technology,Full-time,Manager,Onsite,Ngũ Hành Sơn,Thành phố Đà Nẵng,4100,5800,53,1447
Lead ETL Engineer (Vietnam),"ShopSphere is looking for a Lead ETL Engineer (Vietnam) based in Đà Nẵng to strengthen our data platform. You will work on PostgreSQL, focusing on advanced SQL, indexing, query optimization, replication, partitioning for production-grade systems.","- 7+ năm kinh nghiệm, trong đó có ít nhất 2 năm ở vị trí lead.
- Chuyên sâu PostgreSQL và hệ sinh thái xung quanh.
- Kinh nghiệm thiết kế kiến trúc dữ liệu cho hệ thống scale lớn.
- Khả năng lãnh đạo team 4-6 người, làm việc với stakeholders.","- Thiết kế, phát triển và vận hành các giải pháp dữ liệu sử dụng PostgreSQL.
- Tối ưu hiệu năng truy vấn, indexing và partitioning cho hệ thống production.
- Phối hợp với team backend/frontend để đảm bảo data layer ổn định.
- Xây dựng tooling, automation và quy trình backup/recovery.
- Tham gia on-call rotation, xử lý sự cố liên quan đến database.
- Viết tài liệu kỹ thuật, mentor thành viên mới trong team.
- Nghiên cứu và đánh giá công nghệ mới phục vụ nhu cầu kinh doanh.
- Đảm bảo tuân thủ security, data governance và privacy regulations.","Performance bonus up to 3 months, Stock options, Premium healthcare",ShopSphere,Information Technology,Full-time,Lead,Onsite,Bàn Thạch,Thành phố Đà Nẵng,3700,5000,78,501
Data Engineering Manager (Vietnam),"MediTech Global is looking for a Data Engineering Manager (Vietnam) based in Đà Nẵng to strengthen our data platform. You will work on Oracle, focusing on PL/SQL, RAC, Data Guard, performance tuning, RMAN for production-grade systems.","- 12+ năm kinh nghiệm CNTT, trong đó 5+ năm quản lý team data/database.
- Kinh nghiệm xây dựng và vận hành data platform ở quy mô enterprise.
- Kỹ năng quản lý stakeholder, ngân sách và lộ trình kỹ thuật.
- Tư duy chiến lược về data governance, security và compliance.","- Thiết kế, phát triển và vận hành các giải pháp dữ liệu sử dụng Oracle.
- Tối ưu hiệu năng truy vấn, indexing và partitioning cho hệ thống production.
- Phối hợp với team backend/frontend để đảm bảo data layer ổn định.
- Xây dựng tooling, automation và quy trình backup/recovery.
- Tham gia on-call rotation, xử lý sự cố liên quan đến database.
- Viết tài liệu kỹ thuật, mentor thành viên mới trong team.
- Nghiên cứu và đánh giá công nghệ mới phục vụ nhu cầu kinh doanh.
- Đảm bảo tuân thủ security, data governance và privacy regulations.","Remote-friendly, Flexible hours, Meal allowance 1.5M VND",MediTech Global,Information Technology,Hybrid,Manager,Remote,Bàn Thạch,Thành phố Đà Nẵng,4300,6300,28,777
Lập trình viên Database (Junior),"ChainWorks mở rộng team database và cần một Lập trình viên Database (Junior) giàu kinh nghiệm về SQL Server. Bạn sẽ đóng vai trò chủ chốt trong việc thiết kế schema, tối ưu truy vấn và đảm bảo độ tin cậy của các hệ thống dữ liệu quan trọng.","- 1-2 năm kinh nghiệm với SQL và ít nhất một RDBMS (MySQL/PostgreSQL/Oracle).
- Hiểu biết về indexing, query optimization và transaction isolation.
- Quen thuộc với Git và quy trình phát triển phần mềm.
- Khả năng đọc hiểu tài liệu tiếng Anh.","- Thiết kế, phát triển và vận hành các giải pháp dữ liệu sử dụng SQL Server.
- Tối ưu hiệu năng truy vấn, indexing và partitioning cho hệ thống production.
- Phối hợp với team backend/frontend để đảm bảo data layer ổn định.
- Xây dựng tooling, automation và quy trình backup/recovery.
- Tham gia on-call rotation, xử lý sự cố liên quan đến database.
- Viết tài liệu kỹ thuật, mentor thành viên mới trong team.
- Nghiên cứu và đánh giá công nghệ mới phục vụ nhu cầu kinh doanh.
- Đảm bảo tuân thủ security, data governance và privacy regulations.","13th month salary, Health insurance, Annual leave 12+ days",ChainWorks,Information Technology,Hybrid,Junior,Remote,Tam Kỳ,Thành phố Đà Nẵng,800,1400,27,1272
"Backend Developer (Database, Middle) (Vietnam)","VietConnect Telecom đang tìm kiếm một Backend Developer (Database, Middle) (Vietnam) để gia nhập đội ngũ kỹ thuật tại Đà Nẵng. Bạn sẽ làm việc với PostgreSQL và các công nghệ liên quan để xây dựng, vận hành và tối ưu các hệ thống dữ liệu phục vụ hàng triệu người dùng tại Việt Nam.","- 3-4 năm kinh nghiệm làm việc thực tế với cơ sở dữ liệu quan hệ hoặc NoSQL.
- Thành thạo advanced SQL, indexing, query optimization, replication, partitioning.
- Có kinh nghiệm thiết kế schema, partitioning, replication.
- Kinh nghiệm monitoring và troubleshooting production databases.
- Khả năng làm việc độc lập và mentor junior members.","- Thiết kế, phát triển và vận hành các giải pháp dữ liệu sử dụng PostgreSQL.
- Tối ưu hiệu năng truy vấn, indexing và partitioning cho hệ thống production.
- Phối hợp với team backend/frontend để đảm bảo data layer ổn định.
- Xây dựng tooling, automation và quy trình backup/recovery.
- Tham gia on-call rotation, xử lý sự cố liên quan đến database.
- Viết tài liệu kỹ thuật, mentor thành viên mới trong team.
- Nghiên cứu và đánh giá công nghệ mới phục vụ nhu cầu kinh doanh.
- Đảm bảo tuân thủ security, data governance và privacy regulations.","Performance review 2x/year, Clear career path, International projects",VietConnect Telecom,Information Technology,Full-time,Middle,Remote,Hương Trà,Thành phố Đà Nẵng,1600,2900,54,1442
Database Manager,"NextGen Software mở rộng team database và cần một Database Manager giàu kinh nghiệm về Big Data. Bạn sẽ đóng vai trò chủ chốt trong việc thiết kế schema, tối ưu truy vấn và đảm bảo độ tin cậy của các hệ thống dữ liệu quan trọng.","- 12+ năm kinh nghiệm CNTT, trong đó 5+ năm quản lý team data/database.
- Kinh nghiệm xây dựng và vận hành data platform ở quy mô enterprise.
- Kỹ năng quản lý stakeholder, ngân sách và lộ trình kỹ thuật.
- Tư duy chiến lược về data governance, security và compliance.","- Thiết kế, phát triển và vận hành các giải pháp dữ liệu sử dụng Big Data.
- Tối ưu hiệu năng truy vấn, indexing và partitioning cho hệ thống production.
- Phối hợp với team backend/frontend để đảm bảo data layer ổn định.
- Xây dựng tooling, automation và quy trình backup/recovery.
- Tham gia on-call rotation, xử lý sự cố liên quan đến database.
- Viết tài liệu kỹ thuật, mentor thành viên mới trong team.
- Nghiên cứu và đánh giá công nghệ mới phục vụ nhu cầu kinh doanh.
- Đảm bảo tuân thủ security, data governance và privacy regulations.","Premium health insurance, English class, Book allowance",NextGen Software,Information Technology,Full-time,Manager,Remote,Quảng Phú,Thành phố Đà Nẵng,4400,6000,35,910
Principal DBA,"ChainWorks mở rộng team database và cần một Principal DBA giàu kinh nghiệm về Redis. Bạn sẽ đóng vai trò chủ chốt trong việc thiết kế schema, tối ưu truy vấn và đảm bảo độ tin cậy của các hệ thống dữ liệu quan trọng.","- 10+ năm kinh nghiệm database/data engineering ở các hệ thống production quy mô lớn.
- Tầm nhìn kiến trúc và khả năng đưa ra quyết định công nghệ dài hạn.
- Kinh nghiệm làm việc với cloud data platforms (AWS/Azure/GCP).
- Đã từng thiết kế hệ thống phục vụ hàng trăm triệu records.","- Thiết kế, phát triển và vận hành các giải pháp dữ liệu sử dụng Redis.
- Tối ưu hiệu năng truy vấn, indexing và partitioning cho hệ thống production.
- Phối hợp với team backend/frontend để đảm bảo data layer ổn định.
- Xây dựng tooling, automation và quy trình backup/recovery.
- Tham gia on-call rotation, xử lý sự cố liên quan đến database.
- Viết tài liệu kỹ thuật, mentor thành viên mới trong team.
- Nghiên cứu và đánh giá công nghệ mới phục vụ nhu cầu kinh doanh.
- Đảm bảo tuân thủ security, data governance và privacy regulations.","13th month salary, Health insurance, Annual leave 12+ days",ChainWorks,Information Technology,Full-time,Principal,Onsite,Hội An Đông,Thành phố Đà Nẵng,4800,6400,41,526
Database Team Lead,"MediTech Global mở rộng team database và cần một Database Team Lead giàu kinh nghiệm về Database DevOps. Bạn sẽ đóng vai trò chủ chốt trong việc thiết kế schema, tối ưu truy vấn và đảm bảo độ tin cậy của các hệ thống dữ liệu quan trọng.","- 7+ năm kinh nghiệm, trong đó có ít nhất 2 năm ở vị trí lead.
- Chuyên sâu Database DevOps và hệ sinh thái xung quanh.
- Kinh nghiệm thiết kế kiến trúc dữ liệu cho hệ thống scale lớn.
- Khả năng lãnh đạo team 4-6 người, làm việc với stakeholders.","- Thiết kế, phát triển và vận hành các giải pháp dữ liệu sử dụng Database DevOps.
- Tối ưu hiệu năng truy vấn, indexing và partitioning cho hệ thống production.
- Phối hợp với team backend/frontend để đảm bảo data layer ổn định.
- Xây dựng tooling, automation và quy trình backup/recovery.
- Tham gia on-call rotation, xử lý sự cố liên quan đến database.
- Viết tài liệu kỹ thuật, mentor thành viên mới trong team.
- Nghiên cứu và đánh giá công nghệ mới phục vụ nhu cầu kinh doanh.
- Đảm bảo tuân thủ security, data governance và privacy regulations.","Flexible working hours, WFH 3 days/week, Annual trip",MediTech Global,Information Technology,Remote,Lead,Onsite,Hội An Đông,Thành phố Đà Nẵng,3500,5200,27,366
Principal DBA (Vietnam),"We are hiring a Principal DBA (Vietnam) to join our database engineering team in Đà Nẵng. You will design, build, and operate scalable data platforms using Big Data. Our systems process billions of records and power core business operations.","- 10+ năm kinh nghiệm database/data engineering ở các hệ thống production quy mô lớn.
- Tầm nhìn kiến trúc và khả năng đưa ra quyết định công nghệ dài hạn.
- Kinh nghiệm làm việc với cloud data platforms (AWS/Azure/GCP).
- Đã từng thiết kế hệ thống phục vụ hàng trăm triệu records.","- Thiết kế, phát triển và vận hành các giải pháp dữ liệu sử dụng Big Data.
- Tối ưu hiệu năng truy vấn, indexing và partitioning cho hệ thống production.
- Phối hợp với team backend/frontend để đảm bảo data layer ổn định.
- Xây dựng tooling, automation và quy trình backup/recovery.
- Tham gia on-call rotation, xử lý sự cố liên quan đến database.
- Viết tài liệu kỹ thuật, mentor thành viên mới trong team.
- Nghiên cứu và đánh giá công nghệ mới phục vụ nhu cầu kinh doanh.
- Đảm bảo tuân thủ security, data governance và privacy regulations.","Flexible working hours, WFH 3 days/week, Annual trip",MediTech Global,Information Technology,Part-time,Principal,Onsite,Điện Bàn Bắc,Thành phố Đà Nẵng,4500,6600,14,1225
Principal DBA (Vietnam),"CodeBridge Solutions đang tìm kiếm một Principal DBA (Vietnam) để gia nhập đội ngũ kỹ thuật tại Đà Nẵng. Bạn sẽ làm việc với SQL Server và các công nghệ liên quan để xây dựng, vận hành và tối ưu các hệ thống dữ liệu phục vụ hàng triệu người dùng tại Việt Nam.","- 10+ năm kinh nghiệm database/data engineering ở các hệ thống production quy mô lớn.
- Tầm nhìn kiến trúc và khả năng đưa ra quyết định công nghệ dài hạn.
- Kinh nghiệm làm việc với cloud data platforms (AWS/Azure/GCP).
- Đã từng thiết kế hệ thống phục vụ hàng trăm triệu records.","- Thiết kế, phát triển và vận hành các giải pháp dữ liệu sử dụng SQL Server.
- Tối ưu hiệu năng truy vấn, indexing và partitioning cho hệ thống production.
- Phối hợp với team backend/frontend để đảm bảo data layer ổn định.
- Xây dựng tooling, automation và quy trình backup/recovery.
- Tham gia on-call rotation, xử lý sự cố liên quan đến database.
- Viết tài liệu kỹ thuật, mentor thành viên mới trong team.
- Nghiên cứu và đánh giá công nghệ mới phục vụ nhu cầu kinh doanh.
- Đảm bảo tuân thủ security, data governance và privacy regulations.","Health insurance for family, Annual health check, Team building budget",CodeBridge Solutions,Information Technology,Remote,Principal,Onsite,An Thắng,Thành phố Đà Nẵng,4900,6700,75,429
Junior MySQL Developer,"NextGen Software is looking for a Junior MySQL Developer based in Đà Nẵng to strengthen our data platform. You will work on Redis, focusing on cluster, persistence, pub/sub, caching strategies for production-grade systems.","- 1-2 năm kinh nghiệm với SQL và ít nhất một RDBMS (MySQL/PostgreSQL/Oracle).
- Hiểu biết về indexing, query optimization và transaction isolation.
- Quen thuộc với Git và quy trình phát triển phần mềm.
- Khả năng đọc hiểu tài liệu tiếng Anh.","- Thiết kế, phát triển và vận hành các giải pháp dữ liệu sử dụng Redis.
- Tối ưu hiệu năng truy vấn, indexing và partitioning cho hệ thống production.
- Phối hợp với team backend/frontend để đảm bảo data layer ổn định.
- Xây dựng tooling, automation và quy trình backup/recovery.
- Tham gia on-call rotation, xử lý sự cố liên quan đến database.
- Viết tài liệu kỹ thuật, mentor thành viên mới trong team.
- Nghiên cứu và đánh giá công nghệ mới phục vụ nhu cầu kinh doanh.
- Đảm bảo tuân thủ security, data governance và privacy regulations.","Health insurance for family, Annual health check, Team building budget",NextGen Software,Information Technology,Full-time,Junior,Remote,Điện Bàn Đông,Thành phố Đà Nẵng,1100,1600,61,1238
Senior Database Developer (Vietnam),"CodeBridge Solutions đang tìm kiếm một Senior Database Developer (Vietnam) để gia nhập đội ngũ kỹ thuật tại Đà Nẵng. Bạn sẽ làm việc với MongoDB và các công nghệ liên quan để xây dựng, vận hành và tối ưu các hệ thống dữ liệu phục vụ hàng triệu người dùng tại Việt Nam.","- 5+ năm kinh nghiệm database engineering với MongoDB.
- Chuyên sâu về sharding, replica sets, aggregation framework, schema design.
- Kinh nghiệm thiết kế hệ thống high-availability và disaster recovery.
- Khả năng review code, đào tạo và dẫn dắt kỹ thuật cho team.
- Tiếng Anh giao tiếp tốt là một lợi thế.","- Thiết kế, phát triển và vận hành các giải pháp dữ liệu sử dụng MongoDB.
- Tối ưu hiệu năng truy vấn, indexing và partitioning cho hệ thống production.
- Phối hợp với team backend/frontend để đảm bảo data layer ổn định.
- Xây dựng tooling, automation và quy trình backup/recovery.
- Tham gia on-call rotation, xử lý sự cố liên quan đến database.
- Viết tài liệu kỹ thuật, mentor thành viên mới trong team.
- Nghiên cứu và đánh giá công nghệ mới phục vụ nhu cầu kinh doanh.
- Đảm bảo tuân thủ security, data governance và privacy regulations.","Performance review 2x/year, Clear career path, International projects",CodeBridge Solutions,Information Technology,Remote,Senior,Onsite,Hòa Vang,Thành phố Đà Nẵng,2500,4100,15,226
Senior NoSQL Engineer,"We are hiring a Senior NoSQL Engineer to join our database engineering team in Đà Nẵng. You will design, build, and operate scalable data platforms using Cloud Database. Our systems process billions of records and power core business operations.","- 5+ năm kinh nghiệm database engineering với Cloud Database.
- Chuyên sâu về AWS RDS/Aurora, Azure SQL, GCP Cloud SQL, IaC.
- Kinh nghiệm thiết kế hệ thống high-availability và disaster recovery.
- Khả năng review code, đào tạo và dẫn dắt kỹ thuật cho team.
- Tiếng Anh giao tiếp tốt là một lợi thế.","- Thiết kế, phát triển và vận hành các giải pháp dữ liệu sử dụng Cloud Database.
- Tối ưu hiệu năng truy vấn, indexing và partitioning cho hệ thống production.
- Phối hợp với team backend/frontend để đảm bảo data layer ổn định.
- Xây dựng tooling, automation và quy trình backup/recovery.
- Tham gia on-call rotation, xử lý sự cố liên quan đến database.
- Viết tài liệu kỹ thuật, mentor thành viên mới trong team.
- Nghiên cứu và đánh giá công nghệ mới phục vụ nhu cầu kinh doanh.
- Đảm bảo tuân thủ security, data governance và privacy regulations.","Laptop & gear provided, Training budget 5M/year, Conference sponsorship",NextGen Software,Information Technology,Full-time,Senior,Remote,Đông Giang,Thành phố Đà Nẵng,2600,4200,40,198
Junior Data Engineer,"MediTech Global mở rộng team database và cần một Junior Data Engineer giàu kinh nghiệm về SQL Server. Bạn sẽ đóng vai trò chủ chốt trong việc thiết kế schema, tối ưu truy vấn và đảm bảo độ tin cậy của các hệ thống dữ liệu quan trọng.","- 1-2 năm kinh nghiệm với SQL và ít nhất một RDBMS (MySQL/PostgreSQL/Oracle).
- Hiểu biết về indexing, query optimization và transaction isolation.
- Quen thuộc với Git và quy trình phát triển phần mềm.
- Khả năng đọc hiểu tài liệu tiếng Anh.","- Thiết kế, phát triển và vận hành các giải pháp dữ liệu sử dụng SQL Server.
- Tối ưu hiệu năng truy vấn, indexing và partitioning cho hệ thống production.
- Phối hợp với team backend/frontend để đảm bảo data layer ổn định.
- Xây dựng tooling, automation và quy trình backup/recovery.
- Tham gia on-call rotation, xử lý sự cố liên quan đến database.
- Viết tài liệu kỹ thuật, mentor thành viên mới trong team.
- Nghiên cứu và đánh giá công nghệ mới phục vụ nhu cầu kinh doanh.
- Đảm bảo tuân thủ security, data governance và privacy regulations.","Performance review 2x/year, Clear career path, International projects",MediTech Global,Information Technology,Full-time,Junior,Onsite,Bến Hiên,Thành phố Đà Nẵng,900,1700,70,663
Middle ETL Developer,"Join CodeBridge Solutions as a Middle ETL Developer working on MySQL-based platforms. You will collaborate with backend, data and DevOps teams to deliver high-performance data infrastructure serving customers across Vietnam and SEA.","- 3-4 năm kinh nghiệm làm việc thực tế với cơ sở dữ liệu quan hệ hoặc NoSQL.
- Thành thạo schema design, performance tuning, backup/recovery, replication.
- Có kinh nghiệm thiết kế schema, partitioning, replication.
- Kinh nghiệm monitoring và troubleshooting production databases.
- Khả năng làm việc độc lập và mentor junior members.","- Thiết kế, phát triển và vận hành các giải pháp dữ liệu sử dụng MySQL.
- Tối ưu hiệu năng truy vấn, indexing và partitioning cho hệ thống production.
- Phối hợp với team backend/frontend để đảm bảo data layer ổn định.
- Xây dựng tooling, automation và quy trình backup/recovery.
- Tham gia on-call rotation, xử lý sự cố liên quan đến database.
- Viết tài liệu kỹ thuật, mentor thành viên mới trong team.
- Nghiên cứu và đánh giá công nghệ mới phục vụ nhu cầu kinh doanh.
- Đảm bảo tuân thủ security, data governance và privacy regulations.","Flexible working hours, WFH 3 days/week, Annual trip",CodeBridge Solutions,Information Technology,Internship,Middle,Onsite,Thượng Đức,Thành phố Đà Nẵng,1700,3000,78,780
Senior Data Engineer,"FinCore Tech is looking for a Senior Data Engineer based in Đà Nẵng to strengthen our data platform. You will work on Data Warehouse, focusing on dimensional modeling, ETL/ELT, dbt, Snowflake/BigQuery for production-grade systems.","- 5+ năm kinh nghiệm database engineering với Data Warehouse.
- Chuyên sâu về dimensional modeling, ETL/ELT, dbt, Snowflake/BigQuery.
- Kinh nghiệm thiết kế hệ thống high-availability và disaster recovery.
- Khả năng review code, đào tạo và dẫn dắt kỹ thuật cho team.
- Tiếng Anh giao tiếp tốt là một lợi thế.","- Thiết kế, phát triển và vận hành các giải pháp dữ liệu sử dụng Data Warehouse.
- Tối ưu hiệu năng truy vấn, indexing và partitioning cho hệ thống production.
- Phối hợp với team backend/frontend để đảm bảo data layer ổn định.
- Xây dựng tooling, automation và quy trình backup/recovery.
- Tham gia on-call rotation, xử lý sự cố liên quan đến database.
- Viết tài liệu kỹ thuật, mentor thành viên mới trong team.
- Nghiên cứu và đánh giá công nghệ mới phục vụ nhu cầu kinh doanh.
- Đảm bảo tuân thủ security, data governance và privacy regulations.","Performance bonus up to 3 months, Stock options, Premium healthcare",FinCore Tech,Information Technology,Full-time,Senior,Onsite,Hà Nha,Thành phố Đà Nẵng,2800,3600,68,452
Manager - Database Operations,"We are hiring a Manager - Database Operations to join our database engineering team in Đà Nẵng. You will design, build, and operate scalable data platforms using Data Warehouse. Our systems process billions of records and power core business operations.","- 12+ năm kinh nghiệm CNTT, trong đó 5+ năm quản lý team data/database.
- Kinh nghiệm xây dựng và vận hành data platform ở quy mô enterprise.
- Kỹ năng quản lý stakeholder, ngân sách và lộ trình kỹ thuật.
- Tư duy chiến lược về data governance, security và compliance.","- Thiết kế, phát triển và vận hành các giải pháp dữ liệu sử dụng Data Warehouse.
- Tối ưu hiệu năng truy vấn, indexing và partitioning cho hệ thống production.
- Phối hợp với team backend/frontend để đảm bảo data layer ổn định.
- Xây dựng tooling, automation và quy trình backup/recovery.
- Tham gia on-call rotation, xử lý sự cố liên quan đến database.
- Viết tài liệu kỹ thuật, mentor thành viên mới trong team.
- Nghiên cứu và đánh giá công nghệ mới phục vụ nhu cầu kinh doanh.
- Đảm bảo tuân thủ security, data governance và privacy regulations.","13th month salary, Health insurance, Annual leave 12+ days",ChainWorks,Information Technology,Hybrid,Manager,Onsite,Hà Nha,Thành phố Đà Nẵng,4500,6400,8,621
Director of Data Engineering,"ChainWorks mở rộng team database và cần một Director of Data Engineering giàu kinh nghiệm về SQL Server. Bạn sẽ đóng vai trò chủ chốt trong việc thiết kế schema, tối ưu truy vấn và đảm bảo độ tin cậy của các hệ thống dữ liệu quan trọng.","- 15+ năm kinh nghiệm, trong đó 7+ năm ở vị trí director/head.
- Định hướng chiến lược dữ liệu cho toàn bộ tổ chức.
- Kinh nghiệm làm việc với C-level, xây dựng data-driven culture.
- Hiểu biết sâu về data mesh, data fabric và modern data stack.","- Thiết kế, phát triển và vận hành các giải pháp dữ liệu sử dụng SQL Server.
- Tối ưu hiệu năng truy vấn, indexing và partitioning cho hệ thống production.
- Phối hợp với team backend/frontend để đảm bảo data layer ổn định.
- Xây dựng tooling, automation và quy trình backup/recovery.
- Tham gia on-call rotation, xử lý sự cố liên quan đến database.
- Viết tài liệu kỹ thuật, mentor thành viên mới trong team.
- Nghiên cứu và đánh giá công nghệ mới phục vụ nhu cầu kinh doanh.
- Đảm bảo tuân thủ security, data governance và privacy regulations.","Laptop & gear provided, Training budget 5M/year, Conference sponsorship",ChainWorks,Information Technology,Full-time,Director,Onsite,Thu Bồn,Thành phố Đà Nẵng,6900,8500,56,841
Lập trình viên Database (Junior),"Join NextGen Software as a Lập trình viên Database (Junior) working on Cloud Database-based platforms. You will collaborate with backend, data and DevOps teams to deliver high-performance data infrastructure serving customers across Vietnam and SEA.","- 1-2 năm kinh nghiệm với SQL và ít nhất một RDBMS (MySQL/PostgreSQL/Oracle).
- Hiểu biết về indexing, query optimization và transaction isolation.
- Quen thuộc với Git và quy trình phát triển phần mềm.
- Khả năng đọc hiểu tài liệu tiếng Anh.","- Thiết kế, phát triển và vận hành các giải pháp dữ liệu sử dụng Cloud Database.
- Tối ưu hiệu năng truy vấn, indexing và partitioning cho hệ thống production.
- Phối hợp với team backend/frontend để đảm bảo data layer ổn định.
- Xây dựng tooling, automation và quy trình backup/recovery.
- Tham gia on-call rotation, xử lý sự cố liên quan đến database.
- Viết tài liệu kỹ thuật, mentor thành viên mới trong team.
- Nghiên cứu và đánh giá công nghệ mới phục vụ nhu cầu kinh doanh.
- Đảm bảo tuân thủ security, data governance và privacy regulations.","Performance bonus up to 3 months, Stock options, Premium healthcare",NextGen Software,Information Technology,Full-time,Junior,Remote,Duy Xuyên,Thành phố Đà Nẵng,1000,1600,2,391
Principal Data Engineer,"VietConnect Telecom mở rộng team database và cần một Principal Data Engineer giàu kinh nghiệm về MongoDB. Bạn sẽ đóng vai trò chủ chốt trong việc thiết kế schema, tối ưu truy vấn và đảm bảo độ tin cậy của các hệ thống dữ liệu quan trọng.","- 10+ năm kinh nghiệm database/data engineering ở các hệ thống production quy mô lớn.
- Tầm nhìn kiến trúc và khả năng đưa ra quyết định công nghệ dài hạn.
- Kinh nghiệm làm việc với cloud data platforms (AWS/Azure/GCP).
- Đã từng thiết kế hệ thống phục vụ hàng trăm triệu records.","- Thiết kế, phát triển và vận hành các giải pháp dữ liệu sử dụng MongoDB.
- Tối ưu hiệu năng truy vấn, indexing và partitioning cho hệ thống production.
- Phối hợp với team backend/frontend để đảm bảo data layer ổn định.
- Xây dựng tooling, automation và quy trình backup/recovery.
- Tham gia on-call rotation, xử lý sự cố liên quan đến database.
- Viết tài liệu kỹ thuật, mentor thành viên mới trong team.
- Nghiên cứu và đánh giá công nghệ mới phục vụ nhu cầu kinh doanh.
- Đảm bảo tuân thủ security, data governance và privacy regulations.","Hybrid working, 14 days annual leave, Free snacks & coffee",VietConnect Telecom,Information Technology,Full-time,Principal,Remote,Duy Xuyên,Thành phố Đà Nẵng,4700,7000,77,457
Database Team Lead,"Join VietConnect Telecom as a Database Team Lead working on MongoDB-based platforms. You will collaborate with backend, data and DevOps teams to deliver high-performance data infrastructure serving customers across Vietnam and SEA.","- 7+ năm kinh nghiệm, trong đó có ít nhất 2 năm ở vị trí lead.
- Chuyên sâu MongoDB và hệ sinh thái xung quanh.
- Kinh nghiệm thiết kế kiến trúc dữ liệu cho hệ thống scale lớn.
- Khả năng lãnh đạo team 4-6 người, làm việc với stakeholders.","- Thiết kế, phát triển và vận hành các giải pháp dữ liệu sử dụng MongoDB.
- Tối ưu hiệu năng truy vấn, indexing và partitioning cho hệ thống production.
- Phối hợp với team backend/frontend để đảm bảo data layer ổn định.
- Xây dựng tooling, automation và quy trình backup/recovery.
- Tham gia on-call rotation, xử lý sự cố liên quan đến database.
- Viết tài liệu kỹ thuật, mentor thành viên mới trong team.
- Nghiên cứu và đánh giá công nghệ mới phục vụ nhu cầu kinh doanh.
- Đảm bảo tuân thủ security, data governance và privacy regulations.","Premium health insurance, English class, Book allowance",VietConnect Telecom,Information Technology,Full-time,Lead,Onsite,Duy Nghĩa,Thành phố Đà Nẵng,3800,5400,35,724
Principal DBA - Hybrid,"We are hiring a Principal DBA - Hybrid to join our database engineering team in Đà Nẵng. You will design, build, and operate scalable data platforms using Oracle. Our systems process billions of records and power core business operations.","- 10+ năm kinh nghiệm database/data engineering ở các hệ thống production quy mô lớn.
- Tầm nhìn kiến trúc và khả năng đưa ra quyết định công nghệ dài hạn.
- Kinh nghiệm làm việc với cloud data platforms (AWS/Azure/GCP).
- Đã từng thiết kế hệ thống phục vụ hàng trăm triệu records.","- Thiết kế, phát triển và vận hành các giải pháp dữ liệu sử dụng Oracle.
- Tối ưu hiệu năng truy vấn, indexing và partitioning cho hệ thống production.
- Phối hợp với team backend/frontend để đảm bảo data layer ổn định.
- Xây dựng tooling, automation và quy trình backup/recovery.
- Tham gia on-call rotation, xử lý sự cố liên quan đến database.
- Viết tài liệu kỹ thuật, mentor thành viên mới trong team.
- Nghiên cứu và đánh giá công nghệ mới phục vụ nhu cầu kinh doanh.
- Đảm bảo tuân thủ security, data governance và privacy regulations.","Health insurance for family, Annual health check, Team building budget",ChainWorks,Information Technology,Full-time,Principal,Onsite,Quế Sơn,Thành phố Đà Nẵng,4600,6700,7,1201
Lead DBA,"We are hiring a Lead DBA to join our database engineering team in Đà Nẵng. You will design, build, and operate scalable data platforms using Cloud Database. Our systems process billions of records and power core business operations.","- 7+ năm kinh nghiệm, trong đó có ít nhất 2 năm ở vị trí lead.
- Chuyên sâu Cloud Database và hệ sinh thái xung quanh.
- Kinh nghiệm thiết kế kiến trúc dữ liệu cho hệ thống scale lớn.
- Khả năng lãnh đạo team 4-6 người, làm việc với stakeholders.","- Thiết kế, phát triển và vận hành các giải pháp dữ liệu sử dụng Cloud Database.
- Tối ưu hiệu năng truy vấn, indexing và partitioning cho hệ thống production.
- Phối hợp với team backend/frontend để đảm bảo data layer ổn định.
- Xây dựng tooling, automation và quy trình backup/recovery.
- Tham gia on-call rotation, xử lý sự cố liên quan đến database.
- Viết tài liệu kỹ thuật, mentor thành viên mới trong team.
- Nghiên cứu và đánh giá công nghệ mới phục vụ nhu cầu kinh doanh.
- Đảm bảo tuân thủ security, data governance và privacy regulations.","Premium health insurance, English class, Book allowance",ChainWorks,Information Technology,Hybrid,Lead,Onsite,Xuân Phú,Thành phố Đà Nẵng,3800,5300,39,1117
Senior ETL Developer,"VietConnect Telecom is looking for a Senior ETL Developer based in Đà Nẵng to strengthen our data platform. You will work on Cloud Database, focusing on AWS RDS/Aurora, Azure SQL, GCP Cloud SQL, IaC for production-grade systems.","- 5+ năm kinh nghiệm database engineering với Cloud Database.
- Chuyên sâu về AWS RDS/Aurora, Azure SQL, GCP Cloud SQL, IaC.
- Kinh nghiệm thiết kế hệ thống high-availability và disaster recovery.
- Khả năng review code, đào tạo và dẫn dắt kỹ thuật cho team.
- Tiếng Anh giao tiếp tốt là một lợi thế.","- Thiết kế, phát triển và vận hành các giải pháp dữ liệu sử dụng Cloud Database.
- Tối ưu hiệu năng truy vấn, indexing và partitioning cho hệ thống production.
- Phối hợp với team backend/frontend để đảm bảo data layer ổn định.
- Xây dựng tooling, automation và quy trình backup/recovery.
- Tham gia on-call rotation, xử lý sự cố liên quan đến database.
- Viết tài liệu kỹ thuật, mentor thành viên mới trong team.
- Nghiên cứu và đánh giá công nghệ mới phục vụ nhu cầu kinh doanh.
- Đảm bảo tuân thủ security, data governance và privacy regulations.","Health insurance for family, Annual health check, Team building budget",VietConnect Telecom,Information Technology,Full-time,Senior,Remote,Xuân Phú,Thành phố Đà Nẵng,2700,3500,67,782
"Backend Developer (Database, Middle)","EduSmart đang tìm kiếm một Backend Developer (Database, Middle) để gia nhập đội ngũ kỹ thuật tại Đà Nẵng. Bạn sẽ làm việc với Cloud Database và các công nghệ liên quan để xây dựng, vận hành và tối ưu các hệ thống dữ liệu phục vụ hàng triệu người dùng tại Việt Nam.","- 3-4 năm kinh nghiệm làm việc thực tế với cơ sở dữ liệu quan hệ hoặc NoSQL.
- Thành thạo AWS RDS/Aurora, Azure SQL, GCP Cloud SQL, IaC.
- Có kinh nghiệm thiết kế schema, partitioning, replication.
- Kinh nghiệm monitoring và troubleshooting production databases.
- Khả năng làm việc độc lập và mentor junior members.","- Thiết kế, phát triển và vận hành các giải pháp dữ liệu sử dụng Cloud Database.
- Tối ưu hiệu năng truy vấn, indexing và partitioning cho hệ thống production.
- Phối hợp với team backend/frontend để đảm bảo data layer ổn định.
- Xây dựng tooling, automation và quy trình backup/recovery.
- Tham gia on-call rotation, xử lý sự cố liên quan đến database.
- Viết tài liệu kỹ thuật, mentor thành viên mới trong team.
- Nghiên cứu và đánh giá công nghệ mới phục vụ nhu cầu kinh doanh.
- Đảm bảo tuân thủ security, data governance và privacy regulations.","13th month salary, Health insurance, Annual leave 12+ days",EduSmart,Information Technology,Remote,Middle,Remote,Nông Sơn,Thành phố Đà Nẵng,1700,2400,71,291
Lập trình viên Database (Junior),"We are hiring a Lập trình viên Database (Junior) to join our database engineering team in Đà Nẵng. You will design, build, and operate scalable data platforms using Redis. Our systems process billions of records and power core business operations.","- 1-2 năm kinh nghiệm với SQL và ít nhất một RDBMS (MySQL/PostgreSQL/Oracle).
- Hiểu biết về indexing, query optimization và transaction isolation.
- Quen thuộc với Git và quy trình phát triển phần mềm.
- Khả năng đọc hiểu tài liệu tiếng Anh.","- Thiết kế, phát triển và vận hành các giải pháp dữ liệu sử dụng Redis.
- Tối ưu hiệu năng truy vấn, indexing và partitioning cho hệ thống production.
- Phối hợp với team backend/frontend để đảm bảo data layer ổn định.
- Xây dựng tooling, automation và quy trình backup/recovery.
- Tham gia on-call rotation, xử lý sự cố liên quan đến database.
- Viết tài liệu kỹ thuật, mentor thành viên mới trong team.
- Nghiên cứu và đánh giá công nghệ mới phục vụ nhu cầu kinh doanh.
- Đảm bảo tuân thủ security, data governance và privacy regulations.","Performance review 2x/year, Clear career path, International projects",EduSmart,Information Technology,Full-time,Junior,Onsite,Quế Sơn Trung,Thành phố Đà Nẵng,900,1200,30,1187
Database Developer (Middle) (Vietnam),"NextGen Software is looking for a Database Developer (Middle) (Vietnam) based in Đà Nẵng to strengthen our data platform. You will work on MySQL, focusing on schema design, performance tuning, backup/recovery, replication for production-grade systems.","- 3-4 năm kinh nghiệm làm việc thực tế với cơ sở dữ liệu quan hệ hoặc NoSQL.
- Thành thạo schema design, performance tuning, backup/recovery, replication.
- Có kinh nghiệm thiết kế schema, partitioning, replication.
- Kinh nghiệm monitoring và troubleshooting production databases.
- Khả năng làm việc độc lập và mentor junior members.","- Thiết kế, phát triển và vận hành các giải pháp dữ liệu sử dụng MySQL.
- Tối ưu hiệu năng truy vấn, indexing và partitioning cho hệ thống production.
- Phối hợp với team backend/frontend để đảm bảo data layer ổn định.
- Xây dựng tooling, automation và quy trình backup/recovery.
- Tham gia on-call rotation, xử lý sự cố liên quan đến database.
- Viết tài liệu kỹ thuật, mentor thành viên mới trong team.
- Nghiên cứu và đánh giá công nghệ mới phục vụ nhu cầu kinh doanh.
- Đảm bảo tuân thủ security, data governance và privacy regulations.","Health insurance for family, Annual health check, Team building budget",NextGen Software,Information Technology,Contract,Middle,Remote,Quế Sơn Trung,Thành phố Đà Nẵng,1700,2500,11,1175
Junior Database Developer,"FinCore Tech đang tìm kiếm một Junior Database Developer để gia nhập đội ngũ kỹ thuật tại Đà Nẵng. Bạn sẽ làm việc với SQL Server và các công nghệ liên quan để xây dựng, vận hành và tối ưu các hệ thống dữ liệu phục vụ hàng triệu người dùng tại Việt Nam.","- 1-2 năm kinh nghiệm với SQL và ít nhất một RDBMS (MySQL/PostgreSQL/Oracle).
- Hiểu biết về indexing, query optimization và transaction isolation.
- Quen thuộc với Git và quy trình phát triển phần mềm.
- Khả năng đọc hiểu tài liệu tiếng Anh.","- Thiết kế, phát triển và vận hành các giải pháp dữ liệu sử dụng SQL Server.
- Tối ưu hiệu năng truy vấn, indexing và partitioning cho hệ thống production.
- Phối hợp với team backend/frontend để đảm bảo data layer ổn định.
- Xây dựng tooling, automation và quy trình backup/recovery.
- Tham gia on-call rotation, xử lý sự cố liên quan đến database.
- Viết tài liệu kỹ thuật, mentor thành viên mới trong team.
- Nghiên cứu và đánh giá công nghệ mới phục vụ nhu cầu kinh doanh.
- Đảm bảo tuân thủ security, data governance và privacy regulations.","Remote-friendly, Flexible hours, Meal allowance 1.5M VND",FinCore Tech,Information Technology,Remote,Junior,Remote,Quế Phước,Thành phố Đà Nẵng,1000,1700,8,750
Junior Database Administrator,"We are hiring a Junior Database Administrator to join our database engineering team in Đà Nẵng. You will design, build, and operate scalable data platforms using PostgreSQL. Our systems process billions of records and power core business operations.","- 1-2 năm kinh nghiệm với SQL và ít nhất một RDBMS (MySQL/PostgreSQL/Oracle).
- Hiểu biết về indexing, query optimization và transaction isolation.
- Quen thuộc với Git và quy trình phát triển phần mềm.
- Khả năng đọc hiểu tài liệu tiếng Anh.","- Thiết kế, phát triển và vận hành các giải pháp dữ liệu sử dụng PostgreSQL.
- Tối ưu hiệu năng truy vấn, indexing và partitioning cho hệ thống production.
- Phối hợp với team backend/frontend để đảm bảo data layer ổn định.
- Xây dựng tooling, automation và quy trình backup/recovery.
- Tham gia on-call rotation, xử lý sự cố liên quan đến database.
- Viết tài liệu kỹ thuật, mentor thành viên mới trong team.
- Nghiên cứu và đánh giá công nghệ mới phục vụ nhu cầu kinh doanh.
- Đảm bảo tuân thủ security, data governance và privacy regulations.","Health insurance for family, Annual health check, Team building budget",VietConnect Telecom,Information Technology,Full-time,Junior,Onsite,Quế Phước,Thành phố Đà Nẵng,900,1600,62,1458
Senior Database Administrator,"EduSmart đang tìm kiếm một Senior Database Administrator để gia nhập đội ngũ kỹ thuật tại Đà Nẵng. Bạn sẽ làm việc với MongoDB và các công nghệ liên quan để xây dựng, vận hành và tối ưu các hệ thống dữ liệu phục vụ hàng triệu người dùng tại Việt Nam.","- 5+ năm kinh nghiệm database engineering với MongoDB.
- Chuyên sâu về sharding, replica sets, aggregation framework, schema design.
- Kinh nghiệm thiết kế hệ thống high-availability và disaster recovery.
- Khả năng review code, đào tạo và dẫn dắt kỹ thuật cho team.
- Tiếng Anh giao tiếp tốt là một lợi thế.","- Thiết kế, phát triển và vận hành các giải pháp dữ liệu sử dụng MongoDB.
- Tối ưu hiệu năng truy vấn, indexing và partitioning cho hệ thống production.
- Phối hợp với team backend/frontend để đảm bảo data layer ổn định.
- Xây dựng tooling, automation và quy trình backup/recovery.
- Tham gia on-call rotation, xử lý sự cố liên quan đến database.
- Viết tài liệu kỹ thuật, mentor thành viên mới trong team.
- Nghiên cứu và đánh giá công nghệ mới phục vụ nhu cầu kinh doanh.
- Đảm bảo tuân thủ security, data governance và privacy regulations.","Premium health insurance, English class, Book allowance",EduSmart,Information Technology,Full-time,Senior,Onsite,Quế Phước,Thành phố Đà Nẵng,2700,3800,1,1458
Director of Database Engineering,"NextGen Software is looking for a Director of Database Engineering based in Đà Nẵng to strengthen our data platform. You will work on Cloud Database, focusing on AWS RDS/Aurora, Azure SQL, GCP Cloud SQL, IaC for production-grade systems.","- 15+ năm kinh nghiệm, trong đó 7+ năm ở vị trí director/head.
- Định hướng chiến lược dữ liệu cho toàn bộ tổ chức.
- Kinh nghiệm làm việc với C-level, xây dựng data-driven culture.
- Hiểu biết sâu về data mesh, data fabric và modern data stack.","- Thiết kế, phát triển và vận hành các giải pháp dữ liệu sử dụng Cloud Database.
- Tối ưu hiệu năng truy vấn, indexing và partitioning cho hệ thống production.
- Phối hợp với team backend/frontend để đảm bảo data layer ổn định.
- Xây dựng tooling, automation và quy trình backup/recovery.
- Tham gia on-call rotation, xử lý sự cố liên quan đến database.
- Viết tài liệu kỹ thuật, mentor thành viên mới trong team.
- Nghiên cứu và đánh giá công nghệ mới phục vụ nhu cầu kinh doanh.
- Đảm bảo tuân thủ security, data governance và privacy regulations.","Laptop & gear provided, Training budget 5M/year, Conference sponsorship",NextGen Software,Information Technology,Part-time,Director,Remote,Thạnh Mỹ,Thành phố Đà Nẵng,6400,9500,35,1130
Lead DBA - Hybrid,"FinCore Tech đang tìm kiếm một Lead DBA - Hybrid để gia nhập đội ngũ kỹ thuật tại Đà Nẵng. Bạn sẽ làm việc với MongoDB và các công nghệ liên quan để xây dựng, vận hành và tối ưu các hệ thống dữ liệu phục vụ hàng triệu người dùng tại Việt Nam.","- 7+ năm kinh nghiệm, trong đó có ít nhất 2 năm ở vị trí lead.
- Chuyên sâu MongoDB và hệ sinh thái xung quanh.
- Kinh nghiệm thiết kế kiến trúc dữ liệu cho hệ thống scale lớn.
- Khả năng lãnh đạo team 4-6 người, làm việc với stakeholders.","- Thiết kế, phát triển và vận hành các giải pháp dữ liệu sử dụng MongoDB.
- Tối ưu hiệu năng truy vấn, indexing và partitioning cho hệ thống production.
- Phối hợp với team backend/frontend để đảm bảo data layer ổn định.
- Xây dựng tooling, automation và quy trình backup/recovery.
- Tham gia on-call rotation, xử lý sự cố liên quan đến database.
- Viết tài liệu kỹ thuật, mentor thành viên mới trong team.
- Nghiên cứu và đánh giá công nghệ mới phục vụ nhu cầu kinh doanh.
- Đảm bảo tuân thủ security, data governance và privacy regulations.","Premium health insurance, English class, Book allowance",FinCore Tech,Information Technology,Contract,Lead,Onsite,Thạnh Mỹ,Thành phố Đà Nẵng,3500,5000,69,1089
Lead Data Engineer,"VietConnect Telecom mở rộng team database và cần một Lead Data Engineer giàu kinh nghiệm về PostgreSQL. Bạn sẽ đóng vai trò chủ chốt trong việc thiết kế schema, tối ưu truy vấn và đảm bảo độ tin cậy của các hệ thống dữ liệu quan trọng.","- 7+ năm kinh nghiệm, trong đó có ít nhất 2 năm ở vị trí lead.
- Chuyên sâu PostgreSQL và hệ sinh thái xung quanh.
- Kinh nghiệm thiết kế kiến trúc dữ liệu cho hệ thống scale lớn.
- Khả năng lãnh đạo team 4-6 người, làm việc với stakeholders.","- Thiết kế, phát triển và vận hành các giải pháp dữ liệu sử dụng PostgreSQL.
- Tối ưu hiệu năng truy vấn, indexing và partitioning cho hệ thống production.
- Phối hợp với team backend/frontend để đảm bảo data layer ổn định.
- Xây dựng tooling, automation và quy trình backup/recovery.
- Tham gia on-call rotation, xử lý sự cố liên quan đến database.
- Viết tài liệu kỹ thuật, mentor thành viên mới trong team.
- Nghiên cứu và đánh giá công nghệ mới phục vụ nhu cầu kinh doanh.
- Đảm bảo tuân thủ security, data governance và privacy regulations.","Performance review 2x/year, Clear career path, International projects",VietConnect Telecom,Information Technology,Full-time,Lead,Remote,Thạnh Mỹ,Thành phố Đà Nẵng,3700,5300,13,1097
Middle Database Administrator,"MediTech Global mở rộng team database và cần một Middle Database Administrator giàu kinh nghiệm về Data Warehouse. Bạn sẽ đóng vai trò chủ chốt trong việc thiết kế schema, tối ưu truy vấn và đảm bảo độ tin cậy của các hệ thống dữ liệu quan trọng.","- 3-4 năm kinh nghiệm làm việc thực tế với cơ sở dữ liệu quan hệ hoặc NoSQL.
- Thành thạo dimensional modeling, ETL/ELT, dbt, Snowflake/BigQuery.
- Có kinh nghiệm thiết kế schema, partitioning, replication.
- Kinh nghiệm monitoring và troubleshooting production databases.
- Khả năng làm việc độc lập và mentor junior members.","- Thiết kế, phát triển và vận hành các giải pháp dữ liệu sử dụng Data Warehouse.
- Tối ưu hiệu năng truy vấn, indexing và partitioning cho hệ thống production.
- Phối hợp với team backend/frontend để đảm bảo data layer ổn định.
- Xây dựng tooling, automation và quy trình backup/recovery.
- Tham gia on-call rotation, xử lý sự cố liên quan đến database.
- Viết tài liệu kỹ thuật, mentor thành viên mới trong team.
- Nghiên cứu và đánh giá công nghệ mới phục vụ nhu cầu kinh doanh.
- Đảm bảo tuân thủ security, data governance và privacy regulations.","Laptop & gear provided, Training budget 5M/year, Conference sponsorship",MediTech Global,Information Technology,Contract,Middle,Onsite,La Êê,Thành phố Đà Nẵng,1900,2700,49,731
Principal DBA,"FinCore Tech is looking for a Principal DBA based in Đà Nẵng to strengthen our data platform. You will work on MySQL, focusing on schema design, performance tuning, backup/recovery, replication for production-grade systems.","- 10+ năm kinh nghiệm database/data engineering ở các hệ thống production quy mô lớn.
- Tầm nhìn kiến trúc và khả năng đưa ra quyết định công nghệ dài hạn.
- Kinh nghiệm làm việc với cloud data platforms (AWS/Azure/GCP).
- Đã từng thiết kế hệ thống phục vụ hàng trăm triệu records.","- Thiết kế, phát triển và vận hành các giải pháp dữ liệu sử dụng MySQL.
- Tối ưu hiệu năng truy vấn, indexing và partitioning cho hệ thống production.
- Phối hợp với team backend/frontend để đảm bảo data layer ổn định.
- Xây dựng tooling, automation và quy trình backup/recovery.
- Tham gia on-call rotation, xử lý sự cố liên quan đến database.
- Viết tài liệu kỹ thuật, mentor thành viên mới trong team.
- Nghiên cứu và đánh giá công nghệ mới phục vụ nhu cầu kinh doanh.
- Đảm bảo tuân thủ security, data governance và privacy regulations.","Health insurance for family, Annual health check, Team building budget",FinCore Tech,Information Technology,Hybrid,Principal,Onsite,La Dêê,Thành phố Đà Nẵng,4500,6500,5,1190
Senior PostgreSQL DBA (Vietnam),"EduSmart mở rộng team database và cần một Senior PostgreSQL DBA (Vietnam) giàu kinh nghiệm về MySQL. Bạn sẽ đóng vai trò chủ chốt trong việc thiết kế schema, tối ưu truy vấn và đảm bảo độ tin cậy của các hệ thống dữ liệu quan trọng.","- 5+ năm kinh nghiệm database engineering với MySQL.
- Chuyên sâu về schema design, performance tuning, backup/recovery, replication.
- Kinh nghiệm thiết kế hệ thống high-availability và disaster recovery.
- Khả năng review code, đào tạo và dẫn dắt kỹ thuật cho team.
- Tiếng Anh giao tiếp tốt là một lợi thế.","- Thiết kế, phát triển và vận hành các giải pháp dữ liệu sử dụng MySQL.
- Tối ưu hiệu năng truy vấn, indexing và partitioning cho hệ thống production.
- Phối hợp với team backend/frontend để đảm bảo data layer ổn định.
- Xây dựng tooling, automation và quy trình backup/recovery.
- Tham gia on-call rotation, xử lý sự cố liên quan đến database.
- Viết tài liệu kỹ thuật, mentor thành viên mới trong team.
- Nghiên cứu và đánh giá công nghệ mới phục vụ nhu cầu kinh doanh.
- Đảm bảo tuân thủ security, data governance và privacy regulations.","Competitive salary, Project bonus, Long-service award",EduSmart,Information Technology,Full-time,Senior,Onsite,Bến Giằng,Thành phố Đà Nẵng,2700,3600,20,720
Lập trình viên Database (Junior),"CodeBridge Solutions mở rộng team database và cần một Lập trình viên Database (Junior) giàu kinh nghiệm về MongoDB. Bạn sẽ đóng vai trò chủ chốt trong việc thiết kế schema, tối ưu truy vấn và đảm bảo độ tin cậy của các hệ thống dữ liệu quan trọng.","- 1-2 năm kinh nghiệm với SQL và ít nhất một RDBMS (MySQL/PostgreSQL/Oracle).
- Hiểu biết về indexing, query optimization và transaction isolation.
- Quen thuộc với Git và quy trình phát triển phần mềm.
- Khả năng đọc hiểu tài liệu tiếng Anh.","- Thiết kế, phát triển và vận hành các giải pháp dữ liệu sử dụng MongoDB.
- Tối ưu hiệu năng truy vấn, indexing và partitioning cho hệ thống production.
- Phối hợp với team backend/frontend để đảm bảo data layer ổn định.
- Xây dựng tooling, automation và quy trình backup/recovery.
- Tham gia on-call rotation, xử lý sự cố liên quan đến database.
- Viết tài liệu kỹ thuật, mentor thành viên mới trong team.
- Nghiên cứu và đánh giá công nghệ mới phục vụ nhu cầu kinh doanh.
- Đảm bảo tuân thủ security, data governance và privacy regulations.","Flexible working hours, WFH 3 days/week, Annual trip",CodeBridge Solutions,Information Technology,Internship,Junior,Onsite,Đắc Pring,Thành phố Đà Nẵng,1200,1500,8,664
Middle ETL Developer,"NextGen Software mở rộng team database và cần một Middle ETL Developer giàu kinh nghiệm về MySQL. Bạn sẽ đóng vai trò chủ chốt trong việc thiết kế schema, tối ưu truy vấn và đảm bảo độ tin cậy của các hệ thống dữ liệu quan trọng.","- 3-4 năm kinh nghiệm làm việc thực tế với cơ sở dữ liệu quan hệ hoặc NoSQL.
- Thành thạo schema design, performance tuning, backup/recovery, replication.
- Có kinh nghiệm thiết kế schema, partitioning, replication.
- Kinh nghiệm monitoring và troubleshooting production databases.
- Khả năng làm việc độc lập và mentor junior members.","- Thiết kế, phát triển và vận hành các giải pháp dữ liệu sử dụng MySQL.
- Tối ưu hiệu năng truy vấn, indexing và partitioning cho hệ thống production.
- Phối hợp với team backend/frontend để đảm bảo data layer ổn định.
- Xây dựng tooling, automation và quy trình backup/recovery.
- Tham gia on-call rotation, xử lý sự cố liên quan đến database.
- Viết tài liệu kỹ thuật, mentor thành viên mới trong team.
- Nghiên cứu và đánh giá công nghệ mới phục vụ nhu cầu kinh doanh.
- Đảm bảo tuân thủ security, data governance và privacy regulations.","13th month salary, Health insurance, Annual leave 12+ days",NextGen Software,Information Technology,Full-time,Middle,Remote,Khâm Đức,Thành phố Đà Nẵng,2000,2200,25,444
Lập trình viên Database (Junior),"We are hiring a Lập trình viên Database (Junior) to join our database engineering team in Đà Nẵng. You will design, build, and operate scalable data platforms using Data Warehouse. Our systems process billions of records and power core business operations.","- 1-2 năm kinh nghiệm với SQL và ít nhất một RDBMS (MySQL/PostgreSQL/Oracle).
- Hiểu biết về indexing, query optimization và transaction isolation.
- Quen thuộc với Git và quy trình phát triển phần mềm.
- Khả năng đọc hiểu tài liệu tiếng Anh.","- Thiết kế, phát triển và vận hành các giải pháp dữ liệu sử dụng Data Warehouse.
- Tối ưu hiệu năng truy vấn, indexing và partitioning cho hệ thống production.
- Phối hợp với team backend/frontend để đảm bảo data layer ổn định.
- Xây dựng tooling, automation và quy trình backup/recovery.
- Tham gia on-call rotation, xử lý sự cố liên quan đến database.
- Viết tài liệu kỹ thuật, mentor thành viên mới trong team.
- Nghiên cứu và đánh giá công nghệ mới phục vụ nhu cầu kinh doanh.
- Đảm bảo tuân thủ security, data governance và privacy regulations.","Laptop & gear provided, Training budget 5M/year, Conference sponsorship",ChainWorks,Information Technology,Full-time,Junior,Remote,Khâm Đức,Thành phố Đà Nẵng,900,1200,41,353
Middle Data Engineer,"ChainWorks mở rộng team database và cần một Middle Data Engineer giàu kinh nghiệm về SQL Server. Bạn sẽ đóng vai trò chủ chốt trong việc thiết kế schema, tối ưu truy vấn và đảm bảo độ tin cậy của các hệ thống dữ liệu quan trọng.","- 3-4 năm kinh nghiệm làm việc thực tế với cơ sở dữ liệu quan hệ hoặc NoSQL.
- Thành thạo T-SQL, stored procedures, Always On, SSIS/SSRS.
- Có kinh nghiệm thiết kế schema, partitioning, replication.
- Kinh nghiệm monitoring và troubleshooting production databases.
- Khả năng làm việc độc lập và mentor junior members.","- Thiết kế, phát triển và vận hành các giải pháp dữ liệu sử dụng SQL Server.
- Tối ưu hiệu năng truy vấn, indexing và partitioning cho hệ thống production.
- Phối hợp với team backend/frontend để đảm bảo data layer ổn định.
- Xây dựng tooling, automation và quy trình backup/recovery.
- Tham gia on-call rotation, xử lý sự cố liên quan đến database.
- Viết tài liệu kỹ thuật, mentor thành viên mới trong team.
- Nghiên cứu và đánh giá công nghệ mới phục vụ nhu cầu kinh doanh.
- Đảm bảo tuân thủ security, data governance và privacy regulations.","Remote-friendly, Flexible hours, Meal allowance 1.5M VND",ChainWorks,Information Technology,Full-time,Middle,Onsite,Phước Thành,Thành phố Đà Nẵng,1800,2800,9,1147
Junior MySQL Developer,"ShopSphere đang tìm kiếm một Junior MySQL Developer để gia nhập đội ngũ kỹ thuật tại Đà Nẵng. Bạn sẽ làm việc với Big Data và các công nghệ liên quan để xây dựng, vận hành và tối ưu các hệ thống dữ liệu phục vụ hàng triệu người dùng tại Việt Nam.","- 1-2 năm kinh nghiệm với SQL và ít nhất một RDBMS (MySQL/PostgreSQL/Oracle).
- Hiểu biết về indexing, query optimization và transaction isolation.
- Quen thuộc với Git và quy trình phát triển phần mềm.
- Khả năng đọc hiểu tài liệu tiếng Anh.","- Thiết kế, phát triển và vận hành các giải pháp dữ liệu sử dụng Big Data.
- Tối ưu hiệu năng truy vấn, indexing và partitioning cho hệ thống production.
- Phối hợp với team backend/frontend để đảm bảo data layer ổn định.
- Xây dựng tooling, automation và quy trình backup/recovery.
- Tham gia on-call rotation, xử lý sự cố liên quan đến database.
- Viết tài liệu kỹ thuật, mentor thành viên mới trong team.
- Nghiên cứu và đánh giá công nghệ mới phục vụ nhu cầu kinh doanh.
- Đảm bảo tuân thủ security, data governance và privacy regulations.","Hybrid working, 14 days annual leave, Free snacks & coffee",ShopSphere,Information Technology,Full-time,Junior,Onsite,Phước Thành,Thành phố Đà Nẵng,1300,1400,9,1162
Middle ETL Developer,"Join NextGen Software as a Middle ETL Developer working on Oracle-based platforms. You will collaborate with backend, data and DevOps teams to deliver high-performance data infrastructure serving customers across Vietnam and SEA.","- 3-4 năm kinh nghiệm làm việc thực tế với cơ sở dữ liệu quan hệ hoặc NoSQL.
- Thành thạo PL/SQL, RAC, Data Guard, performance tuning, RMAN.
- Có kinh nghiệm thiết kế schema, partitioning, replication.
- Kinh nghiệm monitoring và troubleshooting production databases.
- Khả năng làm việc độc lập và mentor junior members.","- Thiết kế, phát triển và vận hành các giải pháp dữ liệu sử dụng Oracle.
- Tối ưu hiệu năng truy vấn, indexing và partitioning cho hệ thống production.
- Phối hợp với team backend/frontend để đảm bảo data layer ổn định.
- Xây dựng tooling, automation và quy trình backup/recovery.
- Tham gia on-call rotation, xử lý sự cố liên quan đến database.
- Viết tài liệu kỹ thuật, mentor thành viên mới trong team.
- Nghiên cứu và đánh giá công nghệ mới phục vụ nhu cầu kinh doanh.
- Đảm bảo tuân thủ security, data governance và privacy regulations.","Flexible working hours, WFH 3 days/week, Annual trip",NextGen Software,Information Technology,Full-time,Middle,Onsite,Việt An,Thành phố Đà Nẵng,1900,2200,55,643
Thực tập sinh Database,"We are hiring a Thực tập sinh Database to join our database engineering team in Đà Nẵng. You will design, build, and operate scalable data platforms using PostgreSQL. Our systems process billions of records and power core business operations.","- Tốt nghiệp Đại học chuyên ngành CNTT hoặc tương đương.
- Hiểu biết cơ bản về SQL và một hệ quản trị cơ sở dữ liệu quan hệ.
- Tiếng Anh đọc hiểu tài liệu kỹ thuật.
- Tinh thần ham học hỏi, có khả năng làm việc nhóm.","- Thiết kế, phát triển và vận hành các giải pháp dữ liệu sử dụng PostgreSQL.
- Tối ưu hiệu năng truy vấn, indexing và partitioning cho hệ thống production.
- Phối hợp với team backend/frontend để đảm bảo data layer ổn định.
- Xây dựng tooling, automation và quy trình backup/recovery.
- Tham gia on-call rotation, xử lý sự cố liên quan đến database.
- Viết tài liệu kỹ thuật, mentor thành viên mới trong team.
- Nghiên cứu và đánh giá công nghệ mới phục vụ nhu cầu kinh doanh.
- Đảm bảo tuân thủ security, data governance và privacy regulations.","Health insurance for family, Annual health check, Team building budget",ChainWorks,Information Technology,Full-time,Fresher,Remote,Thăng Bình,Thành phố Đà Nẵng,500,900,64,1255
Lead Data Engineer,"Join EduSmart as a Lead Data Engineer working on MySQL-based platforms. You will collaborate with backend, data and DevOps teams to deliver high-performance data infrastructure serving customers across Vietnam and SEA.","- 7+ năm kinh nghiệm, trong đó có ít nhất 2 năm ở vị trí lead.
- Chuyên sâu MySQL và hệ sinh thái xung quanh.
- Kinh nghiệm thiết kế kiến trúc dữ liệu cho hệ thống scale lớn.
- Khả năng lãnh đạo team 4-6 người, làm việc với stakeholders.","- Thiết kế, phát triển và vận hành các giải pháp dữ liệu sử dụng MySQL.
- Tối ưu hiệu năng truy vấn, indexing và partitioning cho hệ thống production.
- Phối hợp với team backend/frontend để đảm bảo data layer ổn định.
- Xây dựng tooling, automation và quy trình backup/recovery.
- Tham gia on-call rotation, xử lý sự cố liên quan đến database.
- Viết tài liệu kỹ thuật, mentor thành viên mới trong team.
- Nghiên cứu và đánh giá công nghệ mới phục vụ nhu cầu kinh doanh.
- Đảm bảo tuân thủ security, data governance và privacy regulations.","Laptop & gear provided, Training budget 5M/year, Conference sponsorship",EduSmart,Information Technology,Full-time,Lead,Remote,Thăng An,Thành phố Đà Nẵng,3800,5100,49,1403
Head of Database (Vietnam),"ChainWorks is looking for a Head of Database (Vietnam) based in Đà Nẵng to strengthen our data platform. You will work on Big Data, focusing on Spark, Hadoop, Kafka, Airflow, data lake architectures for production-grade systems.","- 15+ năm kinh nghiệm, trong đó 7+ năm ở vị trí director/head.
- Định hướng chiến lược dữ liệu cho toàn bộ tổ chức.
- Kinh nghiệm làm việc với C-level, xây dựng data-driven culture.
- Hiểu biết sâu về data mesh, data fabric và modern data stack.","- Thiết kế, phát triển và vận hành các giải pháp dữ liệu sử dụng Big Data.
- Tối ưu hiệu năng truy vấn, indexing và partitioning cho hệ thống production.
- Phối hợp với team backend/frontend để đảm bảo data layer ổn định.
- Xây dựng tooling, automation và quy trình backup/recovery.
- Tham gia on-call rotation, xử lý sự cố liên quan đến database.
- Viết tài liệu kỹ thuật, mentor thành viên mới trong team.
- Nghiên cứu và đánh giá công nghệ mới phục vụ nhu cầu kinh doanh.
- Đảm bảo tuân thủ security, data governance và privacy regulations.","Health insurance for family, Annual health check, Team building budget",ChainWorks,Information Technology,Hybrid,Director,Onsite,Đồng Dương,Thành phố Đà Nẵng,6400,9700,37,91
Senior Database Developer,"VietConnect Telecom mở rộng team database và cần một Senior Database Developer giàu kinh nghiệm về Cloud Database. Bạn sẽ đóng vai trò chủ chốt trong việc thiết kế schema, tối ưu truy vấn và đảm bảo độ tin cậy của các hệ thống dữ liệu quan trọng.","- 5+ năm kinh nghiệm database engineering với Cloud Database.
- Chuyên sâu về AWS RDS/Aurora, Azure SQL, GCP Cloud SQL, IaC.
- Kinh nghiệm thiết kế hệ thống high-availability và disaster recovery.
- Khả năng review code, đào tạo và dẫn dắt kỹ thuật cho team.
- Tiếng Anh giao tiếp tốt là một lợi thế.","- Thiết kế, phát triển và vận hành các giải pháp dữ liệu sử dụng Cloud Database.
- Tối ưu hiệu năng truy vấn, indexing và partitioning cho hệ thống production.
- Phối hợp với team backend/frontend để đảm bảo data layer ổn định.
- Xây dựng tooling, automation và quy trình backup/recovery.
- Tham gia on-call rotation, xử lý sự cố liên quan đến database.
- Viết tài liệu kỹ thuật, mentor thành viên mới trong team.
- Nghiên cứu và đánh giá công nghệ mới phục vụ nhu cầu kinh doanh.
- Đảm bảo tuân thủ security, data governance và privacy regulations.","Performance review 2x/year, Clear career path, International projects",VietConnect Telecom,Information Technology,Full-time,Senior,Onsite,Đồng Dương,Thành phố Đà Nẵng,2700,4300,28,659
Database Manager - Hybrid,"ChainWorks mở rộng team database và cần một Database Manager - Hybrid giàu kinh nghiệm về Redis. Bạn sẽ đóng vai trò chủ chốt trong việc thiết kế schema, tối ưu truy vấn và đảm bảo độ tin cậy của các hệ thống dữ liệu quan trọng.","- 12+ năm kinh nghiệm CNTT, trong đó 5+ năm quản lý team data/database.
- Kinh nghiệm xây dựng và vận hành data platform ở quy mô enterprise.
- Kỹ năng quản lý stakeholder, ngân sách và lộ trình kỹ thuật.
- Tư duy chiến lược về data governance, security và compliance.","- Thiết kế, phát triển và vận hành các giải pháp dữ liệu sử dụng Redis.
- Tối ưu hiệu năng truy vấn, indexing và partitioning cho hệ thống production.
- Phối hợp với team backend/frontend để đảm bảo data layer ổn định.
- Xây dựng tooling, automation và quy trình backup/recovery.
- Tham gia on-call rotation, xử lý sự cố liên quan đến database.
- Viết tài liệu kỹ thuật, mentor thành viên mới trong team.
- Nghiên cứu và đánh giá công nghệ mới phục vụ nhu cầu kinh doanh.
- Đảm bảo tuân thủ security, data governance và privacy regulations.","Flexible working hours, WFH 3 days/week, Annual trip",ChainWorks,Information Technology,Contract,Manager,Remote,Thăng Phú,Thành phố Đà Nẵng,4000,6300,65,1322
Junior Database Administrator,"We are hiring a Junior Database Administrator to join our database engineering team in Đà Nẵng. You will design, build, and operate scalable data platforms using Oracle. Our systems process billions of records and power core business operations.","- 1-2 năm kinh nghiệm với SQL và ít nhất một RDBMS (MySQL/PostgreSQL/Oracle).
- Hiểu biết về indexing, query optimization và transaction isolation.
- Quen thuộc với Git và quy trình phát triển phần mềm.
- Khả năng đọc hiểu tài liệu tiếng Anh.","- Thiết kế, phát triển và vận hành các giải pháp dữ liệu sử dụng Oracle.
- Tối ưu hiệu năng truy vấn, indexing và partitioning cho hệ thống production.
- Phối hợp với team backend/frontend để đảm bảo data layer ổn định.
- Xây dựng tooling, automation và quy trình backup/recovery.
- Tham gia on-call rotation, xử lý sự cố liên quan đến database.
- Viết tài liệu kỹ thuật, mentor thành viên mới trong team.
- Nghiên cứu và đánh giá công nghệ mới phục vụ nhu cầu kinh doanh.
- Đảm bảo tuân thủ security, data governance và privacy regulations.","Laptop & gear provided, Training budget 5M/year, Conference sponsorship",ShopSphere,Information Technology,Full-time,Junior,Remote,Thăng Phú,Thành phố Đà Nẵng,900,1300,48,1391
Senior PostgreSQL DBA - Hybrid,"VietConnect Telecom mở rộng team database và cần một Senior PostgreSQL DBA - Hybrid giàu kinh nghiệm về MySQL. Bạn sẽ đóng vai trò chủ chốt trong việc thiết kế schema, tối ưu truy vấn và đảm bảo độ tin cậy của các hệ thống dữ liệu quan trọng.","- 5+ năm kinh nghiệm database engineering với MySQL.
- Chuyên sâu về schema design, performance tuning, backup/recovery, replication.
- Kinh nghiệm thiết kế hệ thống high-availability và disaster recovery.
- Khả năng review code, đào tạo và dẫn dắt kỹ thuật cho team.
- Tiếng Anh giao tiếp tốt là một lợi thế.","- Thiết kế, phát triển và vận hành các giải pháp dữ liệu sử dụng MySQL.
- Tối ưu hiệu năng truy vấn, indexing và partitioning cho hệ thống production.
- Phối hợp với team backend/frontend để đảm bảo data layer ổn định.
- Xây dựng tooling, automation và quy trình backup/recovery.
- Tham gia on-call rotation, xử lý sự cố liên quan đến database.
- Viết tài liệu kỹ thuật, mentor thành viên mới trong team.
- Nghiên cứu và đánh giá công nghệ mới phục vụ nhu cầu kinh doanh.
- Đảm bảo tuân thủ security, data governance và privacy regulations.","Competitive salary, Project bonus, Long-service award",VietConnect Telecom,Information Technology,Full-time,Senior,Onsite,Thăng Phú,Thành phố Đà Nẵng,2600,4100,71,547
Fresher Backend Developer (Database),"Join ChainWorks as a Fresher Backend Developer (Database) working on PostgreSQL-based platforms. You will collaborate with backend, data and DevOps teams to deliver high-performance data infrastructure serving customers across Vietnam and SEA.","- Tốt nghiệp Đại học chuyên ngành CNTT hoặc tương đương.
- Hiểu biết cơ bản về SQL và một hệ quản trị cơ sở dữ liệu quan hệ.
- Tiếng Anh đọc hiểu tài liệu kỹ thuật.
- Tinh thần ham học hỏi, có khả năng làm việc nhóm.","- Thiết kế, phát triển và vận hành các giải pháp dữ liệu sử dụng PostgreSQL.
- Tối ưu hiệu năng truy vấn, indexing và partitioning cho hệ thống production.
- Phối hợp với team backend/frontend để đảm bảo data layer ổn định.
- Xây dựng tooling, automation và quy trình backup/recovery.
- Tham gia on-call rotation, xử lý sự cố liên quan đến database.
- Viết tài liệu kỹ thuật, mentor thành viên mới trong team.
- Nghiên cứu và đánh giá công nghệ mới phục vụ nhu cầu kinh doanh.
- Đảm bảo tuân thủ security, data governance và privacy regulations.","Laptop & gear provided, Training budget 5M/year, Conference sponsorship",ChainWorks,Information Technology,Hybrid,Fresher,Remote,Thăng Phú,Thành phố Đà Nẵng,700,800,31,1072
Database Engineer,"We are hiring a Database Engineer to join our database engineering team in Đà Nẵng. You will design, build, and operate scalable data platforms using MySQL. Our systems process billions of records and power core business operations.","- 3-4 năm kinh nghiệm làm việc thực tế với cơ sở dữ liệu quan hệ hoặc NoSQL.
- Thành thạo schema design, performance tuning, backup/recovery, replication.
- Có kinh nghiệm thiết kế schema, partitioning, replication.
- Kinh nghiệm monitoring và troubleshooting production databases.
- Khả năng làm việc độc lập và mentor junior members.","- Thiết kế, phát triển và vận hành các giải pháp dữ liệu sử dụng MySQL.
- Tối ưu hiệu năng truy vấn, indexing và partitioning cho hệ thống production.
- Phối hợp với team backend/frontend để đảm bảo data layer ổn định.
- Xây dựng tooling, automation và quy trình backup/recovery.
- Tham gia on-call rotation, xử lý sự cố liên quan đến database.
- Viết tài liệu kỹ thuật, mentor thành viên mới trong team.
- Nghiên cứu và đánh giá công nghệ mới phục vụ nhu cầu kinh doanh.
- Đảm bảo tuân thủ security, data governance và privacy regulations.","Performance bonus up to 3 months, Stock options, Premium healthcare",VietConnect Telecom,Information Technology,Full-time,Middle,Onsite,Thăng Trường,Thành phố Đà Nẵng,2000,2300,27,1008
Database Developer (Middle) (Vietnam),"MediTech Global mở rộng team database và cần một Database Developer (Middle) (Vietnam) giàu kinh nghiệm về Redis. Bạn sẽ đóng vai trò chủ chốt trong việc thiết kế schema, tối ưu truy vấn và đảm bảo độ tin cậy của các hệ thống dữ liệu quan trọng.","- 3-4 năm kinh nghiệm làm việc thực tế với cơ sở dữ liệu quan hệ hoặc NoSQL.
- Thành thạo cluster, persistence, pub/sub, caching strategies.
- Có kinh nghiệm thiết kế schema, partitioning, replication.
- Kinh nghiệm monitoring và troubleshooting production databases.
- Khả năng làm việc độc lập và mentor junior members.","- Thiết kế, phát triển và vận hành các giải pháp dữ liệu sử dụng Redis.
- Tối ưu hiệu năng truy vấn, indexing và partitioning cho hệ thống production.
- Phối hợp với team backend/frontend để đảm bảo data layer ổn định.
- Xây dựng tooling, automation và quy trình backup/recovery.
- Tham gia on-call rotation, xử lý sự cố liên quan đến database.
- Viết tài liệu kỹ thuật, mentor thành viên mới trong team.
- Nghiên cứu và đánh giá công nghệ mới phục vụ nhu cầu kinh doanh.
- Đảm bảo tuân thủ security, data governance và privacy regulations.","Competitive salary, Project bonus, Long-service award",MediTech Global,Information Technology,Full-time,Middle,Onsite,Sơn Cẩm Hà,Thành phố Đà Nẵng,1500,2900,7,1404
Lead DBA,"FinCore Tech đang tìm kiếm một Lead DBA để gia nhập đội ngũ kỹ thuật tại Đà Nẵng. Bạn sẽ làm việc với MySQL và các công nghệ liên quan để xây dựng, vận hành và tối ưu các hệ thống dữ liệu phục vụ hàng triệu người dùng tại Việt Nam.","- 7+ năm kinh nghiệm, trong đó có ít nhất 2 năm ở vị trí lead.
- Chuyên sâu MySQL và hệ sinh thái xung quanh.
- Kinh nghiệm thiết kế kiến trúc dữ liệu cho hệ thống scale lớn.
- Khả năng lãnh đạo team 4-6 người, làm việc với stakeholders.","- Thiết kế, phát triển và vận hành các giải pháp dữ liệu sử dụng MySQL.
- Tối ưu hiệu năng truy vấn, indexing và partitioning cho hệ thống production.
- Phối hợp với team backend/frontend để đảm bảo data layer ổn định.
- Xây dựng tooling, automation và quy trình backup/recovery.
- Tham gia on-call rotation, xử lý sự cố liên quan đến database.
- Viết tài liệu kỹ thuật, mentor thành viên mới trong team.
- Nghiên cứu và đánh giá công nghệ mới phục vụ nhu cầu kinh doanh.
- Đảm bảo tuân thủ security, data governance và privacy regulations.","Competitive salary, Project bonus, Long-service award",FinCore Tech,Information Technology,Full-time,Lead,Remote,Thạnh Bình,Thành phố Đà Nẵng,3800,5400,20,159
Senior Database Migration Specialist,"EduSmart mở rộng team database và cần một Senior Database Migration Specialist giàu kinh nghiệm về Oracle. Bạn sẽ đóng vai trò chủ chốt trong việc thiết kế schema, tối ưu truy vấn và đảm bảo độ tin cậy của các hệ thống dữ liệu quan trọng.","- 5+ năm kinh nghiệm database engineering với Oracle.
- Chuyên sâu về PL/SQL, RAC, Data Guard, performance tuning, RMAN.
- Kinh nghiệm thiết kế hệ thống high-availability và disaster recovery.
- Khả năng review code, đào tạo và dẫn dắt kỹ thuật cho team.
- Tiếng Anh giao tiếp tốt là một lợi thế.","- Thiết kế, phát triển và vận hành các giải pháp dữ liệu sử dụng Oracle.
- Tối ưu hiệu năng truy vấn, indexing và partitioning cho hệ thống production.
- Phối hợp với team backend/frontend để đảm bảo data layer ổn định.
- Xây dựng tooling, automation và quy trình backup/recovery.
- Tham gia on-call rotation, xử lý sự cố liên quan đến database.
- Viết tài liệu kỹ thuật, mentor thành viên mới trong team.
- Nghiên cứu và đánh giá công nghệ mới phục vụ nhu cầu kinh doanh.
- Đảm bảo tuân thủ security, data governance và privacy regulations.","Health insurance for family, Annual health check, Team building budget",EduSmart,Information Technology,Remote,Senior,Remote,Trà My,Thành phố Đà Nẵng,2800,4200,14,239
Director of Database Engineering (Vietnam),"Join NextGen Software as a Director of Database Engineering (Vietnam) working on MySQL-based platforms. You will collaborate with backend, data and DevOps teams to deliver high-performance data infrastructure serving customers across Vietnam and SEA.","- 15+ năm kinh nghiệm, trong đó 7+ năm ở vị trí director/head.
- Định hướng chiến lược dữ liệu cho toàn bộ tổ chức.
- Kinh nghiệm làm việc với C-level, xây dựng data-driven culture.
- Hiểu biết sâu về data mesh, data fabric và modern data stack.","- Thiết kế, phát triển và vận hành các giải pháp dữ liệu sử dụng MySQL.
- Tối ưu hiệu năng truy vấn, indexing và partitioning cho hệ thống production.
- Phối hợp với team backend/frontend để đảm bảo data layer ổn định.
- Xây dựng tooling, automation và quy trình backup/recovery.
- Tham gia on-call rotation, xử lý sự cố liên quan đến database.
- Viết tài liệu kỹ thuật, mentor thành viên mới trong team.
- Nghiên cứu và đánh giá công nghệ mới phục vụ nhu cầu kinh doanh.
- Đảm bảo tuân thủ security, data governance và privacy regulations.","Hybrid working, 14 days annual leave, Free snacks & coffee",NextGen Software,Information Technology,Full-time,Director,Onsite,Trà My,Thành phố Đà Nẵng,6300,8500,17,533
Lập trình viên Database (Junior),"We are hiring a Lập trình viên Database (Junior) to join our database engineering team in Đà Nẵng. You will design, build, and operate scalable data platforms using Database DevOps. Our systems process billions of records and power core business operations.","- 1-2 năm kinh nghiệm với SQL và ít nhất một RDBMS (MySQL/PostgreSQL/Oracle).
- Hiểu biết về indexing, query optimization và transaction isolation.
- Quen thuộc với Git và quy trình phát triển phần mềm.
- Khả năng đọc hiểu tài liệu tiếng Anh.","- Thiết kế, phát triển và vận hành các giải pháp dữ liệu sử dụng Database DevOps.
- Tối ưu hiệu năng truy vấn, indexing và partitioning cho hệ thống production.
- Phối hợp với team backend/frontend để đảm bảo data layer ổn định.
- Xây dựng tooling, automation và quy trình backup/recovery.
- Tham gia on-call rotation, xử lý sự cố liên quan đến database.
- Viết tài liệu kỹ thuật, mentor thành viên mới trong team.
- Nghiên cứu và đánh giá công nghệ mới phục vụ nhu cầu kinh doanh.
- Đảm bảo tuân thủ security, data governance và privacy regulations.","Health insurance for family, Annual health check, Team building budget",CodeBridge Solutions,Information Technology,Full-time,Junior,Remote,Trà My,Thành phố Đà Nẵng,1100,1300,61,324
Data Engineering Manager (Vietnam),"ChainWorks mở rộng team database và cần một Data Engineering Manager (Vietnam) giàu kinh nghiệm về MongoDB. Bạn sẽ đóng vai trò chủ chốt trong việc thiết kế schema, tối ưu truy vấn và đảm bảo độ tin cậy của các hệ thống dữ liệu quan trọng.","- 12+ năm kinh nghiệm CNTT, trong đó 5+ năm quản lý team data/database.
- Kinh nghiệm xây dựng và vận hành data platform ở quy mô enterprise.
- Kỹ năng quản lý stakeholder, ngân sách và lộ trình kỹ thuật.
- Tư duy chiến lược về data governance, security và compliance.","- Thiết kế, phát triển và vận hành các giải pháp dữ liệu sử dụng MongoDB.
- Tối ưu hiệu năng truy vấn, indexing và partitioning cho hệ thống production.
- Phối hợp với team backend/frontend để đảm bảo data layer ổn định.
- Xây dựng tooling, automation và quy trình backup/recovery.
- Tham gia on-call rotation, xử lý sự cố liên quan đến database.
- Viết tài liệu kỹ thuật, mentor thành viên mới trong team.
- Nghiên cứu và đánh giá công nghệ mới phục vụ nhu cầu kinh doanh.
- Đảm bảo tuân thủ security, data governance và privacy regulations.","Premium health insurance, English class, Book allowance",ChainWorks,Information Technology,Part-time,Manager,Onsite,Trà Đốc,Thành phố Đà Nẵng,4400,6200,62,1158
Head of Database,"ChainWorks đang tìm kiếm một Head of Database để gia nhập đội ngũ kỹ thuật tại Đà Nẵng. Bạn sẽ làm việc với Redis và các công nghệ liên quan để xây dựng, vận hành và tối ưu các hệ thống dữ liệu phục vụ hàng triệu người dùng tại Việt Nam.","- 15+ năm kinh nghiệm, trong đó 7+ năm ở vị trí director/head.
- Định hướng chiến lược dữ liệu cho toàn bộ tổ chức.
- Kinh nghiệm làm việc với C-level, xây dựng data-driven culture.
- Hiểu biết sâu về data mesh, data fabric và modern data stack.","- Thiết kế, phát triển và vận hành các giải pháp dữ liệu sử dụng Redis.
- Tối ưu hiệu năng truy vấn, indexing và partitioning cho hệ thống production.
- Phối hợp với team backend/frontend để đảm bảo data layer ổn định.
- Xây dựng tooling, automation và quy trình backup/recovery.
- Tham gia on-call rotation, xử lý sự cố liên quan đến database.
- Viết tài liệu kỹ thuật, mentor thành viên mới trong team.
- Nghiên cứu và đánh giá công nghệ mới phục vụ nhu cầu kinh doanh.
- Đảm bảo tuân thủ security, data governance và privacy regulations.","Flexible working hours, WFH 3 days/week, Annual trip",ChainWorks,Information Technology,Full-time,Director,Onsite,Trà Tân,Thành phố Đà Nẵng,6500,8600,30,1241
Head of Database,"Join MediTech Global as a Head of Database working on SQL Server-based platforms. You will collaborate with backend, data and DevOps teams to deliver high-performance data infrastructure serving customers across Vietnam and SEA.","- 15+ năm kinh nghiệm, trong đó 7+ năm ở vị trí director/head.
- Định hướng chiến lược dữ liệu cho toàn bộ tổ chức.
- Kinh nghiệm làm việc với C-level, xây dựng data-driven culture.
- Hiểu biết sâu về data mesh, data fabric và modern data stack.","- Thiết kế, phát triển và vận hành các giải pháp dữ liệu sử dụng SQL Server.
- Tối ưu hiệu năng truy vấn, indexing và partitioning cho hệ thống production.
- Phối hợp với team backend/frontend để đảm bảo data layer ổn định.
- Xây dựng tooling, automation và quy trình backup/recovery.
- Tham gia on-call rotation, xử lý sự cố liên quan đến database.
- Viết tài liệu kỹ thuật, mentor thành viên mới trong team.
- Nghiên cứu và đánh giá công nghệ mới phục vụ nhu cầu kinh doanh.
- Đảm bảo tuân thủ security, data governance và privacy regulations.","Hybrid working, 14 days annual leave, Free snacks & coffee",MediTech Global,Information Technology,Full-time,Director,Remote,Trà Giáp,Thành phố Đà Nẵng,6900,9900,30,241
Lead DBA,"We are hiring a Lead DBA to join our database engineering team in Đà Nẵng. You will design, build, and operate scalable data platforms using Oracle. Our systems process billions of records and power core business operations.","- 7+ năm kinh nghiệm, trong đó có ít nhất 2 năm ở vị trí lead.
- Chuyên sâu Oracle và hệ sinh thái xung quanh.
- Kinh nghiệm thiết kế kiến trúc dữ liệu cho hệ thống scale lớn.
- Khả năng lãnh đạo team 4-6 người, làm việc với stakeholders.","- Thiết kế, phát triển và vận hành các giải pháp dữ liệu sử dụng Oracle.
- Tối ưu hiệu năng truy vấn, indexing và partitioning cho hệ thống production.
- Phối hợp với team backend/frontend để đảm bảo data layer ổn định.
- Xây dựng tooling, automation và quy trình backup/recovery.
- Tham gia on-call rotation, xử lý sự cố liên quan đến database.
- Viết tài liệu kỹ thuật, mentor thành viên mới trong team.
- Nghiên cứu và đánh giá công nghệ mới phục vụ nhu cầu kinh doanh.
- Đảm bảo tuân thủ security, data governance và privacy regulations.","Remote-friendly, Flexible hours, Meal allowance 1.5M VND",FinCore Tech,Information Technology,Full-time,Lead,Remote,Trà Giáp,Thành phố Đà Nẵng,3500,5200,11,315
"Backend Developer (Database, Middle)","VietConnect Telecom mở rộng team database và cần một Backend Developer (Database, Middle) giàu kinh nghiệm về SQL Server. Bạn sẽ đóng vai trò chủ chốt trong việc thiết kế schema, tối ưu truy vấn và đảm bảo độ tin cậy của các hệ thống dữ liệu quan trọng.","- 3-4 năm kinh nghiệm làm việc thực tế với cơ sở dữ liệu quan hệ hoặc NoSQL.
- Thành thạo T-SQL, stored procedures, Always On, SSIS/SSRS.
- Có kinh nghiệm thiết kế schema, partitioning, replication.
- Kinh nghiệm monitoring và troubleshooting production databases.
- Khả năng làm việc độc lập và mentor junior members.","- Thiết kế, phát triển và vận hành các giải pháp dữ liệu sử dụng SQL Server.
- Tối ưu hiệu năng truy vấn, indexing và partitioning cho hệ thống production.
- Phối hợp với team backend/frontend để đảm bảo data layer ổn định.
- Xây dựng tooling, automation và quy trình backup/recovery.
- Tham gia on-call rotation, xử lý sự cố liên quan đến database.
- Viết tài liệu kỹ thuật, mentor thành viên mới trong team.
- Nghiên cứu và đánh giá công nghệ mới phục vụ nhu cầu kinh doanh.
- Đảm bảo tuân thủ security, data governance và privacy regulations.","Premium health insurance, English class, Book allowance",VietConnect Telecom,Information Technology,Full-time,Middle,Onsite,Trà Leng,Thành phố Đà Nẵng,1500,2900,29,251
Database Developer (Fresher),"Join VietConnect Telecom as a Database Developer (Fresher) working on Database DevOps-based platforms. You will collaborate with backend, data and DevOps teams to deliver high-performance data infrastructure serving customers across Vietnam and SEA.","- Tốt nghiệp Đại học chuyên ngành CNTT hoặc tương đương.
- Hiểu biết cơ bản về SQL và một hệ quản trị cơ sở dữ liệu quan hệ.
- Tiếng Anh đọc hiểu tài liệu kỹ thuật.
- Tinh thần ham học hỏi, có khả năng làm việc nhóm.","- Thiết kế, phát triển và vận hành các giải pháp dữ liệu sử dụng Database DevOps.
- Tối ưu hiệu năng truy vấn, indexing và partitioning cho hệ thống production.
- Phối hợp với team backend/frontend để đảm bảo data layer ổn định.
- Xây dựng tooling, automation và quy trình backup/recovery.
- Tham gia on-call rotation, xử lý sự cố liên quan đến database.
- Viết tài liệu kỹ thuật, mentor thành viên mới trong team.
- Nghiên cứu và đánh giá công nghệ mới phục vụ nhu cầu kinh doanh.
- Đảm bảo tuân thủ security, data governance và privacy regulations.","Laptop & gear provided, Training budget 5M/year, Conference sponsorship",VietConnect Telecom,Information Technology,Hybrid,Fresher,Remote,Trà Tập,Thành phố Đà Nẵng,700,1000,44,1344
Lead Database Engineer,"VietConnect Telecom mở rộng team database và cần một Lead Database Engineer giàu kinh nghiệm về Redis. Bạn sẽ đóng vai trò chủ chốt trong việc thiết kế schema, tối ưu truy vấn và đảm bảo độ tin cậy của các hệ thống dữ liệu quan trọng.","- 7+ năm kinh nghiệm, trong đó có ít nhất 2 năm ở vị trí lead.
- Chuyên sâu Redis và hệ sinh thái xung quanh.
- Kinh nghiệm thiết kế kiến trúc dữ liệu cho hệ thống scale lớn.
- Khả năng lãnh đạo team 4-6 người, làm việc với stakeholders.","- Thiết kế, phát triển và vận hành các giải pháp dữ liệu sử dụng Redis.
- Tối ưu hiệu năng truy vấn, indexing và partitioning cho hệ thống production.
- Phối hợp với team backend/frontend để đảm bảo data layer ổn định.
- Xây dựng tooling, automation và quy trình backup/recovery.
- Tham gia on-call rotation, xử lý sự cố liên quan đến database.
- Viết tài liệu kỹ thuật, mentor thành viên mới trong team.
- Nghiên cứu và đánh giá công nghệ mới phục vụ nhu cầu kinh doanh.
- Đảm bảo tuân thủ security, data governance và privacy regulations.","13th month salary, Health insurance, Annual leave 12+ days",VietConnect Telecom,Information Technology,Full-time,Lead,Remote,Trà Vân,Thành phố Đà Nẵng,3500,5100,74,1232
Principal Data Engineer (Vietnam),"Join CodeBridge Solutions as a Principal Data Engineer (Vietnam) working on Data Warehouse-based platforms. You will collaborate with backend, data and DevOps teams to deliver high-performance data infrastructure serving customers across Vietnam and SEA.","- 10+ năm kinh nghiệm database/data engineering ở các hệ thống production quy mô lớn.
- Tầm nhìn kiến trúc và khả năng đưa ra quyết định công nghệ dài hạn.
- Kinh nghiệm làm việc với cloud data platforms (AWS/Azure/GCP).
- Đã từng thiết kế hệ thống phục vụ hàng trăm triệu records.","- Thiết kế, phát triển và vận hành các giải pháp dữ liệu sử dụng Data Warehouse.
- Tối ưu hiệu năng truy vấn, indexing và partitioning cho hệ thống production.
- Phối hợp với team backend/frontend để đảm bảo data layer ổn định.
- Xây dựng tooling, automation và quy trình backup/recovery.
- Tham gia on-call rotation, xử lý sự cố liên quan đến database.
- Viết tài liệu kỹ thuật, mentor thành viên mới trong team.
- Nghiên cứu và đánh giá công nghệ mới phục vụ nhu cầu kinh doanh.
- Đảm bảo tuân thủ security, data governance và privacy regulations.","Health insurance for family, Annual health check, Team building budget",CodeBridge Solutions,Information Technology,Internship,Principal,Onsite,Núi Thành,Thành phố Đà Nẵng,4800,6800,33,794
Lập trình viên Database (Junior),"CodeBridge Solutions is looking for a Lập trình viên Database (Junior) based in Đà Nẵng to strengthen our data platform. You will work on Redis, focusing on cluster, persistence, pub/sub, caching strategies for production-grade systems.","- 1-2 năm kinh nghiệm với SQL và ít nhất một RDBMS (MySQL/PostgreSQL/Oracle).
- Hiểu biết về indexing, query optimization và transaction isolation.
- Quen thuộc với Git và quy trình phát triển phần mềm.
- Khả năng đọc hiểu tài liệu tiếng Anh.","- Thiết kế, phát triển và vận hành các giải pháp dữ liệu sử dụng Redis.
- Tối ưu hiệu năng truy vấn, indexing và partitioning cho hệ thống production.
- Phối hợp với team backend/frontend để đảm bảo data layer ổn định.
- Xây dựng tooling, automation và quy trình backup/recovery.
- Tham gia on-call rotation, xử lý sự cố liên quan đến database.
- Viết tài liệu kỹ thuật, mentor thành viên mới trong team.
- Nghiên cứu và đánh giá công nghệ mới phục vụ nhu cầu kinh doanh.
- Đảm bảo tuân thủ security, data governance và privacy regulations.","Premium health insurance, English class, Book allowance",CodeBridge Solutions,Information Technology,Full-time,Junior,Onsite,Tam Xuân,Thành phố Đà Nẵng,1000,1700,15,505
Lập trình viên Database (Junior),"FinCore Tech is looking for a Lập trình viên Database (Junior) based in Đà Nẵng to strengthen our data platform. You will work on Cloud Database, focusing on AWS RDS/Aurora, Azure SQL, GCP Cloud SQL, IaC for production-grade systems.","- 1-2 năm kinh nghiệm với SQL và ít nhất một RDBMS (MySQL/PostgreSQL/Oracle).
- Hiểu biết về indexing, query optimization và transaction isolation.
- Quen thuộc với Git và quy trình phát triển phần mềm.
- Khả năng đọc hiểu tài liệu tiếng Anh.","- Thiết kế, phát triển và vận hành các giải pháp dữ liệu sử dụng Cloud Database.
- Tối ưu hiệu năng truy vấn, indexing và partitioning cho hệ thống production.
- Phối hợp với team backend/frontend để đảm bảo data layer ổn định.
- Xây dựng tooling, automation và quy trình backup/recovery.
- Tham gia on-call rotation, xử lý sự cố liên quan đến database.
- Viết tài liệu kỹ thuật, mentor thành viên mới trong team.
- Nghiên cứu và đánh giá công nghệ mới phục vụ nhu cầu kinh doanh.
- Đảm bảo tuân thủ security, data governance và privacy regulations.","Health insurance for family, Annual health check, Team building budget",FinCore Tech,Information Technology,Contract,Junior,Remote,Đức Phú,Thành phố Đà Nẵng,1100,1300,44,1427
Senior MySQL DBA,"ChainWorks đang tìm kiếm một Senior MySQL DBA để gia nhập đội ngũ kỹ thuật tại Đà Nẵng. Bạn sẽ làm việc với MongoDB và các công nghệ liên quan để xây dựng, vận hành và tối ưu các hệ thống dữ liệu phục vụ hàng triệu người dùng tại Việt Nam.","- 5+ năm kinh nghiệm database engineering với MongoDB.
- Chuyên sâu về sharding, replica sets, aggregation framework, schema design.
- Kinh nghiệm thiết kế hệ thống high-availability và disaster recovery.
- Khả năng review code, đào tạo và dẫn dắt kỹ thuật cho team.
- Tiếng Anh giao tiếp tốt là một lợi thế.","- Thiết kế, phát triển và vận hành các giải pháp dữ liệu sử dụng MongoDB.
- Tối ưu hiệu năng truy vấn, indexing và partitioning cho hệ thống production.
- Phối hợp với team backend/frontend để đảm bảo data layer ổn định.
- Xây dựng tooling, automation và quy trình backup/recovery.
- Tham gia on-call rotation, xử lý sự cố liên quan đến database.
- Viết tài liệu kỹ thuật, mentor thành viên mới trong team.
- Nghiên cứu và đánh giá công nghệ mới phục vụ nhu cầu kinh doanh.
- Đảm bảo tuân thủ security, data governance và privacy regulations.","Remote-friendly, Flexible hours, Meal allowance 1.5M VND",ChainWorks,Information Technology,Full-time,Senior,Onsite,Tam Hải,Thành phố Đà Nẵng,2800,3800,27,634
Middle NoSQL Engineer,"Join ChainWorks as a Middle NoSQL Engineer working on PostgreSQL-based platforms. You will collaborate with backend, data and DevOps teams to deliver high-performance data infrastructure serving customers across Vietnam and SEA.","- 3-4 năm kinh nghiệm làm việc thực tế với cơ sở dữ liệu quan hệ hoặc NoSQL.
- Thành thạo advanced SQL, indexing, query optimization, replication, partitioning.
- Có kinh nghiệm thiết kế schema, partitioning, replication.
- Kinh nghiệm monitoring và troubleshooting production databases.
- Khả năng làm việc độc lập và mentor junior members.","- Thiết kế, phát triển và vận hành các giải pháp dữ liệu sử dụng PostgreSQL.
- Tối ưu hiệu năng truy vấn, indexing và partitioning cho hệ thống production.
- Phối hợp với team backend/frontend để đảm bảo data layer ổn định.
- Xây dựng tooling, automation và quy trình backup/recovery.
- Tham gia on-call rotation, xử lý sự cố liên quan đến database.
- Viết tài liệu kỹ thuật, mentor thành viên mới trong team.
- Nghiên cứu và đánh giá công nghệ mới phục vụ nhu cầu kinh doanh.
- Đảm bảo tuân thủ security, data governance và privacy regulations.","Remote-friendly, Flexible hours, Meal allowance 1.5M VND",ChainWorks,Information Technology,Hybrid,Middle,Onsite,Tam Mỹ,Thành phố Đà Nẵng,1700,2600,69,822
Junior MySQL Developer,"We are hiring a Junior MySQL Developer to join our database engineering team in Đà Nẵng. You will design, build, and operate scalable data platforms using Redis. Our systems process billions of records and power core business operations.","- 1-2 năm kinh nghiệm với SQL và ít nhất một RDBMS (MySQL/PostgreSQL/Oracle).
- Hiểu biết về indexing, query optimization và transaction isolation.
- Quen thuộc với Git và quy trình phát triển phần mềm.
- Khả năng đọc hiểu tài liệu tiếng Anh.","- Thiết kế, phát triển và vận hành các giải pháp dữ liệu sử dụng Redis.
- Tối ưu hiệu năng truy vấn, indexing và partitioning cho hệ thống production.
- Phối hợp với team backend/frontend để đảm bảo data layer ổn định.
- Xây dựng tooling, automation và quy trình backup/recovery.
- Tham gia on-call rotation, xử lý sự cố liên quan đến database.
- Viết tài liệu kỹ thuật, mentor thành viên mới trong team.
- Nghiên cứu và đánh giá công nghệ mới phục vụ nhu cầu kinh doanh.
- Đảm bảo tuân thủ security, data governance và privacy regulations.","Flexible working hours, WFH 3 days/week, Annual trip",ShopSphere,Information Technology,Part-time,Junior,Onsite,Hoàng Sa,Thành phố Đà Nẵng,1000,1600,47,165
Senior Database Engineer,"MediTech Global đang tìm kiếm một Senior Database Engineer để gia nhập đội ngũ kỹ thuật tại Đồng Nai. Bạn sẽ làm việc với PostgreSQL và các công nghệ liên quan để xây dựng, vận hành và tối ưu các hệ thống dữ liệu phục vụ hàng triệu người dùng tại Việt Nam.","- 5+ năm kinh nghiệm database engineering với PostgreSQL.
- Chuyên sâu về advanced SQL, indexing, query optimization, replication, partitioning.
- Kinh nghiệm thiết kế hệ thống high-availability và disaster recovery.
- Khả năng review code, đào tạo và dẫn dắt kỹ thuật cho team.
- Tiếng Anh giao tiếp tốt là một lợi thế.","- Thiết kế, phát triển và vận hành các giải pháp dữ liệu sử dụng PostgreSQL.
- Tối ưu hiệu năng truy vấn, indexing và partitioning cho hệ thống production.
- Phối hợp với team backend/frontend để đảm bảo data layer ổn định.
- Xây dựng tooling, automation và quy trình backup/recovery.
- Tham gia on-call rotation, xử lý sự cố liên quan đến database.
- Viết tài liệu kỹ thuật, mentor thành viên mới trong team.
- Nghiên cứu và đánh giá công nghệ mới phục vụ nhu cầu kinh doanh.
- Đảm bảo tuân thủ security, data governance và privacy regulations.","Competitive salary, Project bonus, Long-service award",MediTech Global,Information Technology,Full-time,Senior,Onsite,Bình Phước,Tỉnh Đồng Nai,2900,3600,46,268
Director of Database Engineering,"We are hiring a Director of Database Engineering to join our database engineering team in Đồng Nai. You will design, build, and operate scalable data platforms using MySQL. Our systems process billions of records and power core business operations.","- 15+ năm kinh nghiệm, trong đó 7+ năm ở vị trí director/head.
- Định hướng chiến lược dữ liệu cho toàn bộ tổ chức.
- Kinh nghiệm làm việc với C-level, xây dựng data-driven culture.
- Hiểu biết sâu về data mesh, data fabric và modern data stack.","- Thiết kế, phát triển và vận hành các giải pháp dữ liệu sử dụng MySQL.
- Tối ưu hiệu năng truy vấn, indexing và partitioning cho hệ thống production.
- Phối hợp với team backend/frontend để đảm bảo data layer ổn định.
- Xây dựng tooling, automation và quy trình backup/recovery.
- Tham gia on-call rotation, xử lý sự cố liên quan đến database.
- Viết tài liệu kỹ thuật, mentor thành viên mới trong team.
- Nghiên cứu và đánh giá công nghệ mới phục vụ nhu cầu kinh doanh.
- Đảm bảo tuân thủ security, data governance và privacy regulations.","Hybrid working, 14 days annual leave, Free snacks & coffee",MediTech Global,Information Technology,Full-time,Director,Onsite,Đồng Xoài,Tỉnh Đồng Nai,6700,9600,75,1133
Database Developer (Middle),"ChainWorks đang tìm kiếm một Database Developer (Middle) để gia nhập đội ngũ kỹ thuật tại Đồng Nai. Bạn sẽ làm việc với Database DevOps và các công nghệ liên quan để xây dựng, vận hành và tối ưu các hệ thống dữ liệu phục vụ hàng triệu người dùng tại Việt Nam.","- 3-4 năm kinh nghiệm làm việc thực tế với cơ sở dữ liệu quan hệ hoặc NoSQL.
- Thành thạo Flyway/Liquibase, CI/CD, containerized DBs, monitoring.
- Có kinh nghiệm thiết kế schema, partitioning, replication.
- Kinh nghiệm monitoring và troubleshooting production databases.
- Khả năng làm việc độc lập và mentor junior members.","- Thiết kế, phát triển và vận hành các giải pháp dữ liệu sử dụng Database DevOps.
- Tối ưu hiệu năng truy vấn, indexing và partitioning cho hệ thống production.
- Phối hợp với team backend/frontend để đảm bảo data layer ổn định.
- Xây dựng tooling, automation và quy trình backup/recovery.
- Tham gia on-call rotation, xử lý sự cố liên quan đến database.
- Viết tài liệu kỹ thuật, mentor thành viên mới trong team.
- Nghiên cứu và đánh giá công nghệ mới phục vụ nhu cầu kinh doanh.
- Đảm bảo tuân thủ security, data governance và privacy regulations.","Flexible working hours, WFH 3 days/week, Annual trip",ChainWorks,Information Technology,Full-time,Middle,Remote,Hố Nai,Tỉnh Đồng Nai,1800,2600,13,1225
Senior Database Administrator - Hybrid,"CodeBridge Solutions mở rộng team database và cần một Senior Database Administrator - Hybrid giàu kinh nghiệm về Redis. Bạn sẽ đóng vai trò chủ chốt trong việc thiết kế schema, tối ưu truy vấn và đảm bảo độ tin cậy của các hệ thống dữ liệu quan trọng.","- 5+ năm kinh nghiệm database engineering với Redis.
- Chuyên sâu về cluster, persistence, pub/sub, caching strategies.
- Kinh nghiệm thiết kế hệ thống high-availability và disaster recovery.
- Khả năng review code, đào tạo và dẫn dắt kỹ thuật cho team.
- Tiếng Anh giao tiếp tốt là một lợi thế.","- Thiết kế, phát triển và vận hành các giải pháp dữ liệu sử dụng Redis.
- Tối ưu hiệu năng truy vấn, indexing và partitioning cho hệ thống production.
- Phối hợp với team backend/frontend để đảm bảo data layer ổn định.
- Xây dựng tooling, automation và quy trình backup/recovery.
- Tham gia on-call rotation, xử lý sự cố liên quan đến database.
- Viết tài liệu kỹ thuật, mentor thành viên mới trong team.
- Nghiên cứu và đánh giá công nghệ mới phục vụ nhu cầu kinh doanh.
- Đảm bảo tuân thủ security, data governance và privacy regulations.","Remote-friendly, Flexible hours, Meal allowance 1.5M VND",CodeBridge Solutions,Information Technology,Remote,Senior,Onsite,Long Bình,Tỉnh Đồng Nai,2700,3800,28,825
Manager - Database Operations,"We are hiring a Manager - Database Operations to join our database engineering team in Đồng Nai. You will design, build, and operate scalable data platforms using Database DevOps. Our systems process billions of records and power core business operations.","- 12+ năm kinh nghiệm CNTT, trong đó 5+ năm quản lý team data/database.
- Kinh nghiệm xây dựng và vận hành data platform ở quy mô enterprise.
- Kỹ năng quản lý stakeholder, ngân sách và lộ trình kỹ thuật.
- Tư duy chiến lược về data governance, security và compliance.","- Thiết kế, phát triển và vận hành các giải pháp dữ liệu sử dụng Database DevOps.
- Tối ưu hiệu năng truy vấn, indexing và partitioning cho hệ thống production.
- Phối hợp với team backend/frontend để đảm bảo data layer ổn định.
- Xây dựng tooling, automation và quy trình backup/recovery.
- Tham gia on-call rotation, xử lý sự cố liên quan đến database.
- Viết tài liệu kỹ thuật, mentor thành viên mới trong team.
- Nghiên cứu và đánh giá công nghệ mới phục vụ nhu cầu kinh doanh.
- Đảm bảo tuân thủ security, data governance và privacy regulations.","Laptop & gear provided, Training budget 5M/year, Conference sponsorship",ShopSphere,Information Technology,Full-time,Manager,Remote,Trấn Biên,Tỉnh Đồng Nai,4100,6100,64,466
Senior Database Engineer,"MediTech Global mở rộng team database và cần một Senior Database Engineer giàu kinh nghiệm về Oracle. Bạn sẽ đóng vai trò chủ chốt trong việc thiết kế schema, tối ưu truy vấn và đảm bảo độ tin cậy của các hệ thống dữ liệu quan trọng.","- 5+ năm kinh nghiệm database engineering với Oracle.
- Chuyên sâu về PL/SQL, RAC, Data Guard, performance tuning, RMAN.
- Kinh nghiệm thiết kế hệ thống high-availability và disaster recovery.
- Khả năng review code, đào tạo và dẫn dắt kỹ thuật cho team.
- Tiếng Anh giao tiếp tốt là một lợi thế.","- Thiết kế, phát triển và vận hành các giải pháp dữ liệu sử dụng Oracle.
- Tối ưu hiệu năng truy vấn, indexing và partitioning cho hệ thống production.
- Phối hợp với team backend/frontend để đảm bảo data layer ổn định.
- Xây dựng tooling, automation và quy trình backup/recovery.
- Tham gia on-call rotation, xử lý sự cố liên quan đến database.
- Viết tài liệu kỹ thuật, mentor thành viên mới trong team.
- Nghiên cứu và đánh giá công nghệ mới phục vụ nhu cầu kinh doanh.
- Đảm bảo tuân thủ security, data governance và privacy regulations.","Flexible working hours, WFH 3 days/week, Annual trip",MediTech Global,Information Technology,Remote,Senior,Remote,Trấn Biên,Tỉnh Đồng Nai,3100,4100,37,719
Database Team Lead,"ChainWorks is looking for a Database Team Lead based in Đồng Nai to strengthen our data platform. You will work on PostgreSQL, focusing on advanced SQL, indexing, query optimization, replication, partitioning for production-grade systems.","- 7+ năm kinh nghiệm, trong đó có ít nhất 2 năm ở vị trí lead.
- Chuyên sâu PostgreSQL và hệ sinh thái xung quanh.
- Kinh nghiệm thiết kế kiến trúc dữ liệu cho hệ thống scale lớn.
- Khả năng lãnh đạo team 4-6 người, làm việc với stakeholders.","- Thiết kế, phát triển và vận hành các giải pháp dữ liệu sử dụng PostgreSQL.
- Tối ưu hiệu năng truy vấn, indexing và partitioning cho hệ thống production.
- Phối hợp với team backend/frontend để đảm bảo data layer ổn định.
- Xây dựng tooling, automation và quy trình backup/recovery.
- Tham gia on-call rotation, xử lý sự cố liên quan đến database.
- Viết tài liệu kỹ thuật, mentor thành viên mới trong team.
- Nghiên cứu và đánh giá công nghệ mới phục vụ nhu cầu kinh doanh.
- Đảm bảo tuân thủ security, data governance và privacy regulations.","Remote-friendly, Flexible hours, Meal allowance 1.5M VND",ChainWorks,Information Technology,Remote,Lead,Onsite,Biên Hòa,Tỉnh Đồng Nai,3700,4900,9,75
Middle Database Administrator,"Join ShopSphere as a Middle Database Administrator working on Big Data-based platforms. You will collaborate with backend, data and DevOps teams to deliver high-performance data infrastructure serving customers across Vietnam and SEA.","- 3-4 năm kinh nghiệm làm việc thực tế với cơ sở dữ liệu quan hệ hoặc NoSQL.
- Thành thạo Spark, Hadoop, Kafka, Airflow, data lake architectures.
- Có kinh nghiệm thiết kế schema, partitioning, replication.
- Kinh nghiệm monitoring và troubleshooting production databases.
- Khả năng làm việc độc lập và mentor junior members.","- Thiết kế, phát triển và vận hành các giải pháp dữ liệu sử dụng Big Data.
- Tối ưu hiệu năng truy vấn, indexing và partitioning cho hệ thống production.
- Phối hợp với team backend/frontend để đảm bảo data layer ổn định.
- Xây dựng tooling, automation và quy trình backup/recovery.
- Tham gia on-call rotation, xử lý sự cố liên quan đến database.
- Viết tài liệu kỹ thuật, mentor thành viên mới trong team.
- Nghiên cứu và đánh giá công nghệ mới phục vụ nhu cầu kinh doanh.
- Đảm bảo tuân thủ security, data governance và privacy regulations.","13th month salary, Health insurance, Annual leave 12+ days",ShopSphere,Information Technology,Full-time,Middle,Remote,Long Khánh,Tỉnh Đồng Nai,1500,2800,75,171
Senior Data Engineer,"FinCore Tech đang tìm kiếm một Senior Data Engineer để gia nhập đội ngũ kỹ thuật tại Đồng Nai. Bạn sẽ làm việc với Cloud Database và các công nghệ liên quan để xây dựng, vận hành và tối ưu các hệ thống dữ liệu phục vụ hàng triệu người dùng tại Việt Nam.","- 5+ năm kinh nghiệm database engineering với Cloud Database.
- Chuyên sâu về AWS RDS/Aurora, Azure SQL, GCP Cloud SQL, IaC.
- Kinh nghiệm thiết kế hệ thống high-availability và disaster recovery.
- Khả năng review code, đào tạo và dẫn dắt kỹ thuật cho team.
- Tiếng Anh giao tiếp tốt là một lợi thế.","- Thiết kế, phát triển và vận hành các giải pháp dữ liệu sử dụng Cloud Database.
- Tối ưu hiệu năng truy vấn, indexing và partitioning cho hệ thống production.
- Phối hợp với team backend/frontend để đảm bảo data layer ổn định.
- Xây dựng tooling, automation và quy trình backup/recovery.
- Tham gia on-call rotation, xử lý sự cố liên quan đến database.
- Viết tài liệu kỹ thuật, mentor thành viên mới trong team.
- Nghiên cứu và đánh giá công nghệ mới phục vụ nhu cầu kinh doanh.
- Đảm bảo tuân thủ security, data governance và privacy regulations.","Competitive salary, Project bonus, Long-service award",FinCore Tech,Information Technology,Full-time,Senior,Remote,Bình Lộc,Tỉnh Đồng Nai,2800,4100,67,1450
Database Engineer,"Join EduSmart as a Database Engineer working on PostgreSQL-based platforms. You will collaborate with backend, data and DevOps teams to deliver high-performance data infrastructure serving customers across Vietnam and SEA.","- 3-4 năm kinh nghiệm làm việc thực tế với cơ sở dữ liệu quan hệ hoặc NoSQL.
- Thành thạo advanced SQL, indexing, query optimization, replication, partitioning.
- Có kinh nghiệm thiết kế schema, partitioning, replication.
- Kinh nghiệm monitoring và troubleshooting production databases.
- Khả năng làm việc độc lập và mentor junior members.","- Thiết kế, phát triển và vận hành các giải pháp dữ liệu sử dụng PostgreSQL.
- Tối ưu hiệu năng truy vấn, indexing và partitioning cho hệ thống production.
- Phối hợp với team backend/frontend để đảm bảo data layer ổn định.
- Xây dựng tooling, automation và quy trình backup/recovery.
- Tham gia on-call rotation, xử lý sự cố liên quan đến database.
- Viết tài liệu kỹ thuật, mentor thành viên mới trong team.
- Nghiên cứu và đánh giá công nghệ mới phục vụ nhu cầu kinh doanh.
- Đảm bảo tuân thủ security, data governance và privacy regulations.","13th month salary, Health insurance, Annual leave 12+ days",EduSmart,Information Technology,Full-time,Middle,Remote,Xuân Lập,Tỉnh Đồng Nai,1900,2100,62,854
Principal DBA,"NextGen Software mở rộng team database và cần một Principal DBA giàu kinh nghiệm về Redis. Bạn sẽ đóng vai trò chủ chốt trong việc thiết kế schema, tối ưu truy vấn và đảm bảo độ tin cậy của các hệ thống dữ liệu quan trọng.","- 10+ năm kinh nghiệm database/data engineering ở các hệ thống production quy mô lớn.
- Tầm nhìn kiến trúc và khả năng đưa ra quyết định công nghệ dài hạn.
- Kinh nghiệm làm việc với cloud data platforms (AWS/Azure/GCP).
- Đã từng thiết kế hệ thống phục vụ hàng trăm triệu records.","- Thiết kế, phát triển và vận hành các giải pháp dữ liệu sử dụng Redis.
- Tối ưu hiệu năng truy vấn, indexing và partitioning cho hệ thống production.
- Phối hợp với team backend/frontend để đảm bảo data layer ổn định.
- Xây dựng tooling, automation và quy trình backup/recovery.
- Tham gia on-call rotation, xử lý sự cố liên quan đến database.
- Viết tài liệu kỹ thuật, mentor thành viên mới trong team.
- Nghiên cứu và đánh giá công nghệ mới phục vụ nhu cầu kinh doanh.
- Đảm bảo tuân thủ security, data governance và privacy regulations.","Laptop & gear provided, Training budget 5M/year, Conference sponsorship",NextGen Software,Information Technology,Hybrid,Principal,Remote,Xuân Lập,Tỉnh Đồng Nai,4800,6800,74,1500
Senior PostgreSQL DBA,"Join EduSmart as a Senior PostgreSQL DBA working on Database DevOps-based platforms. You will collaborate with backend, data and DevOps teams to deliver high-performance data infrastructure serving customers across Vietnam and SEA.","- 5+ năm kinh nghiệm database engineering với Database DevOps.
- Chuyên sâu về Flyway/Liquibase, CI/CD, containerized DBs, monitoring.
- Kinh nghiệm thiết kế hệ thống high-availability và disaster recovery.
- Khả năng review code, đào tạo và dẫn dắt kỹ thuật cho team.
- Tiếng Anh giao tiếp tốt là một lợi thế.","- Thiết kế, phát triển và vận hành các giải pháp dữ liệu sử dụng Database DevOps.
- Tối ưu hiệu năng truy vấn, indexing và partitioning cho hệ thống production.
- Phối hợp với team backend/frontend để đảm bảo data layer ổn định.
- Xây dựng tooling, automation và quy trình backup/recovery.
- Tham gia on-call rotation, xử lý sự cố liên quan đến database.
- Viết tài liệu kỹ thuật, mentor thành viên mới trong team.
- Nghiên cứu và đánh giá công nghệ mới phục vụ nhu cầu kinh doanh.
- Đảm bảo tuân thủ security, data governance và privacy regulations.","Hybrid working, 14 days annual leave, Free snacks & coffee",EduSmart,Information Technology,Full-time,Senior,Remote,Hàng Gòn,Tỉnh Đồng Nai,3000,4200,17,1438
Middle ETL Developer,"CodeBridge Solutions is looking for a Middle ETL Developer based in Đồng Nai to strengthen our data platform. You will work on MySQL, focusing on schema design, performance tuning, backup/recovery, replication for production-grade systems.","- 3-4 năm kinh nghiệm làm việc thực tế với cơ sở dữ liệu quan hệ hoặc NoSQL.
- Thành thạo schema design, performance tuning, backup/recovery, replication.
- Có kinh nghiệm thiết kế schema, partitioning, replication.
- Kinh nghiệm monitoring và troubleshooting production databases.
- Khả năng làm việc độc lập và mentor junior members.","- Thiết kế, phát triển và vận hành các giải pháp dữ liệu sử dụng MySQL.
- Tối ưu hiệu năng truy vấn, indexing và partitioning cho hệ thống production.
- Phối hợp với team backend/frontend để đảm bảo data layer ổn định.
- Xây dựng tooling, automation và quy trình backup/recovery.
- Tham gia on-call rotation, xử lý sự cố liên quan đến database.
- Viết tài liệu kỹ thuật, mentor thành viên mới trong team.
- Nghiên cứu và đánh giá công nghệ mới phục vụ nhu cầu kinh doanh.
- Đảm bảo tuân thủ security, data governance và privacy regulations.","Laptop & gear provided, Training budget 5M/year, Conference sponsorship",CodeBridge Solutions,Information Technology,Hybrid,Middle,Onsite,Tân Triều,Tỉnh Đồng Nai,1800,2700,18,835
Middle ETL Developer,"We are hiring a Middle ETL Developer to join our database engineering team in Đồng Nai. You will design, build, and operate scalable data platforms using Database DevOps. Our systems process billions of records and power core business operations.","- 3-4 năm kinh nghiệm làm việc thực tế với cơ sở dữ liệu quan hệ hoặc NoSQL.
- Thành thạo Flyway/Liquibase, CI/CD, containerized DBs, monitoring.
- Có kinh nghiệm thiết kế schema, partitioning, replication.
- Kinh nghiệm monitoring và troubleshooting production databases.
- Khả năng làm việc độc lập và mentor junior members.","- Thiết kế, phát triển và vận hành các giải pháp dữ liệu sử dụng Database DevOps.
- Tối ưu hiệu năng truy vấn, indexing và partitioning cho hệ thống production.
- Phối hợp với team backend/frontend để đảm bảo data layer ổn định.
- Xây dựng tooling, automation và quy trình backup/recovery.
- Tham gia on-call rotation, xử lý sự cố liên quan đến database.
- Viết tài liệu kỹ thuật, mentor thành viên mới trong team.
- Nghiên cứu và đánh giá công nghệ mới phục vụ nhu cầu kinh doanh.
- Đảm bảo tuân thủ security, data governance và privacy regulations.","Remote-friendly, Flexible hours, Meal allowance 1.5M VND",CodeBridge Solutions,Information Technology,Contract,Middle,Remote,Tân Triều,Tỉnh Đồng Nai,2100,2300,42,893
Database Engineer (Vietnam),"NextGen Software mở rộng team database và cần một Database Engineer (Vietnam) giàu kinh nghiệm về Big Data. Bạn sẽ đóng vai trò chủ chốt trong việc thiết kế schema, tối ưu truy vấn và đảm bảo độ tin cậy của các hệ thống dữ liệu quan trọng.","- 3-4 năm kinh nghiệm làm việc thực tế với cơ sở dữ liệu quan hệ hoặc NoSQL.
- Thành thạo Spark, Hadoop, Kafka, Airflow, data lake architectures.
- Có kinh nghiệm thiết kế schema, partitioning, replication.
- Kinh nghiệm monitoring và troubleshooting production databases.
- Khả năng làm việc độc lập và mentor junior members.","- Thiết kế, phát triển và vận hành các giải pháp dữ liệu sử dụng Big Data.
- Tối ưu hiệu năng truy vấn, indexing và partitioning cho hệ thống production.
- Phối hợp với team backend/frontend để đảm bảo data layer ổn định.
- Xây dựng tooling, automation và quy trình backup/recovery.
- Tham gia on-call rotation, xử lý sự cố liên quan đến database.
- Viết tài liệu kỹ thuật, mentor thành viên mới trong team.
- Nghiên cứu và đánh giá công nghệ mới phục vụ nhu cầu kinh doanh.
- Đảm bảo tuân thủ security, data governance và privacy regulations.","Laptop & gear provided, Training budget 5M/year, Conference sponsorship",NextGen Software,Information Technology,Full-time,Middle,Onsite,Tam Phước,Tỉnh Đồng Nai,1500,2700,32,842
Principal Data Engineer,"Join CodeBridge Solutions as a Principal Data Engineer working on Cloud Database-based platforms. You will collaborate with backend, data and DevOps teams to deliver high-performance data infrastructure serving customers across Vietnam and SEA.","- 10+ năm kinh nghiệm database/data engineering ở các hệ thống production quy mô lớn.
- Tầm nhìn kiến trúc và khả năng đưa ra quyết định công nghệ dài hạn.
- Kinh nghiệm làm việc với cloud data platforms (AWS/Azure/GCP).
- Đã từng thiết kế hệ thống phục vụ hàng trăm triệu records.","- Thiết kế, phát triển và vận hành các giải pháp dữ liệu sử dụng Cloud Database.
- Tối ưu hiệu năng truy vấn, indexing và partitioning cho hệ thống production.
- Phối hợp với team backend/frontend để đảm bảo data layer ổn định.
- Xây dựng tooling, automation và quy trình backup/recovery.
- Tham gia on-call rotation, xử lý sự cố liên quan đến database.
- Viết tài liệu kỹ thuật, mentor thành viên mới trong team.
- Nghiên cứu và đánh giá công nghệ mới phục vụ nhu cầu kinh doanh.
- Đảm bảo tuân thủ security, data governance và privacy regulations.","Hybrid working, 14 days annual leave, Free snacks & coffee",CodeBridge Solutions,Information Technology,Full-time,Principal,Remote,Phú Riềng,Tỉnh Đồng Nai,4700,6900,40,924
Junior Data Engineer,"EduSmart mở rộng team database và cần một Junior Data Engineer giàu kinh nghiệm về Oracle. Bạn sẽ đóng vai trò chủ chốt trong việc thiết kế schema, tối ưu truy vấn và đảm bảo độ tin cậy của các hệ thống dữ liệu quan trọng.","- 1-2 năm kinh nghiệm với SQL và ít nhất một RDBMS (MySQL/PostgreSQL/Oracle).
- Hiểu biết về indexing, query optimization và transaction isolation.
- Quen thuộc với Git và quy trình phát triển phần mềm.
- Khả năng đọc hiểu tài liệu tiếng Anh.","- Thiết kế, phát triển và vận hành các giải pháp dữ liệu sử dụng Oracle.
- Tối ưu hiệu năng truy vấn, indexing và partitioning cho hệ thống production.
- Phối hợp với team backend/frontend để đảm bảo data layer ổn định.
- Xây dựng tooling, automation và quy trình backup/recovery.
- Tham gia on-call rotation, xử lý sự cố liên quan đến database.
- Viết tài liệu kỹ thuật, mentor thành viên mới trong team.
- Nghiên cứu và đánh giá công nghệ mới phục vụ nhu cầu kinh doanh.
- Đảm bảo tuân thủ security, data governance và privacy regulations.","Flexible working hours, WFH 3 days/week, Annual trip",EduSmart,Information Technology,Part-time,Junior,Onsite,Long Hà,Tỉnh Đồng Nai,1200,1600,29,556
Junior SQL Developer,"MediTech Global is looking for a Junior SQL Developer based in Đồng Nai to strengthen our data platform. You will work on MySQL, focusing on schema design, performance tuning, backup/recovery, replication for production-grade systems.","- Tốt nghiệp Đại học chuyên ngành CNTT hoặc tương đương.
- Hiểu biết cơ bản về SQL và một hệ quản trị cơ sở dữ liệu quan hệ.
- Tiếng Anh đọc hiểu tài liệu kỹ thuật.
- Tinh thần ham học hỏi, có khả năng làm việc nhóm.","- Thiết kế, phát triển và vận hành các giải pháp dữ liệu sử dụng MySQL.
- Tối ưu hiệu năng truy vấn, indexing và partitioning cho hệ thống production.
- Phối hợp với team backend/frontend để đảm bảo data layer ổn định.
- Xây dựng tooling, automation và quy trình backup/recovery.
- Tham gia on-call rotation, xử lý sự cố liên quan đến database.
- Viết tài liệu kỹ thuật, mentor thành viên mới trong team.
- Nghiên cứu và đánh giá công nghệ mới phục vụ nhu cầu kinh doanh.
- Đảm bảo tuân thủ security, data governance và privacy regulations.","Health insurance for family, Annual health check, Team building budget",MediTech Global,Information Technology,Full-time,Fresher,Onsite,Phú Trung,Tỉnh Đồng Nai,600,900,53,266
Senior ETL Developer - Hybrid,"MediTech Global is looking for a Senior ETL Developer - Hybrid based in Đồng Nai to strengthen our data platform. You will work on MySQL, focusing on schema design, performance tuning, backup/recovery, replication for production-grade systems.","- 5+ năm kinh nghiệm database engineering với MySQL.
- Chuyên sâu về schema design, performance tuning, backup/recovery, replication.
- Kinh nghiệm thiết kế hệ thống high-availability và disaster recovery.
- Khả năng review code, đào tạo và dẫn dắt kỹ thuật cho team.
- Tiếng Anh giao tiếp tốt là một lợi thế.","- Thiết kế, phát triển và vận hành các giải pháp dữ liệu sử dụng MySQL.
- Tối ưu hiệu năng truy vấn, indexing và partitioning cho hệ thống production.
- Phối hợp với team backend/frontend để đảm bảo data layer ổn định.
- Xây dựng tooling, automation và quy trình backup/recovery.
- Tham gia on-call rotation, xử lý sự cố liên quan đến database.
- Viết tài liệu kỹ thuật, mentor thành viên mới trong team.
- Nghiên cứu và đánh giá công nghệ mới phục vụ nhu cầu kinh doanh.
- Đảm bảo tuân thủ security, data governance và privacy regulations.","Hybrid working, 14 days annual leave, Free snacks & coffee",MediTech Global,Information Technology,Hybrid,Senior,Remote,Phú Trung,Tỉnh Đồng Nai,2800,4100,59,1485
Principal Data Engineer,"ShopSphere mở rộng team database và cần một Principal Data Engineer giàu kinh nghiệm về Data Warehouse. Bạn sẽ đóng vai trò chủ chốt trong việc thiết kế schema, tối ưu truy vấn và đảm bảo độ tin cậy của các hệ thống dữ liệu quan trọng.","- 10+ năm kinh nghiệm database/data engineering ở các hệ thống production quy mô lớn.
- Tầm nhìn kiến trúc và khả năng đưa ra quyết định công nghệ dài hạn.
- Kinh nghiệm làm việc với cloud data platforms (AWS/Azure/GCP).
- Đã từng thiết kế hệ thống phục vụ hàng trăm triệu records.","- Thiết kế, phát triển và vận hành các giải pháp dữ liệu sử dụng Data Warehouse.
- Tối ưu hiệu năng truy vấn, indexing và partitioning cho hệ thống production.
- Phối hợp với team backend/frontend để đảm bảo data layer ổn định.
- Xây dựng tooling, automation và quy trình backup/recovery.
- Tham gia on-call rotation, xử lý sự cố liên quan đến database.
- Viết tài liệu kỹ thuật, mentor thành viên mới trong team.
- Nghiên cứu và đánh giá công nghệ mới phục vụ nhu cầu kinh doanh.
- Đảm bảo tuân thủ security, data governance và privacy regulations.","Health insurance for family, Annual health check, Team building budget",ShopSphere,Information Technology,Full-time,Principal,Remote,Phú Nghĩa,Tỉnh Đồng Nai,4600,6400,17,358
Junior SQL Developer,"FinCore Tech is looking for a Junior SQL Developer based in Đồng Nai to strengthen our data platform. You will work on Big Data, focusing on Spark, Hadoop, Kafka, Airflow, data lake architectures for production-grade systems.","- 1-2 năm kinh nghiệm với SQL và ít nhất một RDBMS (MySQL/PostgreSQL/Oracle).
- Hiểu biết về indexing, query optimization và transaction isolation.
- Quen thuộc với Git và quy trình phát triển phần mềm.
- Khả năng đọc hiểu tài liệu tiếng Anh.","- Thiết kế, phát triển và vận hành các giải pháp dữ liệu sử dụng Big Data.
- Tối ưu hiệu năng truy vấn, indexing và partitioning cho hệ thống production.
- Phối hợp với team backend/frontend để đảm bảo data layer ổn định.
- Xây dựng tooling, automation và quy trình backup/recovery.
- Tham gia on-call rotation, xử lý sự cố liên quan đến database.
- Viết tài liệu kỹ thuật, mentor thành viên mới trong team.
- Nghiên cứu và đánh giá công nghệ mới phục vụ nhu cầu kinh doanh.
- Đảm bảo tuân thủ security, data governance và privacy regulations.","13th month salary, Health insurance, Annual leave 12+ days",FinCore Tech,Information Technology,Remote,Junior,Remote,Lộc Tấn,Tỉnh Đồng Nai,1200,1500,14,903
Middle ETL Developer (Vietnam),"FinCore Tech đang tìm kiếm một Middle ETL Developer (Vietnam) để gia nhập đội ngũ kỹ thuật tại Đồng Nai. Bạn sẽ làm việc với Cloud Database và các công nghệ liên quan để xây dựng, vận hành và tối ưu các hệ thống dữ liệu phục vụ hàng triệu người dùng tại Việt Nam.","- 3-4 năm kinh nghiệm làm việc thực tế với cơ sở dữ liệu quan hệ hoặc NoSQL.
- Thành thạo AWS RDS/Aurora, Azure SQL, GCP Cloud SQL, IaC.
- Có kinh nghiệm thiết kế schema, partitioning, replication.
- Kinh nghiệm monitoring và troubleshooting production databases.
- Khả năng làm việc độc lập và mentor junior members.","- Thiết kế, phát triển và vận hành các giải pháp dữ liệu sử dụng Cloud Database.
- Tối ưu hiệu năng truy vấn, indexing và partitioning cho hệ thống production.
- Phối hợp với team backend/frontend để đảm bảo data layer ổn định.
- Xây dựng tooling, automation và quy trình backup/recovery.
- Tham gia on-call rotation, xử lý sự cố liên quan đến database.
- Viết tài liệu kỹ thuật, mentor thành viên mới trong team.
- Nghiên cứu và đánh giá công nghệ mới phục vụ nhu cầu kinh doanh.
- Đảm bảo tuân thủ security, data governance và privacy regulations.","Performance bonus up to 3 months, Stock options, Premium healthcare",FinCore Tech,Information Technology,Full-time,Middle,Onsite,Lộc Quang,Tỉnh Đồng Nai,1900,2200,53,340
Senior NoSQL Engineer,"We are hiring a Senior NoSQL Engineer to join our database engineering team in Đồng Nai. You will design, build, and operate scalable data platforms using PostgreSQL. Our systems process billions of records and power core business operations.","- 5+ năm kinh nghiệm database engineering với PostgreSQL.
- Chuyên sâu về advanced SQL, indexing, query optimization, replication, partitioning.
- Kinh nghiệm thiết kế hệ thống high-availability và disaster recovery.
- Khả năng review code, đào tạo và dẫn dắt kỹ thuật cho team.
- Tiếng Anh giao tiếp tốt là một lợi thế.","- Thiết kế, phát triển và vận hành các giải pháp dữ liệu sử dụng PostgreSQL.
- Tối ưu hiệu năng truy vấn, indexing và partitioning cho hệ thống production.
- Phối hợp với team backend/frontend để đảm bảo data layer ổn định.
- Xây dựng tooling, automation và quy trình backup/recovery.
- Tham gia on-call rotation, xử lý sự cố liên quan đến database.
- Viết tài liệu kỹ thuật, mentor thành viên mới trong team.
- Nghiên cứu và đánh giá công nghệ mới phục vụ nhu cầu kinh doanh.
- Đảm bảo tuân thủ security, data governance và privacy regulations.","13th month salary, Health insurance, Annual leave 12+ days",CodeBridge Solutions,Information Technology,Full-time,Senior,Onsite,Lộc Quang,Tỉnh Đồng Nai,2600,3900,6,1350
Director of Data Engineering,"CodeBridge Solutions mở rộng team database và cần một Director of Data Engineering giàu kinh nghiệm về MySQL. Bạn sẽ đóng vai trò chủ chốt trong việc thiết kế schema, tối ưu truy vấn và đảm bảo độ tin cậy của các hệ thống dữ liệu quan trọng.","- 15+ năm kinh nghiệm, trong đó 7+ năm ở vị trí director/head.
- Định hướng chiến lược dữ liệu cho toàn bộ tổ chức.
- Kinh nghiệm làm việc với C-level, xây dựng data-driven culture.
- Hiểu biết sâu về data mesh, data fabric và modern data stack.","- Thiết kế, phát triển và vận hành các giải pháp dữ liệu sử dụng MySQL.
- Tối ưu hiệu năng truy vấn, indexing và partitioning cho hệ thống production.
- Phối hợp với team backend/frontend để đảm bảo data layer ổn định.
- Xây dựng tooling, automation và quy trình backup/recovery.
- Tham gia on-call rotation, xử lý sự cố liên quan đến database.
- Viết tài liệu kỹ thuật, mentor thành viên mới trong team.
- Nghiên cứu và đánh giá công nghệ mới phục vụ nhu cầu kinh doanh.
- Đảm bảo tuân thủ security, data governance và privacy regulations.","Competitive salary, Project bonus, Long-service award",CodeBridge Solutions,Information Technology,Internship,Director,Remote,Hưng Phước,Tỉnh Đồng Nai,6500,9500,48,1437
Middle ETL Developer,"Join VietConnect Telecom as a Middle ETL Developer working on PostgreSQL-based platforms. You will collaborate with backend, data and DevOps teams to deliver high-performance data infrastructure serving customers across Vietnam and SEA.","- 3-4 năm kinh nghiệm làm việc thực tế với cơ sở dữ liệu quan hệ hoặc NoSQL.
- Thành thạo advanced SQL, indexing, query optimization, replication, partitioning.
- Có kinh nghiệm thiết kế schema, partitioning, replication.
- Kinh nghiệm monitoring và troubleshooting production databases.
- Khả năng làm việc độc lập và mentor junior members.","- Thiết kế, phát triển và vận hành các giải pháp dữ liệu sử dụng PostgreSQL.
- Tối ưu hiệu năng truy vấn, indexing và partitioning cho hệ thống production.
- Phối hợp với team backend/frontend để đảm bảo data layer ổn định.
- Xây dựng tooling, automation và quy trình backup/recovery.
- Tham gia on-call rotation, xử lý sự cố liên quan đến database.
- Viết tài liệu kỹ thuật, mentor thành viên mới trong team.
- Nghiên cứu và đánh giá công nghệ mới phục vụ nhu cầu kinh doanh.
- Đảm bảo tuân thủ security, data governance và privacy regulations.","Premium health insurance, English class, Book allowance",VietConnect Telecom,Information Technology,Full-time,Middle,Remote,Tân Hưng,Tỉnh Đồng Nai,2100,2200,51,1072
Junior SQL Developer,"ChainWorks đang tìm kiếm một Junior SQL Developer để gia nhập đội ngũ kỹ thuật tại Đồng Nai. Bạn sẽ làm việc với MongoDB và các công nghệ liên quan để xây dựng, vận hành và tối ưu các hệ thống dữ liệu phục vụ hàng triệu người dùng tại Việt Nam.","- 1-2 năm kinh nghiệm với SQL và ít nhất một RDBMS (MySQL/PostgreSQL/Oracle).
- Hiểu biết về indexing, query optimization và transaction isolation.
- Quen thuộc với Git và quy trình phát triển phần mềm.
- Khả năng đọc hiểu tài liệu tiếng Anh.","- Thiết kế, phát triển và vận hành các giải pháp dữ liệu sử dụng MongoDB.
- Tối ưu hiệu năng truy vấn, indexing và partitioning cho hệ thống production.
- Phối hợp với team backend/frontend để đảm bảo data layer ổn định.
- Xây dựng tooling, automation và quy trình backup/recovery.
- Tham gia on-call rotation, xử lý sự cố liên quan đến database.
- Viết tài liệu kỹ thuật, mentor thành viên mới trong team.
- Nghiên cứu và đánh giá công nghệ mới phục vụ nhu cầu kinh doanh.
- Đảm bảo tuân thủ security, data governance và privacy regulations.","Flexible working hours, WFH 3 days/week, Annual trip",ChainWorks,Information Technology,Full-time,Junior,Remote,Tân Hưng,Tỉnh Đồng Nai,1100,1300,38,492
Junior MySQL Developer,"MediTech Global is looking for a Junior MySQL Developer based in Đồng Nai to strengthen our data platform. You will work on PostgreSQL, focusing on advanced SQL, indexing, query optimization, replication, partitioning for production-grade systems.","- 1-2 năm kinh nghiệm với SQL và ít nhất một RDBMS (MySQL/PostgreSQL/Oracle).
- Hiểu biết về indexing, query optimization và transaction isolation.
- Quen thuộc với Git và quy trình phát triển phần mềm.
- Khả năng đọc hiểu tài liệu tiếng Anh.","- Thiết kế, phát triển và vận hành các giải pháp dữ liệu sử dụng PostgreSQL.
- Tối ưu hiệu năng truy vấn, indexing và partitioning cho hệ thống production.
- Phối hợp với team backend/frontend để đảm bảo data layer ổn định.
- Xây dựng tooling, automation và quy trình backup/recovery.
- Tham gia on-call rotation, xử lý sự cố liên quan đến database.
- Viết tài liệu kỹ thuật, mentor thành viên mới trong team.
- Nghiên cứu và đánh giá công nghệ mới phục vụ nhu cầu kinh doanh.
- Đảm bảo tuân thủ security, data governance và privacy regulations.","Premium health insurance, English class, Book allowance",MediTech Global,Information Technology,Full-time,Junior,Remote,Tân Hưng,Tỉnh Đồng Nai,800,1500,8,1268
Junior SQL Developer,"MediTech Global mở rộng team database và cần một Junior SQL Developer giàu kinh nghiệm về Cloud Database. Bạn sẽ đóng vai trò chủ chốt trong việc thiết kế schema, tối ưu truy vấn và đảm bảo độ tin cậy của các hệ thống dữ liệu quan trọng.","- 1-2 năm kinh nghiệm với SQL và ít nhất một RDBMS (MySQL/PostgreSQL/Oracle).
- Hiểu biết về indexing, query optimization và transaction isolation.
- Quen thuộc với Git và quy trình phát triển phần mềm.
- Khả năng đọc hiểu tài liệu tiếng Anh.","- Thiết kế, phát triển và vận hành các giải pháp dữ liệu sử dụng Cloud Database.
- Tối ưu hiệu năng truy vấn, indexing và partitioning cho hệ thống production.
- Phối hợp với team backend/frontend để đảm bảo data layer ổn định.
- Xây dựng tooling, automation và quy trình backup/recovery.
- Tham gia on-call rotation, xử lý sự cố liên quan đến database.
- Viết tài liệu kỹ thuật, mentor thành viên mới trong team.
- Nghiên cứu và đánh giá công nghệ mới phục vụ nhu cầu kinh doanh.
- Đảm bảo tuân thủ security, data governance và privacy regulations.","Flexible working hours, WFH 3 days/week, Annual trip",MediTech Global,Information Technology,Full-time,Junior,Remote,Tân Quan,Tỉnh Đồng Nai,1000,1400,56,987
Middle SQL Developer (Vietnam),"MediTech Global is looking for a Middle SQL Developer (Vietnam) based in Đồng Nai to strengthen our data platform. You will work on MySQL, focusing on schema design, performance tuning, backup/recovery, replication for production-grade systems.","- 3-4 năm kinh nghiệm làm việc thực tế với cơ sở dữ liệu quan hệ hoặc NoSQL.
- Thành thạo schema design, performance tuning, backup/recovery, replication.
- Có kinh nghiệm thiết kế schema, partitioning, replication.
- Kinh nghiệm monitoring và troubleshooting production databases.
- Khả năng làm việc độc lập và mentor junior members.","- Thiết kế, phát triển và vận hành các giải pháp dữ liệu sử dụng MySQL.
- Tối ưu hiệu năng truy vấn, indexing và partitioning cho hệ thống production.
- Phối hợp với team backend/frontend để đảm bảo data layer ổn định.
- Xây dựng tooling, automation và quy trình backup/recovery.
- Tham gia on-call rotation, xử lý sự cố liên quan đến database.
- Viết tài liệu kỹ thuật, mentor thành viên mới trong team.
- Nghiên cứu và đánh giá công nghệ mới phục vụ nhu cầu kinh doanh.
- Đảm bảo tuân thủ security, data governance và privacy regulations.","13th month salary, Health insurance, Annual leave 12+ days",MediTech Global,Information Technology,Full-time,Middle,Remote,Tân Quan,Tỉnh Đồng Nai,1700,2800,61,1021
Database Developer (Middle),"ShopSphere mở rộng team database và cần một Database Developer (Middle) giàu kinh nghiệm về MySQL. Bạn sẽ đóng vai trò chủ chốt trong việc thiết kế schema, tối ưu truy vấn và đảm bảo độ tin cậy của các hệ thống dữ liệu quan trọng.","- 3-4 năm kinh nghiệm làm việc thực tế với cơ sở dữ liệu quan hệ hoặc NoSQL.
- Thành thạo schema design, performance tuning, backup/recovery, replication.
- Có kinh nghiệm thiết kế schema, partitioning, replication.
- Kinh nghiệm monitoring và troubleshooting production databases.
- Khả năng làm việc độc lập và mentor junior members.","- Thiết kế, phát triển và vận hành các giải pháp dữ liệu sử dụng MySQL.
- Tối ưu hiệu năng truy vấn, indexing và partitioning cho hệ thống production.
- Phối hợp với team backend/frontend để đảm bảo data layer ổn định.
- Xây dựng tooling, automation và quy trình backup/recovery.
- Tham gia on-call rotation, xử lý sự cố liên quan đến database.
- Viết tài liệu kỹ thuật, mentor thành viên mới trong team.
- Nghiên cứu và đánh giá công nghệ mới phục vụ nhu cầu kinh doanh.
- Đảm bảo tuân thủ security, data governance và privacy regulations.","13th month salary, Health insurance, Annual leave 12+ days",ShopSphere,Information Technology,Internship,Middle,Remote,Đồng Tâm,Tỉnh Đồng Nai,1800,3000,58,237
Middle SQL Developer (Vietnam),"CodeBridge Solutions đang tìm kiếm một Middle SQL Developer (Vietnam) để gia nhập đội ngũ kỹ thuật tại Đồng Nai. Bạn sẽ làm việc với Oracle và các công nghệ liên quan để xây dựng, vận hành và tối ưu các hệ thống dữ liệu phục vụ hàng triệu người dùng tại Việt Nam.","- 3-4 năm kinh nghiệm làm việc thực tế với cơ sở dữ liệu quan hệ hoặc NoSQL.
- Thành thạo PL/SQL, RAC, Data Guard, performance tuning, RMAN.
- Có kinh nghiệm thiết kế schema, partitioning, replication.
- Kinh nghiệm monitoring và troubleshooting production databases.
- Khả năng làm việc độc lập và mentor junior members.","- Thiết kế, phát triển và vận hành các giải pháp dữ liệu sử dụng Oracle.
- Tối ưu hiệu năng truy vấn, indexing và partitioning cho hệ thống production.
- Phối hợp với team backend/frontend để đảm bảo data layer ổn định.
- Xây dựng tooling, automation và quy trình backup/recovery.
- Tham gia on-call rotation, xử lý sự cố liên quan đến database.
- Viết tài liệu kỹ thuật, mentor thành viên mới trong team.
- Nghiên cứu và đánh giá công nghệ mới phục vụ nhu cầu kinh doanh.
- Đảm bảo tuân thủ security, data governance và privacy regulations.","Flexible working hours, WFH 3 days/week, Annual trip",CodeBridge Solutions,Information Technology,Full-time,Middle,Remote,Bù Đăng,Tỉnh Đồng Nai,2000,3000,56,802
Middle Database Administrator,"We are hiring a Middle Database Administrator to join our database engineering team in Đồng Nai. You will design, build, and operate scalable data platforms using Data Warehouse. Our systems process billions of records and power core business operations.","- 3-4 năm kinh nghiệm làm việc thực tế với cơ sở dữ liệu quan hệ hoặc NoSQL.
- Thành thạo dimensional modeling, ETL/ELT, dbt, Snowflake/BigQuery.
- Có kinh nghiệm thiết kế schema, partitioning, replication.
- Kinh nghiệm monitoring và troubleshooting production databases.
- Khả năng làm việc độc lập và mentor junior members.","- Thiết kế, phát triển và vận hành các giải pháp dữ liệu sử dụng Data Warehouse.
- Tối ưu hiệu năng truy vấn, indexing và partitioning cho hệ thống production.
- Phối hợp với team backend/frontend để đảm bảo data layer ổn định.
- Xây dựng tooling, automation và quy trình backup/recovery.
- Tham gia on-call rotation, xử lý sự cố liên quan đến database.
- Viết tài liệu kỹ thuật, mentor thành viên mới trong team.
- Nghiên cứu và đánh giá công nghệ mới phục vụ nhu cầu kinh doanh.
- Đảm bảo tuân thủ security, data governance và privacy regulations.","Flexible working hours, WFH 3 days/week, Annual trip",ChainWorks,Information Technology,Hybrid,Middle,Onsite,Bù Đăng,Tỉnh Đồng Nai,1700,2700,12,951
Senior Database Developer,"Join ShopSphere as a Senior Database Developer working on Database DevOps-based platforms. You will collaborate with backend, data and DevOps teams to deliver high-performance data infrastructure serving customers across Vietnam and SEA.","- 5+ năm kinh nghiệm database engineering với Database DevOps.
- Chuyên sâu về Flyway/Liquibase, CI/CD, containerized DBs, monitoring.
- Kinh nghiệm thiết kế hệ thống high-availability và disaster recovery.
- Khả năng review code, đào tạo và dẫn dắt kỹ thuật cho team.
- Tiếng Anh giao tiếp tốt là một lợi thế.","- Thiết kế, phát triển và vận hành các giải pháp dữ liệu sử dụng Database DevOps.
- Tối ưu hiệu năng truy vấn, indexing và partitioning cho hệ thống production.
- Phối hợp với team backend/frontend để đảm bảo data layer ổn định.
- Xây dựng tooling, automation và quy trình backup/recovery.
- Tham gia on-call rotation, xử lý sự cố liên quan đến database.
- Viết tài liệu kỹ thuật, mentor thành viên mới trong team.
- Nghiên cứu và đánh giá công nghệ mới phục vụ nhu cầu kinh doanh.
- Đảm bảo tuân thủ security, data governance và privacy regulations.","Health insurance for family, Annual health check, Team building budget",ShopSphere,Information Technology,Hybrid,Senior,Onsite,Đak Nhau,Tỉnh Đồng Nai,3000,4200,56,886
Data Engineering Manager,"Join MediTech Global as a Data Engineering Manager working on MongoDB-based platforms. You will collaborate with backend, data and DevOps teams to deliver high-performance data infrastructure serving customers across Vietnam and SEA.","- 12+ năm kinh nghiệm CNTT, trong đó 5+ năm quản lý team data/database.
- Kinh nghiệm xây dựng và vận hành data platform ở quy mô enterprise.
- Kỹ năng quản lý stakeholder, ngân sách và lộ trình kỹ thuật.
- Tư duy chiến lược về data governance, security và compliance.","- Thiết kế, phát triển và vận hành các giải pháp dữ liệu sử dụng MongoDB.
- Tối ưu hiệu năng truy vấn, indexing và partitioning cho hệ thống production.
- Phối hợp với team backend/frontend để đảm bảo data layer ổn định.
- Xây dựng tooling, automation và quy trình backup/recovery.
- Tham gia on-call rotation, xử lý sự cố liên quan đến database.
- Viết tài liệu kỹ thuật, mentor thành viên mới trong team.
- Nghiên cứu và đánh giá công nghệ mới phục vụ nhu cầu kinh doanh.
- Đảm bảo tuân thủ security, data governance và privacy regulations.","Premium health insurance, English class, Book allowance",MediTech Global,Information Technology,Full-time,Manager,Onsite,Đak Nhau,Tỉnh Đồng Nai,4300,5700,20,1087
Junior SQL Developer,"We are hiring a Junior SQL Developer to join our database engineering team in Đồng Nai. You will design, build, and operate scalable data platforms using Database DevOps. Our systems process billions of records and power core business operations.","- 1-2 năm kinh nghiệm với SQL và ít nhất một RDBMS (MySQL/PostgreSQL/Oracle).
- Hiểu biết về indexing, query optimization và transaction isolation.
- Quen thuộc với Git và quy trình phát triển phần mềm.
- Khả năng đọc hiểu tài liệu tiếng Anh.","- Thiết kế, phát triển và vận hành các giải pháp dữ liệu sử dụng Database DevOps.
- Tối ưu hiệu năng truy vấn, indexing và partitioning cho hệ thống production.
- Phối hợp với team backend/frontend để đảm bảo data layer ổn định.
- Xây dựng tooling, automation và quy trình backup/recovery.
- Tham gia on-call rotation, xử lý sự cố liên quan đến database.
- Viết tài liệu kỹ thuật, mentor thành viên mới trong team.
- Nghiên cứu và đánh giá công nghệ mới phục vụ nhu cầu kinh doanh.
- Đảm bảo tuân thủ security, data governance và privacy regulations.","Health insurance for family, Annual health check, Team building budget",ShopSphere,Information Technology,Full-time,Junior,Remote,Đak Nhau,Tỉnh Đồng Nai,1000,1400,76,1294
Senior Database Migration Specialist,"Join ShopSphere as a Senior Database Migration Specialist working on Oracle-based platforms. You will collaborate with backend, data and DevOps teams to deliver high-performance data infrastructure serving customers across Vietnam and SEA.","- 5+ năm kinh nghiệm database engineering với Oracle.
- Chuyên sâu về PL/SQL, RAC, Data Guard, performance tuning, RMAN.
- Kinh nghiệm thiết kế hệ thống high-availability và disaster recovery.
- Khả năng review code, đào tạo và dẫn dắt kỹ thuật cho team.
- Tiếng Anh giao tiếp tốt là một lợi thế.","- Thiết kế, phát triển và vận hành các giải pháp dữ liệu sử dụng Oracle.
- Tối ưu hiệu năng truy vấn, indexing và partitioning cho hệ thống production.
- Phối hợp với team backend/frontend để đảm bảo data layer ổn định.
- Xây dựng tooling, automation và quy trình backup/recovery.
- Tham gia on-call rotation, xử lý sự cố liên quan đến database.
- Viết tài liệu kỹ thuật, mentor thành viên mới trong team.
- Nghiên cứu và đánh giá công nghệ mới phục vụ nhu cầu kinh doanh.
- Đảm bảo tuân thủ security, data governance và privacy regulations.","Flexible working hours, WFH 3 days/week, Annual trip",ShopSphere,Information Technology,Full-time,Senior,Onsite,Phước Sơn,Tỉnh Đồng Nai,2800,4200,64,503
Fresher Backend Developer (Database),"We are hiring a Fresher Backend Developer (Database) to join our database engineering team in Đồng Nai. You will design, build, and operate scalable data platforms using Big Data. Our systems process billions of records and power core business operations.","- Tốt nghiệp Đại học chuyên ngành CNTT hoặc tương đương.
- Hiểu biết cơ bản về SQL và một hệ quản trị cơ sở dữ liệu quan hệ.
- Tiếng Anh đọc hiểu tài liệu kỹ thuật.
- Tinh thần ham học hỏi, có khả năng làm việc nhóm.","- Thiết kế, phát triển và vận hành các giải pháp dữ liệu sử dụng Big Data.
- Tối ưu hiệu năng truy vấn, indexing và partitioning cho hệ thống production.
- Phối hợp với team backend/frontend để đảm bảo data layer ổn định.
- Xây dựng tooling, automation và quy trình backup/recovery.
- Tham gia on-call rotation, xử lý sự cố liên quan đến database.
- Viết tài liệu kỹ thuật, mentor thành viên mới trong team.
- Nghiên cứu và đánh giá công nghệ mới phục vụ nhu cầu kinh doanh.
- Đảm bảo tuân thủ security, data governance và privacy regulations.","Performance review 2x/year, Clear career path, International projects",EduSmart,Information Technology,Full-time,Fresher,Onsite,Nha Bích,Tỉnh Đồng Nai,500,600,13,1445
Middle ETL Developer,"ShopSphere mở rộng team database và cần một Middle ETL Developer giàu kinh nghiệm về Oracle. Bạn sẽ đóng vai trò chủ chốt trong việc thiết kế schema, tối ưu truy vấn và đảm bảo độ tin cậy của các hệ thống dữ liệu quan trọng.","- 3-4 năm kinh nghiệm làm việc thực tế với cơ sở dữ liệu quan hệ hoặc NoSQL.
- Thành thạo PL/SQL, RAC, Data Guard, performance tuning, RMAN.
- Có kinh nghiệm thiết kế schema, partitioning, replication.
- Kinh nghiệm monitoring và troubleshooting production databases.
- Khả năng làm việc độc lập và mentor junior members.","- Thiết kế, phát triển và vận hành các giải pháp dữ liệu sử dụng Oracle.
- Tối ưu hiệu năng truy vấn, indexing và partitioning cho hệ thống production.
- Phối hợp với team backend/frontend để đảm bảo data layer ổn định.
- Xây dựng tooling, automation và quy trình backup/recovery.
- Tham gia on-call rotation, xử lý sự cố liên quan đến database.
- Viết tài liệu kỹ thuật, mentor thành viên mới trong team.
- Nghiên cứu và đánh giá công nghệ mới phục vụ nhu cầu kinh doanh.
- Đảm bảo tuân thủ security, data governance và privacy regulations.","Performance bonus up to 3 months, Stock options, Premium healthcare",ShopSphere,Information Technology,Full-time,Middle,Remote,Nha Bích,Tỉnh Đồng Nai,1700,2200,77,591
Database Administrator (Fresher),"We are hiring a Database Administrator (Fresher) to join our database engineering team in Đồng Nai. You will design, build, and operate scalable data platforms using Data Warehouse. Our systems process billions of records and power core business operations.","- Tốt nghiệp Đại học chuyên ngành CNTT hoặc tương đương.
- Hiểu biết cơ bản về SQL và một hệ quản trị cơ sở dữ liệu quan hệ.
- Tiếng Anh đọc hiểu tài liệu kỹ thuật.
- Tinh thần ham học hỏi, có khả năng làm việc nhóm.","- Thiết kế, phát triển và vận hành các giải pháp dữ liệu sử dụng Data Warehouse.
- Tối ưu hiệu năng truy vấn, indexing và partitioning cho hệ thống production.
- Phối hợp với team backend/frontend để đảm bảo data layer ổn định.
- Xây dựng tooling, automation và quy trình backup/recovery.
- Tham gia on-call rotation, xử lý sự cố liên quan đến database.
- Viết tài liệu kỹ thuật, mentor thành viên mới trong team.
- Nghiên cứu và đánh giá công nghệ mới phục vụ nhu cầu kinh doanh.
- Đảm bảo tuân thủ security, data governance và privacy regulations.","Competitive salary, Project bonus, Long-service award",FinCore Tech,Information Technology,Contract,Fresher,Onsite,Tân Phú,Tỉnh Đồng Nai,700,1000,54,1326
Database Manager,"MediTech Global mở rộng team database và cần một Database Manager giàu kinh nghiệm về SQL Server. Bạn sẽ đóng vai trò chủ chốt trong việc thiết kế schema, tối ưu truy vấn và đảm bảo độ tin cậy của các hệ thống dữ liệu quan trọng.","- 12+ năm kinh nghiệm CNTT, trong đó 5+ năm quản lý team data/database.
- Kinh nghiệm xây dựng và vận hành data platform ở quy mô enterprise.
- Kỹ năng quản lý stakeholder, ngân sách và lộ trình kỹ thuật.
- Tư duy chiến lược về data governance, security và compliance.","- Thiết kế, phát triển và vận hành các giải pháp dữ liệu sử dụng SQL Server.
- Tối ưu hiệu năng truy vấn, indexing và partitioning cho hệ thống production.
- Phối hợp với team backend/frontend để đảm bảo data layer ổn định.
- Xây dựng tooling, automation và quy trình backup/recovery.
- Tham gia on-call rotation, xử lý sự cố liên quan đến database.
- Viết tài liệu kỹ thuật, mentor thành viên mới trong team.
- Nghiên cứu và đánh giá công nghệ mới phục vụ nhu cầu kinh doanh.
- Đảm bảo tuân thủ security, data governance và privacy regulations.","Performance bonus up to 3 months, Stock options, Premium healthcare",MediTech Global,Information Technology,Full-time,Manager,Remote,Đak Lua,Tỉnh Đồng Nai,4400,5700,55,858
Junior Database Developer,"VietConnect Telecom mở rộng team database và cần một Junior Database Developer giàu kinh nghiệm về Oracle. Bạn sẽ đóng vai trò chủ chốt trong việc thiết kế schema, tối ưu truy vấn và đảm bảo độ tin cậy của các hệ thống dữ liệu quan trọng.","- 1-2 năm kinh nghiệm với SQL và ít nhất một RDBMS (MySQL/PostgreSQL/Oracle).
- Hiểu biết về indexing, query optimization và transaction isolation.
- Quen thuộc với Git và quy trình phát triển phần mềm.
- Khả năng đọc hiểu tài liệu tiếng Anh.","- Thiết kế, phát triển và vận hành các giải pháp dữ liệu sử dụng Oracle.
- Tối ưu hiệu năng truy vấn, indexing và partitioning cho hệ thống production.
- Phối hợp với team backend/frontend để đảm bảo data layer ổn định.
- Xây dựng tooling, automation và quy trình backup/recovery.
- Tham gia on-call rotation, xử lý sự cố liên quan đến database.
- Viết tài liệu kỹ thuật, mentor thành viên mới trong team.
- Nghiên cứu và đánh giá công nghệ mới phục vụ nhu cầu kinh doanh.
- Đảm bảo tuân thủ security, data governance và privacy regulations.","Hybrid working, 14 days annual leave, Free snacks & coffee",VietConnect Telecom,Information Technology,Full-time,Junior,Onsite,Đak Lua,Tỉnh Đồng Nai,1300,1700,38,372
Senior SQL Developer,"EduSmart đang tìm kiếm một Senior SQL Developer để gia nhập đội ngũ kỹ thuật tại Đồng Nai. Bạn sẽ làm việc với MySQL và các công nghệ liên quan để xây dựng, vận hành và tối ưu các hệ thống dữ liệu phục vụ hàng triệu người dùng tại Việt Nam.","- 5+ năm kinh nghiệm database engineering với MySQL.
- Chuyên sâu về schema design, performance tuning, backup/recovery, replication.
- Kinh nghiệm thiết kế hệ thống high-availability và disaster recovery.
- Khả năng review code, đào tạo và dẫn dắt kỹ thuật cho team.
- Tiếng Anh giao tiếp tốt là một lợi thế.","- Thiết kế, phát triển và vận hành các giải pháp dữ liệu sử dụng MySQL.
- Tối ưu hiệu năng truy vấn, indexing và partitioning cho hệ thống production.
- Phối hợp với team backend/frontend để đảm bảo data layer ổn định.
- Xây dựng tooling, automation và quy trình backup/recovery.
- Tham gia on-call rotation, xử lý sự cố liên quan đến database.
- Viết tài liệu kỹ thuật, mentor thành viên mới trong team.
- Nghiên cứu và đánh giá công nghệ mới phục vụ nhu cầu kinh doanh.
- Đảm bảo tuân thủ security, data governance và privacy regulations.","Premium health insurance, English class, Book allowance",EduSmart,Information Technology,Hybrid,Senior,Remote,Tà Lài,Tỉnh Đồng Nai,2900,4200,34,711
Senior ETL Developer,"VietConnect Telecom mở rộng team database và cần một Senior ETL Developer giàu kinh nghiệm về Cloud Database. Bạn sẽ đóng vai trò chủ chốt trong việc thiết kế schema, tối ưu truy vấn và đảm bảo độ tin cậy của các hệ thống dữ liệu quan trọng.","- 5+ năm kinh nghiệm database engineering với Cloud Database.
- Chuyên sâu về AWS RDS/Aurora, Azure SQL, GCP Cloud SQL, IaC.
- Kinh nghiệm thiết kế hệ thống high-availability và disaster recovery.
- Khả năng review code, đào tạo và dẫn dắt kỹ thuật cho team.
- Tiếng Anh giao tiếp tốt là một lợi thế.","- Thiết kế, phát triển và vận hành các giải pháp dữ liệu sử dụng Cloud Database.
- Tối ưu hiệu năng truy vấn, indexing và partitioning cho hệ thống production.
- Phối hợp với team backend/frontend để đảm bảo data layer ổn định.
- Xây dựng tooling, automation và quy trình backup/recovery.
- Tham gia on-call rotation, xử lý sự cố liên quan đến database.
- Viết tài liệu kỹ thuật, mentor thành viên mới trong team.
- Nghiên cứu và đánh giá công nghệ mới phục vụ nhu cầu kinh doanh.
- Đảm bảo tuân thủ security, data governance và privacy regulations.","Performance review 2x/year, Clear career path, International projects",VietConnect Telecom,Information Technology,Full-time,Senior,Remote,Phú Lý,Tỉnh Đồng Nai,3000,4000,4,474
Data Engineering Manager,"We are hiring a Data Engineering Manager to join our database engineering team in Đồng Nai. You will design, build, and operate scalable data platforms using Data Warehouse. Our systems process billions of records and power core business operations.","- 12+ năm kinh nghiệm CNTT, trong đó 5+ năm quản lý team data/database.
- Kinh nghiệm xây dựng và vận hành data platform ở quy mô enterprise.
- Kỹ năng quản lý stakeholder, ngân sách và lộ trình kỹ thuật.
- Tư duy chiến lược về data governance, security và compliance.","- Thiết kế, phát triển và vận hành các giải pháp dữ liệu sử dụng Data Warehouse.
- Tối ưu hiệu năng truy vấn, indexing và partitioning cho hệ thống production.
- Phối hợp với team backend/frontend để đảm bảo data layer ổn định.
- Xây dựng tooling, automation và quy trình backup/recovery.
- Tham gia on-call rotation, xử lý sự cố liên quan đến database.
- Viết tài liệu kỹ thuật, mentor thành viên mới trong team.
- Nghiên cứu và đánh giá công nghệ mới phục vụ nhu cầu kinh doanh.
- Đảm bảo tuân thủ security, data governance và privacy regulations.","Remote-friendly, Flexible hours, Meal allowance 1.5M VND",ChainWorks,Information Technology,Contract,Manager,Remote,Tân An,Tỉnh Đồng Nai,4400,6000,65,1133
Fresher Backend Developer (Database),"MediTech Global đang tìm kiếm một Fresher Backend Developer (Database) để gia nhập đội ngũ kỹ thuật tại Đồng Nai. Bạn sẽ làm việc với Database DevOps và các công nghệ liên quan để xây dựng, vận hành và tối ưu các hệ thống dữ liệu phục vụ hàng triệu người dùng tại Việt Nam.","- Tốt nghiệp Đại học chuyên ngành CNTT hoặc tương đương.
- Hiểu biết cơ bản về SQL và một hệ quản trị cơ sở dữ liệu quan hệ.
- Tiếng Anh đọc hiểu tài liệu kỹ thuật.
- Tinh thần ham học hỏi, có khả năng làm việc nhóm.","- Thiết kế, phát triển và vận hành các giải pháp dữ liệu sử dụng Database DevOps.
- Tối ưu hiệu năng truy vấn, indexing và partitioning cho hệ thống production.
- Phối hợp với team backend/frontend để đảm bảo data layer ổn định.
- Xây dựng tooling, automation và quy trình backup/recovery.
- Tham gia on-call rotation, xử lý sự cố liên quan đến database.
- Viết tài liệu kỹ thuật, mentor thành viên mới trong team.
- Nghiên cứu và đánh giá công nghệ mới phục vụ nhu cầu kinh doanh.
- Đảm bảo tuân thủ security, data governance và privacy regulations.","Competitive salary, Project bonus, Long-service award",MediTech Global,Information Technology,Full-time,Fresher,Onsite,Tân An,Tỉnh Đồng Nai,500,600,53,1019
Senior Database Administrator,"Join ShopSphere as a Senior Database Administrator working on SQL Server-based platforms. You will collaborate with backend, data and DevOps teams to deliver high-performance data infrastructure serving customers across Vietnam and SEA.","- 5+ năm kinh nghiệm database engineering với SQL Server.
- Chuyên sâu về T-SQL, stored procedures, Always On, SSIS/SSRS.
- Kinh nghiệm thiết kế hệ thống high-availability và disaster recovery.
- Khả năng review code, đào tạo và dẫn dắt kỹ thuật cho team.
- Tiếng Anh giao tiếp tốt là một lợi thế.","- Thiết kế, phát triển và vận hành các giải pháp dữ liệu sử dụng SQL Server.
- Tối ưu hiệu năng truy vấn, indexing và partitioning cho hệ thống production.
- Phối hợp với team backend/frontend để đảm bảo data layer ổn định.
- Xây dựng tooling, automation và quy trình backup/recovery.
- Tham gia on-call rotation, xử lý sự cố liên quan đến database.
- Viết tài liệu kỹ thuật, mentor thành viên mới trong team.
- Nghiên cứu và đánh giá công nghệ mới phục vụ nhu cầu kinh doanh.
- Đảm bảo tuân thủ security, data governance và privacy regulations.","13th month salary, Health insurance, Annual leave 12+ days",ShopSphere,Information Technology,Full-time,Senior,Remote,Tân An,Tỉnh Đồng Nai,3100,4300,47,1500
Junior SQL Developer,"ShopSphere mở rộng team database và cần một Junior SQL Developer giàu kinh nghiệm về Big Data. Bạn sẽ đóng vai trò chủ chốt trong việc thiết kế schema, tối ưu truy vấn và đảm bảo độ tin cậy của các hệ thống dữ liệu quan trọng.","- Tốt nghiệp Đại học chuyên ngành CNTT hoặc tương đương.
- Hiểu biết cơ bản về SQL và một hệ quản trị cơ sở dữ liệu quan hệ.
- Tiếng Anh đọc hiểu tài liệu kỹ thuật.
- Tinh thần ham học hỏi, có khả năng làm việc nhóm.","- Thiết kế, phát triển và vận hành các giải pháp dữ liệu sử dụng Big Data.
- Tối ưu hiệu năng truy vấn, indexing và partitioning cho hệ thống production.
- Phối hợp với team backend/frontend để đảm bảo data layer ổn định.
- Xây dựng tooling, automation và quy trình backup/recovery.
- Tham gia on-call rotation, xử lý sự cố liên quan đến database.
- Viết tài liệu kỹ thuật, mentor thành viên mới trong team.
- Nghiên cứu và đánh giá công nghệ mới phục vụ nhu cầu kinh doanh.
- Đảm bảo tuân thủ security, data governance và privacy regulations.","Performance bonus up to 3 months, Stock options, Premium healthcare",ShopSphere,Information Technology,Full-time,Fresher,Onsite,Thanh Sơn,Tỉnh Đồng Nai,700,1000,17,1029
Director of Database Engineering,"We are hiring a Director of Database Engineering to join our database engineering team in Đồng Nai. You will design, build, and operate scalable data platforms using Database DevOps. Our systems process billions of records and power core business operations.","- 15+ năm kinh nghiệm, trong đó 7+ năm ở vị trí director/head.
- Định hướng chiến lược dữ liệu cho toàn bộ tổ chức.
- Kinh nghiệm làm việc với C-level, xây dựng data-driven culture.
- Hiểu biết sâu về data mesh, data fabric và modern data stack.","- Thiết kế, phát triển và vận hành các giải pháp dữ liệu sử dụng Database DevOps.
- Tối ưu hiệu năng truy vấn, indexing và partitioning cho hệ thống production.
- Phối hợp với team backend/frontend để đảm bảo data layer ổn định.
- Xây dựng tooling, automation và quy trình backup/recovery.
- Tham gia on-call rotation, xử lý sự cố liên quan đến database.
- Viết tài liệu kỹ thuật, mentor thành viên mới trong team.
- Nghiên cứu và đánh giá công nghệ mới phục vụ nhu cầu kinh doanh.
- Đảm bảo tuân thủ security, data governance và privacy regulations.","Hybrid working, 14 days annual leave, Free snacks & coffee",FinCore Tech,Information Technology,Full-time,Director,Remote,Phú Hòa,Tỉnh Đồng Nai,6900,8900,5,1448
Junior Data Engineer,"FinCore Tech đang tìm kiếm một Junior Data Engineer để gia nhập đội ngũ kỹ thuật tại Đồng Nai. Bạn sẽ làm việc với PostgreSQL và các công nghệ liên quan để xây dựng, vận hành và tối ưu các hệ thống dữ liệu phục vụ hàng triệu người dùng tại Việt Nam.","- 1-2 năm kinh nghiệm với SQL và ít nhất một RDBMS (MySQL/PostgreSQL/Oracle).
- Hiểu biết về indexing, query optimization và transaction isolation.
- Quen thuộc với Git và quy trình phát triển phần mềm.
- Khả năng đọc hiểu tài liệu tiếng Anh.","- Thiết kế, phát triển và vận hành các giải pháp dữ liệu sử dụng PostgreSQL.
- Tối ưu hiệu năng truy vấn, indexing và partitioning cho hệ thống production.
- Phối hợp với team backend/frontend để đảm bảo data layer ổn định.
- Xây dựng tooling, automation và quy trình backup/recovery.
- Tham gia on-call rotation, xử lý sự cố liên quan đến database.
- Viết tài liệu kỹ thuật, mentor thành viên mới trong team.
- Nghiên cứu và đánh giá công nghệ mới phục vụ nhu cầu kinh doanh.
- Đảm bảo tuân thủ security, data governance và privacy regulations.","Competitive salary, Project bonus, Long-service award",FinCore Tech,Information Technology,Remote,Junior,Onsite,La Ngà,Tỉnh Đồng Nai,900,1300,17,60
Senior MySQL DBA,"EduSmart đang tìm kiếm một Senior MySQL DBA để gia nhập đội ngũ kỹ thuật tại Đồng Nai. Bạn sẽ làm việc với Big Data và các công nghệ liên quan để xây dựng, vận hành và tối ưu các hệ thống dữ liệu phục vụ hàng triệu người dùng tại Việt Nam.","- 5+ năm kinh nghiệm database engineering với Big Data.
- Chuyên sâu về Spark, Hadoop, Kafka, Airflow, data lake architectures.
- Kinh nghiệm thiết kế hệ thống high-availability và disaster recovery.
- Khả năng review code, đào tạo và dẫn dắt kỹ thuật cho team.
- Tiếng Anh giao tiếp tốt là một lợi thế.","- Thiết kế, phát triển và vận hành các giải pháp dữ liệu sử dụng Big Data.
- Tối ưu hiệu năng truy vấn, indexing và partitioning cho hệ thống production.
- Phối hợp với team backend/frontend để đảm bảo data layer ổn định.
- Xây dựng tooling, automation và quy trình backup/recovery.
- Tham gia on-call rotation, xử lý sự cố liên quan đến database.
- Viết tài liệu kỹ thuật, mentor thành viên mới trong team.
- Nghiên cứu và đánh giá công nghệ mới phục vụ nhu cầu kinh doanh.
- Đảm bảo tuân thủ security, data governance và privacy regulations.","Premium health insurance, English class, Book allowance",EduSmart,Information Technology,Contract,Senior,Remote,Trảng Bom,Tỉnh Đồng Nai,2700,4300,7,459
Senior Data Engineer,"VietConnect Telecom is looking for a Senior Data Engineer based in Đồng Nai to strengthen our data platform. You will work on Oracle, focusing on PL/SQL, RAC, Data Guard, performance tuning, RMAN for production-grade systems.","- 5+ năm kinh nghiệm database engineering với Oracle.
- Chuyên sâu về PL/SQL, RAC, Data Guard, performance tuning, RMAN.
- Kinh nghiệm thiết kế hệ thống high-availability và disaster recovery.
- Khả năng review code, đào tạo và dẫn dắt kỹ thuật cho team.
- Tiếng Anh giao tiếp tốt là một lợi thế.","- Thiết kế, phát triển và vận hành các giải pháp dữ liệu sử dụng Oracle.
- Tối ưu hiệu năng truy vấn, indexing và partitioning cho hệ thống production.
- Phối hợp với team backend/frontend để đảm bảo data layer ổn định.
- Xây dựng tooling, automation và quy trình backup/recovery.
- Tham gia on-call rotation, xử lý sự cố liên quan đến database.
- Viết tài liệu kỹ thuật, mentor thành viên mới trong team.
- Nghiên cứu và đánh giá công nghệ mới phục vụ nhu cầu kinh doanh.
- Đảm bảo tuân thủ security, data governance và privacy regulations.","13th month salary, Health insurance, Annual leave 12+ days",VietConnect Telecom,Information Technology,Remote,Senior,Onsite,Bàu Hàm,Tỉnh Đồng Nai,2800,4400,6,63
Database Engineer,"MediTech Global đang tìm kiếm một Database Engineer để gia nhập đội ngũ kỹ thuật tại Đồng Nai. Bạn sẽ làm việc với MySQL và các công nghệ liên quan để xây dựng, vận hành và tối ưu các hệ thống dữ liệu phục vụ hàng triệu người dùng tại Việt Nam.","- 3-4 năm kinh nghiệm làm việc thực tế với cơ sở dữ liệu quan hệ hoặc NoSQL.
- Thành thạo schema design, performance tuning, backup/recovery, replication.
- Có kinh nghiệm thiết kế schema, partitioning, replication.
- Kinh nghiệm monitoring và troubleshooting production databases.
- Khả năng làm việc độc lập và mentor junior members.","- Thiết kế, phát triển và vận hành các giải pháp dữ liệu sử dụng MySQL.
- Tối ưu hiệu năng truy vấn, indexing và partitioning cho hệ thống production.
- Phối hợp với team backend/frontend để đảm bảo data layer ổn định.
- Xây dựng tooling, automation và quy trình backup/recovery.
- Tham gia on-call rotation, xử lý sự cố liên quan đến database.
- Viết tài liệu kỹ thuật, mentor thành viên mới trong team.
- Nghiên cứu và đánh giá công nghệ mới phục vụ nhu cầu kinh doanh.
- Đảm bảo tuân thủ security, data governance và privacy regulations.","Remote-friendly, Flexible hours, Meal allowance 1.5M VND",MediTech Global,Information Technology,Contract,Middle,Remote,Thống Nhất,Tỉnh Đồng Nai,1600,2800,50,1064
Head of Database,"MediTech Global đang tìm kiếm một Head of Database để gia nhập đội ngũ kỹ thuật tại Đồng Nai. Bạn sẽ làm việc với MySQL và các công nghệ liên quan để xây dựng, vận hành và tối ưu các hệ thống dữ liệu phục vụ hàng triệu người dùng tại Việt Nam.","- 15+ năm kinh nghiệm, trong đó 7+ năm ở vị trí director/head.
- Định hướng chiến lược dữ liệu cho toàn bộ tổ chức.
- Kinh nghiệm làm việc với C-level, xây dựng data-driven culture.
- Hiểu biết sâu về data mesh, data fabric và modern data stack.","- Thiết kế, phát triển và vận hành các giải pháp dữ liệu sử dụng MySQL.
- Tối ưu hiệu năng truy vấn, indexing và partitioning cho hệ thống production.
- Phối hợp với team backend/frontend để đảm bảo data layer ổn định.
- Xây dựng tooling, automation và quy trình backup/recovery.
- Tham gia on-call rotation, xử lý sự cố liên quan đến database.
- Viết tài liệu kỹ thuật, mentor thành viên mới trong team.
- Nghiên cứu và đánh giá công nghệ mới phục vụ nhu cầu kinh doanh.
- Đảm bảo tuân thủ security, data governance và privacy regulations.","Performance review 2x/year, Clear career path, International projects",MediTech Global,Information Technology,Full-time,Director,Onsite,Gia Kiệm,Tỉnh Đồng Nai,6100,8900,9,1384
Senior Database Developer,"We are hiring a Senior Database Developer to join our database engineering team in Đồng Nai. You will design, build, and operate scalable data platforms using Redis. Our systems process billions of records and power core business operations.","- 5+ năm kinh nghiệm database engineering với Redis.
- Chuyên sâu về cluster, persistence, pub/sub, caching strategies.
- Kinh nghiệm thiết kế hệ thống high-availability và disaster recovery.
- Khả năng review code, đào tạo và dẫn dắt kỹ thuật cho team.
- Tiếng Anh giao tiếp tốt là một lợi thế.","- Thiết kế, phát triển và vận hành các giải pháp dữ liệu sử dụng Redis.
- Tối ưu hiệu năng truy vấn, indexing và partitioning cho hệ thống production.
- Phối hợp với team backend/frontend để đảm bảo data layer ổn định.
- Xây dựng tooling, automation và quy trình backup/recovery.
- Tham gia on-call rotation, xử lý sự cố liên quan đến database.
- Viết tài liệu kỹ thuật, mentor thành viên mới trong team.
- Nghiên cứu và đánh giá công nghệ mới phục vụ nhu cầu kinh doanh.
- Đảm bảo tuân thủ security, data governance và privacy regulations.","Remote-friendly, Flexible hours, Meal allowance 1.5M VND",MediTech Global,Information Technology,Full-time,Senior,Remote,Dầu Giây,Tỉnh Đồng Nai,2800,4000,32,1485
Junior SQL Developer,"Join VietConnect Telecom as a Junior SQL Developer working on MySQL-based platforms. You will collaborate with backend, data and DevOps teams to deliver high-performance data infrastructure serving customers across Vietnam and SEA.","- 1-2 năm kinh nghiệm với SQL và ít nhất một RDBMS (MySQL/PostgreSQL/Oracle).
- Hiểu biết về indexing, query optimization và transaction isolation.
- Quen thuộc với Git và quy trình phát triển phần mềm.
- Khả năng đọc hiểu tài liệu tiếng Anh.","- Thiết kế, phát triển và vận hành các giải pháp dữ liệu sử dụng MySQL.
- Tối ưu hiệu năng truy vấn, indexing và partitioning cho hệ thống production.
- Phối hợp với team backend/frontend để đảm bảo data layer ổn định.
- Xây dựng tooling, automation và quy trình backup/recovery.
- Tham gia on-call rotation, xử lý sự cố liên quan đến database.
- Viết tài liệu kỹ thuật, mentor thành viên mới trong team.
- Nghiên cứu và đánh giá công nghệ mới phục vụ nhu cầu kinh doanh.
- Đảm bảo tuân thủ security, data governance và privacy regulations.","13th month salary, Health insurance, Annual leave 12+ days",VietConnect Telecom,Information Technology,Internship,Junior,Onsite,Xuân Quế,Tỉnh Đồng Nai,1200,1400,0,350
Middle Database Administrator,"EduSmart mở rộng team database và cần một Middle Database Administrator giàu kinh nghiệm về Redis. Bạn sẽ đóng vai trò chủ chốt trong việc thiết kế schema, tối ưu truy vấn và đảm bảo độ tin cậy của các hệ thống dữ liệu quan trọng.","- 3-4 năm kinh nghiệm làm việc thực tế với cơ sở dữ liệu quan hệ hoặc NoSQL.
- Thành thạo cluster, persistence, pub/sub, caching strategies.
- Có kinh nghiệm thiết kế schema, partitioning, replication.
- Kinh nghiệm monitoring và troubleshooting production databases.
- Khả năng làm việc độc lập và mentor junior members.","- Thiết kế, phát triển và vận hành các giải pháp dữ liệu sử dụng Redis.
- Tối ưu hiệu năng truy vấn, indexing và partitioning cho hệ thống production.
- Phối hợp với team backend/frontend để đảm bảo data layer ổn định.
- Xây dựng tooling, automation và quy trình backup/recovery.
- Tham gia on-call rotation, xử lý sự cố liên quan đến database.
- Viết tài liệu kỹ thuật, mentor thành viên mới trong team.
- Nghiên cứu và đánh giá công nghệ mới phục vụ nhu cầu kinh doanh.
- Đảm bảo tuân thủ security, data governance và privacy regulations.","Performance bonus up to 3 months, Stock options, Premium healthcare",EduSmart,Information Technology,Full-time,Middle,Onsite,Xuân Quế,Tỉnh Đồng Nai,1500,2700,32,1394
Thực tập sinh Database,"Join MediTech Global as a Thực tập sinh Database working on Big Data-based platforms. You will collaborate with backend, data and DevOps teams to deliver high-performance data infrastructure serving customers across Vietnam and SEA.","- Tốt nghiệp Đại học chuyên ngành CNTT hoặc tương đương.
- Hiểu biết cơ bản về SQL và một hệ quản trị cơ sở dữ liệu quan hệ.
- Tiếng Anh đọc hiểu tài liệu kỹ thuật.
- Tinh thần ham học hỏi, có khả năng làm việc nhóm.","- Thiết kế, phát triển và vận hành các giải pháp dữ liệu sử dụng Big Data.
- Tối ưu hiệu năng truy vấn, indexing và partitioning cho hệ thống production.
- Phối hợp với team backend/frontend để đảm bảo data layer ổn định.
- Xây dựng tooling, automation và quy trình backup/recovery.
- Tham gia on-call rotation, xử lý sự cố liên quan đến database.
- Viết tài liệu kỹ thuật, mentor thành viên mới trong team.
- Nghiên cứu và đánh giá công nghệ mới phục vụ nhu cầu kinh doanh.
- Đảm bảo tuân thủ security, data governance và privacy regulations.","Health insurance for family, Annual health check, Team building budget",MediTech Global,Information Technology,Full-time,Fresher,Onsite,Cẩm Mỹ,Tỉnh Đồng Nai,500,600,17,74
Database Engineer,"Join EduSmart as a Database Engineer working on Big Data-based platforms. You will collaborate with backend, data and DevOps teams to deliver high-performance data infrastructure serving customers across Vietnam and SEA.","- 3-4 năm kinh nghiệm làm việc thực tế với cơ sở dữ liệu quan hệ hoặc NoSQL.
- Thành thạo Spark, Hadoop, Kafka, Airflow, data lake architectures.
- Có kinh nghiệm thiết kế schema, partitioning, replication.
- Kinh nghiệm monitoring và troubleshooting production databases.
- Khả năng làm việc độc lập và mentor junior members.","- Thiết kế, phát triển và vận hành các giải pháp dữ liệu sử dụng Big Data.
- Tối ưu hiệu năng truy vấn, indexing và partitioning cho hệ thống production.
- Phối hợp với team backend/frontend để đảm bảo data layer ổn định.
- Xây dựng tooling, automation và quy trình backup/recovery.
- Tham gia on-call rotation, xử lý sự cố liên quan đến database.
- Viết tài liệu kỹ thuật, mentor thành viên mới trong team.
- Nghiên cứu và đánh giá công nghệ mới phục vụ nhu cầu kinh doanh.
- Đảm bảo tuân thủ security, data governance và privacy regulations.","Health insurance for family, Annual health check, Team building budget",EduSmart,Information Technology,Remote,Middle,Remote,An Phước,Tỉnh Đồng Nai,2000,3000,11,746
Thực tập sinh Database,"FinCore Tech đang tìm kiếm một Thực tập sinh Database để gia nhập đội ngũ kỹ thuật tại Đồng Nai. Bạn sẽ làm việc với Redis và các công nghệ liên quan để xây dựng, vận hành và tối ưu các hệ thống dữ liệu phục vụ hàng triệu người dùng tại Việt Nam.","- Tốt nghiệp Đại học chuyên ngành CNTT hoặc tương đương.
- Hiểu biết cơ bản về SQL và một hệ quản trị cơ sở dữ liệu quan hệ.
- Tiếng Anh đọc hiểu tài liệu kỹ thuật.
- Tinh thần ham học hỏi, có khả năng làm việc nhóm.","- Thiết kế, phát triển và vận hành các giải pháp dữ liệu sử dụng Redis.
- Tối ưu hiệu năng truy vấn, indexing và partitioning cho hệ thống production.
- Phối hợp với team backend/frontend để đảm bảo data layer ổn định.
- Xây dựng tooling, automation và quy trình backup/recovery.
- Tham gia on-call rotation, xử lý sự cố liên quan đến database.
- Viết tài liệu kỹ thuật, mentor thành viên mới trong team.
- Nghiên cứu và đánh giá công nghệ mới phục vụ nhu cầu kinh doanh.
- Đảm bảo tuân thủ security, data governance và privacy regulations.","Competitive salary, Project bonus, Long-service award",FinCore Tech,Information Technology,Full-time,Fresher,Onsite,Xuân Thành,Tỉnh Đồng Nai,700,1000,67,537
Lập trình viên Database (Junior),"We are hiring a Lập trình viên Database (Junior) to join our database engineering team in Đồng Nai. You will design, build, and operate scalable data platforms using Big Data. Our systems process billions of records and power core business operations.","- 1-2 năm kinh nghiệm với SQL và ít nhất một RDBMS (MySQL/PostgreSQL/Oracle).
- Hiểu biết về indexing, query optimization và transaction isolation.
- Quen thuộc với Git và quy trình phát triển phần mềm.
- Khả năng đọc hiểu tài liệu tiếng Anh.","- Thiết kế, phát triển và vận hành các giải pháp dữ liệu sử dụng Big Data.
- Tối ưu hiệu năng truy vấn, indexing và partitioning cho hệ thống production.
- Phối hợp với team backend/frontend để đảm bảo data layer ổn định.
- Xây dựng tooling, automation và quy trình backup/recovery.
- Tham gia on-call rotation, xử lý sự cố liên quan đến database.
- Viết tài liệu kỹ thuật, mentor thành viên mới trong team.
- Nghiên cứu và đánh giá công nghệ mới phục vụ nhu cầu kinh doanh.
- Đảm bảo tuân thủ security, data governance và privacy regulations.","Performance bonus up to 3 months, Stock options, Premium healthcare",ChainWorks,Information Technology,Contract,Junior,Onsite,Xuân Định,Tỉnh Đồng Nai,1200,1500,42,292
Middle ETL Developer,"We are hiring a Middle ETL Developer to join our database engineering team in Đồng Nai. You will design, build, and operate scalable data platforms using Big Data. Our systems process billions of records and power core business operations.","- 3-4 năm kinh nghiệm làm việc thực tế với cơ sở dữ liệu quan hệ hoặc NoSQL.
- Thành thạo Spark, Hadoop, Kafka, Airflow, data lake architectures.
- Có kinh nghiệm thiết kế schema, partitioning, replication.
- Kinh nghiệm monitoring và troubleshooting production databases.
- Khả năng làm việc độc lập và mentor junior members.","- Thiết kế, phát triển và vận hành các giải pháp dữ liệu sử dụng Big Data.
- Tối ưu hiệu năng truy vấn, indexing và partitioning cho hệ thống production.
- Phối hợp với team backend/frontend để đảm bảo data layer ổn định.
- Xây dựng tooling, automation và quy trình backup/recovery.
- Tham gia on-call rotation, xử lý sự cố liên quan đến database.
- Viết tài liệu kỹ thuật, mentor thành viên mới trong team.
- Nghiên cứu và đánh giá công nghệ mới phục vụ nhu cầu kinh doanh.
- Đảm bảo tuân thủ security, data governance và privacy regulations.","Performance bonus up to 3 months, Stock options, Premium healthcare",ShopSphere,Information Technology,Hybrid,Middle,Remote,Phước An,Tỉnh Đồng Nai,1700,2500,13,368
Fresher Backend Developer (Database),"Join CodeBridge Solutions as a Fresher Backend Developer (Database) working on MySQL-based platforms. You will collaborate with backend, data and DevOps teams to deliver high-performance data infrastructure serving customers across Vietnam and SEA.","- Tốt nghiệp Đại học chuyên ngành CNTT hoặc tương đương.
- Hiểu biết cơ bản về SQL và một hệ quản trị cơ sở dữ liệu quan hệ.
- Tiếng Anh đọc hiểu tài liệu kỹ thuật.
- Tinh thần ham học hỏi, có khả năng làm việc nhóm.","- Thiết kế, phát triển và vận hành các giải pháp dữ liệu sử dụng MySQL.
- Tối ưu hiệu năng truy vấn, indexing và partitioning cho hệ thống production.
- Phối hợp với team backend/frontend để đảm bảo data layer ổn định.
- Xây dựng tooling, automation và quy trình backup/recovery.
- Tham gia on-call rotation, xử lý sự cố liên quan đến database.
- Viết tài liệu kỹ thuật, mentor thành viên mới trong team.
- Nghiên cứu và đánh giá công nghệ mới phục vụ nhu cầu kinh doanh.
- Đảm bảo tuân thủ security, data governance và privacy regulations.","13th month salary, Health insurance, Annual leave 12+ days",CodeBridge Solutions,Information Technology,Full-time,Fresher,Onsite,Phước An,Tỉnh Đồng Nai,700,1000,3,1199
Senior Data Engineer,"We are hiring a Senior Data Engineer to join our database engineering team in TP. Hồ Chí Minh. You will design, build, and operate scalable data platforms using Oracle. Our systems process billions of records and power core business operations.","- 5+ năm kinh nghiệm database engineering với Oracle.
- Chuyên sâu về PL/SQL, RAC, Data Guard, performance tuning, RMAN.
- Kinh nghiệm thiết kế hệ thống high-availability và disaster recovery.
- Khả năng review code, đào tạo và dẫn dắt kỹ thuật cho team.
- Tiếng Anh giao tiếp tốt là một lợi thế.","- Thiết kế, phát triển và vận hành các giải pháp dữ liệu sử dụng Oracle.
- Tối ưu hiệu năng truy vấn, indexing và partitioning cho hệ thống production.
- Phối hợp với team backend/frontend để đảm bảo data layer ổn định.
- Xây dựng tooling, automation và quy trình backup/recovery.
- Tham gia on-call rotation, xử lý sự cố liên quan đến database.
- Viết tài liệu kỹ thuật, mentor thành viên mới trong team.
- Nghiên cứu và đánh giá công nghệ mới phục vụ nhu cầu kinh doanh.
- Đảm bảo tuân thủ security, data governance và privacy regulations.","Flexible working hours, WFH 3 days/week, Annual trip",VietConnect Telecom,Information Technology,Full-time,Senior,Remote,Phú An,Thành phố Hồ Chí Minh,3000,4200,33,391
Database Manager,"We are hiring a Database Manager to join our database engineering team in TP. Hồ Chí Minh. You will design, build, and operate scalable data platforms using SQL Server. Our systems process billions of records and power core business operations.","- 12+ năm kinh nghiệm CNTT, trong đó 5+ năm quản lý team data/database.
- Kinh nghiệm xây dựng và vận hành data platform ở quy mô enterprise.
- Kỹ năng quản lý stakeholder, ngân sách và lộ trình kỹ thuật.
- Tư duy chiến lược về data governance, security và compliance.","- Thiết kế, phát triển và vận hành các giải pháp dữ liệu sử dụng SQL Server.
- Tối ưu hiệu năng truy vấn, indexing và partitioning cho hệ thống production.
- Phối hợp với team backend/frontend để đảm bảo data layer ổn định.
- Xây dựng tooling, automation và quy trình backup/recovery.
- Tham gia on-call rotation, xử lý sự cố liên quan đến database.
- Viết tài liệu kỹ thuật, mentor thành viên mới trong team.
- Nghiên cứu và đánh giá công nghệ mới phục vụ nhu cầu kinh doanh.
- Đảm bảo tuân thủ security, data governance và privacy regulations.","Performance bonus up to 3 months, Stock options, Premium healthcare",ChainWorks,Information Technology,Internship,Manager,Remote,Bến Cát,Thành phố Hồ Chí Minh,4500,6200,6,871
Senior Database Developer,"ShopSphere is looking for a Senior Database Developer based in TP. Hồ Chí Minh to strengthen our data platform. You will work on Data Warehouse, focusing on dimensional modeling, ETL/ELT, dbt, Snowflake/BigQuery for production-grade systems.","- 5+ năm kinh nghiệm database engineering với Data Warehouse.
- Chuyên sâu về dimensional modeling, ETL/ELT, dbt, Snowflake/BigQuery.
- Kinh nghiệm thiết kế hệ thống high-availability và disaster recovery.
- Khả năng review code, đào tạo và dẫn dắt kỹ thuật cho team.
- Tiếng Anh giao tiếp tốt là một lợi thế.","- Thiết kế, phát triển và vận hành các giải pháp dữ liệu sử dụng Data Warehouse.
- Tối ưu hiệu năng truy vấn, indexing và partitioning cho hệ thống production.
- Phối hợp với team backend/frontend để đảm bảo data layer ổn định.
- Xây dựng tooling, automation và quy trình backup/recovery.
- Tham gia on-call rotation, xử lý sự cố liên quan đến database.
- Viết tài liệu kỹ thuật, mentor thành viên mới trong team.
- Nghiên cứu và đánh giá công nghệ mới phục vụ nhu cầu kinh doanh.
- Đảm bảo tuân thủ security, data governance và privacy regulations.","Laptop & gear provided, Training budget 5M/year, Conference sponsorship",ShopSphere,Information Technology,Hybrid,Senior,Onsite,Hòa Lợi,Thành phố Hồ Chí Minh,3100,3800,22,821
Head of Database,"VietConnect Telecom is looking for a Head of Database based in TP. Hồ Chí Minh to strengthen our data platform. You will work on MongoDB, focusing on sharding, replica sets, aggregation framework, schema design for production-grade systems.","- 15+ năm kinh nghiệm, trong đó 7+ năm ở vị trí director/head.
- Định hướng chiến lược dữ liệu cho toàn bộ tổ chức.
- Kinh nghiệm làm việc với C-level, xây dựng data-driven culture.
- Hiểu biết sâu về data mesh, data fabric và modern data stack.","- Thiết kế, phát triển và vận hành các giải pháp dữ liệu sử dụng MongoDB.
- Tối ưu hiệu năng truy vấn, indexing và partitioning cho hệ thống production.
- Phối hợp với team backend/frontend để đảm bảo data layer ổn định.
- Xây dựng tooling, automation và quy trình backup/recovery.
- Tham gia on-call rotation, xử lý sự cố liên quan đến database.
- Viết tài liệu kỹ thuật, mentor thành viên mới trong team.
- Nghiên cứu và đánh giá công nghệ mới phục vụ nhu cầu kinh doanh.
- Đảm bảo tuân thủ security, data governance và privacy regulations.","Competitive salary, Project bonus, Long-service award",VietConnect Telecom,Information Technology,Part-time,Director,Onsite,Tân Uyên,Thành phố Hồ Chí Minh,6900,9800,12,1085
Head of Database,"We are hiring a Head of Database to join our database engineering team in TP. Hồ Chí Minh. You will design, build, and operate scalable data platforms using Oracle. Our systems process billions of records and power core business operations.","- 15+ năm kinh nghiệm, trong đó 7+ năm ở vị trí director/head.
- Định hướng chiến lược dữ liệu cho toàn bộ tổ chức.
- Kinh nghiệm làm việc với C-level, xây dựng data-driven culture.
- Hiểu biết sâu về data mesh, data fabric và modern data stack.","- Thiết kế, phát triển và vận hành các giải pháp dữ liệu sử dụng Oracle.
- Tối ưu hiệu năng truy vấn, indexing và partitioning cho hệ thống production.
- Phối hợp với team backend/frontend để đảm bảo data layer ổn định.
- Xây dựng tooling, automation và quy trình backup/recovery.
- Tham gia on-call rotation, xử lý sự cố liên quan đến database.
- Viết tài liệu kỹ thuật, mentor thành viên mới trong team.
- Nghiên cứu và đánh giá công nghệ mới phục vụ nhu cầu kinh doanh.
- Đảm bảo tuân thủ security, data governance và privacy regulations.","Laptop & gear provided, Training budget 5M/year, Conference sponsorship",ShopSphere,Information Technology,Full-time,Director,Remote,Tân Hiệp,Thành phố Hồ Chí Minh,6900,9000,53,546
Middle SQL Developer,"EduSmart is looking for a Middle SQL Developer based in TP. Hồ Chí Minh to strengthen our data platform. You will work on MongoDB, focusing on sharding, replica sets, aggregation framework, schema design for production-grade systems.","- 3-4 năm kinh nghiệm làm việc thực tế với cơ sở dữ liệu quan hệ hoặc NoSQL.
- Thành thạo sharding, replica sets, aggregation framework, schema design.
- Có kinh nghiệm thiết kế schema, partitioning, replication.
- Kinh nghiệm monitoring và troubleshooting production databases.
- Khả năng làm việc độc lập và mentor junior members.","- Thiết kế, phát triển và vận hành các giải pháp dữ liệu sử dụng MongoDB.
- Tối ưu hiệu năng truy vấn, indexing và partitioning cho hệ thống production.
- Phối hợp với team backend/frontend để đảm bảo data layer ổn định.
- Xây dựng tooling, automation và quy trình backup/recovery.
- Tham gia on-call rotation, xử lý sự cố liên quan đến database.
- Viết tài liệu kỹ thuật, mentor thành viên mới trong team.
- Nghiên cứu và đánh giá công nghệ mới phục vụ nhu cầu kinh doanh.
- Đảm bảo tuân thủ security, data governance và privacy regulations.","Premium health insurance, English class, Book allowance",EduSmart,Information Technology,Full-time,Middle,Remote,Dĩ An,Thành phố Hồ Chí Minh,1700,2500,68,648
Senior Database Administrator,"NextGen Software mở rộng team database và cần một Senior Database Administrator giàu kinh nghiệm về Database DevOps. Bạn sẽ đóng vai trò chủ chốt trong việc thiết kế schema, tối ưu truy vấn và đảm bảo độ tin cậy của các hệ thống dữ liệu quan trọng.","- 5+ năm kinh nghiệm database engineering với Database DevOps.
- Chuyên sâu về Flyway/Liquibase, CI/CD, containerized DBs, monitoring.
- Kinh nghiệm thiết kế hệ thống high-availability và disaster recovery.
- Khả năng review code, đào tạo và dẫn dắt kỹ thuật cho team.
- Tiếng Anh giao tiếp tốt là một lợi thế.","- Thiết kế, phát triển và vận hành các giải pháp dữ liệu sử dụng Database DevOps.
- Tối ưu hiệu năng truy vấn, indexing và partitioning cho hệ thống production.
- Phối hợp với team backend/frontend để đảm bảo data layer ổn định.
- Xây dựng tooling, automation và quy trình backup/recovery.
- Tham gia on-call rotation, xử lý sự cố liên quan đến database.
- Viết tài liệu kỹ thuật, mentor thành viên mới trong team.
- Nghiên cứu và đánh giá công nghệ mới phục vụ nhu cầu kinh doanh.
- Đảm bảo tuân thủ security, data governance và privacy regulations.","Laptop & gear provided, Training budget 5M/year, Conference sponsorship",NextGen Software,Information Technology,Contract,Senior,Remote,Đông Hòa,Thành phố Hồ Chí Minh,2700,4000,48,859
Lead Data Engineer (Vietnam),"We are hiring a Lead Data Engineer (Vietnam) to join our database engineering team in TP. Hồ Chí Minh. You will design, build, and operate scalable data platforms using PostgreSQL. Our systems process billions of records and power core business operations.","- 7+ năm kinh nghiệm, trong đó có ít nhất 2 năm ở vị trí lead.
- Chuyên sâu PostgreSQL và hệ sinh thái xung quanh.
- Kinh nghiệm thiết kế kiến trúc dữ liệu cho hệ thống scale lớn.
- Khả năng lãnh đạo team 4-6 người, làm việc với stakeholders.","- Thiết kế, phát triển và vận hành các giải pháp dữ liệu sử dụng PostgreSQL.
- Tối ưu hiệu năng truy vấn, indexing và partitioning cho hệ thống production.
- Phối hợp với team backend/frontend để đảm bảo data layer ổn định.
- Xây dựng tooling, automation và quy trình backup/recovery.
- Tham gia on-call rotation, xử lý sự cố liên quan đến database.
- Viết tài liệu kỹ thuật, mentor thành viên mới trong team.
- Nghiên cứu và đánh giá công nghệ mới phục vụ nhu cầu kinh doanh.
- Đảm bảo tuân thủ security, data governance và privacy regulations.","Premium health insurance, English class, Book allowance",FinCore Tech,Information Technology,Contract,Lead,Onsite,Lái Thiêu,Thành phố Hồ Chí Minh,3800,5300,16,135
Database Developer (Middle),"FinCore Tech đang tìm kiếm một Database Developer (Middle) để gia nhập đội ngũ kỹ thuật tại TP. Hồ Chí Minh. Bạn sẽ làm việc với Oracle và các công nghệ liên quan để xây dựng, vận hành và tối ưu các hệ thống dữ liệu phục vụ hàng triệu người dùng tại Việt Nam.","- 3-4 năm kinh nghiệm làm việc thực tế với cơ sở dữ liệu quan hệ hoặc NoSQL.
- Thành thạo PL/SQL, RAC, Data Guard, performance tuning, RMAN.
- Có kinh nghiệm thiết kế schema, partitioning, replication.
- Kinh nghiệm monitoring và troubleshooting production databases.
- Khả năng làm việc độc lập và mentor junior members.","- Thiết kế, phát triển và vận hành các giải pháp dữ liệu sử dụng Oracle.
- Tối ưu hiệu năng truy vấn, indexing và partitioning cho hệ thống production.
- Phối hợp với team backend/frontend để đảm bảo data layer ổn định.
- Xây dựng tooling, automation và quy trình backup/recovery.
- Tham gia on-call rotation, xử lý sự cố liên quan đến database.
- Viết tài liệu kỹ thuật, mentor thành viên mới trong team.
- Nghiên cứu và đánh giá công nghệ mới phục vụ nhu cầu kinh doanh.
- Đảm bảo tuân thủ security, data governance và privacy regulations.","Performance bonus up to 3 months, Stock options, Premium healthcare",FinCore Tech,Information Technology,Part-time,Middle,Remote,Vũng Tàu,Thành phố Hồ Chí Minh,1700,2500,19,1334
Director of Database Engineering (Vietnam),"ChainWorks is looking for a Director of Database Engineering (Vietnam) based in TP. Hồ Chí Minh to strengthen our data platform. You will work on MySQL, focusing on schema design, performance tuning, backup/recovery, replication for production-grade systems.","- 15+ năm kinh nghiệm, trong đó 7+ năm ở vị trí director/head.
- Định hướng chiến lược dữ liệu cho toàn bộ tổ chức.
- Kinh nghiệm làm việc với C-level, xây dựng data-driven culture.
- Hiểu biết sâu về data mesh, data fabric và modern data stack.","- Thiết kế, phát triển và vận hành các giải pháp dữ liệu sử dụng MySQL.
- Tối ưu hiệu năng truy vấn, indexing và partitioning cho hệ thống production.
- Phối hợp với team backend/frontend để đảm bảo data layer ổn định.
- Xây dựng tooling, automation và quy trình backup/recovery.
- Tham gia on-call rotation, xử lý sự cố liên quan đến database.
- Viết tài liệu kỹ thuật, mentor thành viên mới trong team.
- Nghiên cứu và đánh giá công nghệ mới phục vụ nhu cầu kinh doanh.
- Đảm bảo tuân thủ security, data governance và privacy regulations.","Premium health insurance, English class, Book allowance",ChainWorks,Information Technology,Full-time,Director,Remote,Tam Thắng,Thành phố Hồ Chí Minh,6300,9200,50,998
Director of Data Engineering,"We are hiring a Director of Data Engineering to join our database engineering team in TP. Hồ Chí Minh. You will design, build, and operate scalable data platforms using Data Warehouse. Our systems process billions of records and power core business operations.","- 15+ năm kinh nghiệm, trong đó 7+ năm ở vị trí director/head.
- Định hướng chiến lược dữ liệu cho toàn bộ tổ chức.
- Kinh nghiệm làm việc với C-level, xây dựng data-driven culture.
- Hiểu biết sâu về data mesh, data fabric và modern data stack.","- Thiết kế, phát triển và vận hành các giải pháp dữ liệu sử dụng Data Warehouse.
- Tối ưu hiệu năng truy vấn, indexing và partitioning cho hệ thống production.
- Phối hợp với team backend/frontend để đảm bảo data layer ổn định.
- Xây dựng tooling, automation và quy trình backup/recovery.
- Tham gia on-call rotation, xử lý sự cố liên quan đến database.
- Viết tài liệu kỹ thuật, mentor thành viên mới trong team.
- Nghiên cứu và đánh giá công nghệ mới phục vụ nhu cầu kinh doanh.
- Đảm bảo tuân thủ security, data governance và privacy regulations.","Laptop & gear provided, Training budget 5M/year, Conference sponsorship",MediTech Global,Information Technology,Contract,Director,Onsite,Bà Rịa,Thành phố Hồ Chí Minh,6200,9800,33,292
Senior Database Developer,"ShopSphere is looking for a Senior Database Developer based in TP. Hồ Chí Minh to strengthen our data platform. You will work on PostgreSQL, focusing on advanced SQL, indexing, query optimization, replication, partitioning for production-grade systems.","- 5+ năm kinh nghiệm database engineering với PostgreSQL.
- Chuyên sâu về advanced SQL, indexing, query optimization, replication, partitioning.
- Kinh nghiệm thiết kế hệ thống high-availability và disaster recovery.
- Khả năng review code, đào tạo và dẫn dắt kỹ thuật cho team.
- Tiếng Anh giao tiếp tốt là một lợi thế.","- Thiết kế, phát triển và vận hành các giải pháp dữ liệu sử dụng PostgreSQL.
- Tối ưu hiệu năng truy vấn, indexing và partitioning cho hệ thống production.
- Phối hợp với team backend/frontend để đảm bảo data layer ổn định.
- Xây dựng tooling, automation và quy trình backup/recovery.
- Tham gia on-call rotation, xử lý sự cố liên quan đến database.
- Viết tài liệu kỹ thuật, mentor thành viên mới trong team.
- Nghiên cứu và đánh giá công nghệ mới phục vụ nhu cầu kinh doanh.
- Đảm bảo tuân thủ security, data governance và privacy regulations.","Remote-friendly, Flexible hours, Meal allowance 1.5M VND",ShopSphere,Information Technology,Full-time,Senior,Onsite,Phú Mỹ,Thành phố Hồ Chí Minh,2800,3900,66,650
Senior NoSQL Engineer - Hybrid,"We are hiring a Senior NoSQL Engineer - Hybrid to join our database engineering team in TP. Hồ Chí Minh. You will design, build, and operate scalable data platforms using Big Data. Our systems process billions of records and power core business operations.","- 5+ năm kinh nghiệm database engineering với Big Data.
- Chuyên sâu về Spark, Hadoop, Kafka, Airflow, data lake architectures.
- Kinh nghiệm thiết kế hệ thống high-availability và disaster recovery.
- Khả năng review code, đào tạo và dẫn dắt kỹ thuật cho team.
- Tiếng Anh giao tiếp tốt là một lợi thế.","- Thiết kế, phát triển và vận hành các giải pháp dữ liệu sử dụng Big Data.
- Tối ưu hiệu năng truy vấn, indexing và partitioning cho hệ thống production.
- Phối hợp với team backend/frontend để đảm bảo data layer ổn định.
- Xây dựng tooling, automation và quy trình backup/recovery.
- Tham gia on-call rotation, xử lý sự cố liên quan đến database.
- Viết tài liệu kỹ thuật, mentor thành viên mới trong team.
- Nghiên cứu và đánh giá công nghệ mới phục vụ nhu cầu kinh doanh.
- Đảm bảo tuân thủ security, data governance và privacy regulations.","Competitive salary, Project bonus, Long-service award",ChainWorks,Information Technology,Contract,Senior,Remote,Phú Mỹ,Thành phố Hồ Chí Minh,2800,4100,47,1476
Head of Database,"We are hiring a Head of Database to join our database engineering team in TP. Hồ Chí Minh. You will design, build, and operate scalable data platforms using Data Warehouse. Our systems process billions of records and power core business operations.","- 15+ năm kinh nghiệm, trong đó 7+ năm ở vị trí director/head.
- Định hướng chiến lược dữ liệu cho toàn bộ tổ chức.
- Kinh nghiệm làm việc với C-level, xây dựng data-driven culture.
- Hiểu biết sâu về data mesh, data fabric và modern data stack.","- Thiết kế, phát triển và vận hành các giải pháp dữ liệu sử dụng Data Warehouse.
- Tối ưu hiệu năng truy vấn, indexing và partitioning cho hệ thống production.
- Phối hợp với team backend/frontend để đảm bảo data layer ổn định.
- Xây dựng tooling, automation và quy trình backup/recovery.
- Tham gia on-call rotation, xử lý sự cố liên quan đến database.
- Viết tài liệu kỹ thuật, mentor thành viên mới trong team.
- Nghiên cứu và đánh giá công nghệ mới phục vụ nhu cầu kinh doanh.
- Đảm bảo tuân thủ security, data governance và privacy regulations.","13th month salary, Health insurance, Annual leave 12+ days",ChainWorks,Information Technology,Full-time,Director,Onsite,Phú Mỹ,Thành phố Hồ Chí Minh,6300,9200,3,416
Manager - Database Operations,"Join EduSmart as a Manager - Database Operations working on Data Warehouse-based platforms. You will collaborate with backend, data and DevOps teams to deliver high-performance data infrastructure serving customers across Vietnam and SEA.","- 12+ năm kinh nghiệm CNTT, trong đó 5+ năm quản lý team data/database.
- Kinh nghiệm xây dựng và vận hành data platform ở quy mô enterprise.
- Kỹ năng quản lý stakeholder, ngân sách và lộ trình kỹ thuật.
- Tư duy chiến lược về data governance, security và compliance.","- Thiết kế, phát triển và vận hành các giải pháp dữ liệu sử dụng Data Warehouse.
- Tối ưu hiệu năng truy vấn, indexing và partitioning cho hệ thống production.
- Phối hợp với team backend/frontend để đảm bảo data layer ổn định.
- Xây dựng tooling, automation và quy trình backup/recovery.
- Tham gia on-call rotation, xử lý sự cố liên quan đến database.
- Viết tài liệu kỹ thuật, mentor thành viên mới trong team.
- Nghiên cứu và đánh giá công nghệ mới phục vụ nhu cầu kinh doanh.
- Đảm bảo tuân thủ security, data governance và privacy regulations.","13th month salary, Health insurance, Annual leave 12+ days",EduSmart,Information Technology,Remote,Manager,Onsite,Phú Mỹ,Thành phố Hồ Chí Minh,4500,5700,38,375
Middle Data Engineer,"ChainWorks is looking for a Middle Data Engineer based in TP. Hồ Chí Minh to strengthen our data platform. You will work on Data Warehouse, focusing on dimensional modeling, ETL/ELT, dbt, Snowflake/BigQuery for production-grade systems.","- 3-4 năm kinh nghiệm làm việc thực tế với cơ sở dữ liệu quan hệ hoặc NoSQL.
- Thành thạo dimensional modeling, ETL/ELT, dbt, Snowflake/BigQuery.
- Có kinh nghiệm thiết kế schema, partitioning, replication.
- Kinh nghiệm monitoring và troubleshooting production databases.
- Khả năng làm việc độc lập và mentor junior members.","- Thiết kế, phát triển và vận hành các giải pháp dữ liệu sử dụng Data Warehouse.
- Tối ưu hiệu năng truy vấn, indexing và partitioning cho hệ thống production.
- Phối hợp với team backend/frontend để đảm bảo data layer ổn định.
- Xây dựng tooling, automation và quy trình backup/recovery.
- Tham gia on-call rotation, xử lý sự cố liên quan đến database.
- Viết tài liệu kỹ thuật, mentor thành viên mới trong team.
- Nghiên cứu và đánh giá công nghệ mới phục vụ nhu cầu kinh doanh.
- Đảm bảo tuân thủ security, data governance và privacy regulations.","Competitive salary, Project bonus, Long-service award",ChainWorks,Information Technology,Full-time,Middle,Onsite,Tân Hải,Thành phố Hồ Chí Minh,1700,2200,30,1233
Middle NoSQL Engineer,"Join FinCore Tech as a Middle NoSQL Engineer working on SQL Server-based platforms. You will collaborate with backend, data and DevOps teams to deliver high-performance data infrastructure serving customers across Vietnam and SEA.","- 3-4 năm kinh nghiệm làm việc thực tế với cơ sở dữ liệu quan hệ hoặc NoSQL.
- Thành thạo T-SQL, stored procedures, Always On, SSIS/SSRS.
- Có kinh nghiệm thiết kế schema, partitioning, replication.
- Kinh nghiệm monitoring và troubleshooting production databases.
- Khả năng làm việc độc lập và mentor junior members.","- Thiết kế, phát triển và vận hành các giải pháp dữ liệu sử dụng SQL Server.
- Tối ưu hiệu năng truy vấn, indexing và partitioning cho hệ thống production.
- Phối hợp với team backend/frontend để đảm bảo data layer ổn định.
- Xây dựng tooling, automation và quy trình backup/recovery.
- Tham gia on-call rotation, xử lý sự cố liên quan đến database.
- Viết tài liệu kỹ thuật, mentor thành viên mới trong team.
- Nghiên cứu và đánh giá công nghệ mới phục vụ nhu cầu kinh doanh.
- Đảm bảo tuân thủ security, data governance và privacy regulations.","Laptop & gear provided, Training budget 5M/year, Conference sponsorship",FinCore Tech,Information Technology,Full-time,Middle,Onsite,Tân Hải,Thành phố Hồ Chí Minh,1800,2700,11,102
Junior Database Developer,"FinCore Tech is looking for a Junior Database Developer based in TP. Hồ Chí Minh to strengthen our data platform. You will work on PostgreSQL, focusing on advanced SQL, indexing, query optimization, replication, partitioning for production-grade systems.","- 1-2 năm kinh nghiệm với SQL và ít nhất một RDBMS (MySQL/PostgreSQL/Oracle).
- Hiểu biết về indexing, query optimization và transaction isolation.
- Quen thuộc với Git và quy trình phát triển phần mềm.
- Khả năng đọc hiểu tài liệu tiếng Anh.","- Thiết kế, phát triển và vận hành các giải pháp dữ liệu sử dụng PostgreSQL.
- Tối ưu hiệu năng truy vấn, indexing và partitioning cho hệ thống production.
- Phối hợp với team backend/frontend để đảm bảo data layer ổn định.
- Xây dựng tooling, automation và quy trình backup/recovery.
- Tham gia on-call rotation, xử lý sự cố liên quan đến database.
- Viết tài liệu kỹ thuật, mentor thành viên mới trong team.
- Nghiên cứu và đánh giá công nghệ mới phục vụ nhu cầu kinh doanh.
- Đảm bảo tuân thủ security, data governance và privacy regulations.","Flexible working hours, WFH 3 days/week, Annual trip",FinCore Tech,Information Technology,Full-time,Junior,Onsite,Tân Định,Thành phố Hồ Chí Minh,1100,1700,78,702
Senior Data Engineer (Vietnam),"Join CodeBridge Solutions as a Senior Data Engineer (Vietnam) working on Oracle-based platforms. You will collaborate with backend, data and DevOps teams to deliver high-performance data infrastructure serving customers across Vietnam and SEA.","- 5+ năm kinh nghiệm database engineering với Oracle.
- Chuyên sâu về PL/SQL, RAC, Data Guard, performance tuning, RMAN.
- Kinh nghiệm thiết kế hệ thống high-availability và disaster recovery.
- Khả năng review code, đào tạo và dẫn dắt kỹ thuật cho team.
- Tiếng Anh giao tiếp tốt là một lợi thế.","- Thiết kế, phát triển và vận hành các giải pháp dữ liệu sử dụng Oracle.
- Tối ưu hiệu năng truy vấn, indexing và partitioning cho hệ thống production.
- Phối hợp với team backend/frontend để đảm bảo data layer ổn định.
- Xây dựng tooling, automation và quy trình backup/recovery.
- Tham gia on-call rotation, xử lý sự cố liên quan đến database.
- Viết tài liệu kỹ thuật, mentor thành viên mới trong team.
- Nghiên cứu và đánh giá công nghệ mới phục vụ nhu cầu kinh doanh.
- Đảm bảo tuân thủ security, data governance và privacy regulations.","13th month salary, Health insurance, Annual leave 12+ days",CodeBridge Solutions,Information Technology,Full-time,Senior,Onsite,Sài Gòn,Thành phố Hồ Chí Minh,3100,4200,46,834
Senior Data Engineer,"Join ShopSphere as a Senior Data Engineer working on Redis-based platforms. You will collaborate with backend, data and DevOps teams to deliver high-performance data infrastructure serving customers across Vietnam and SEA.","- 5+ năm kinh nghiệm database engineering với Redis.
- Chuyên sâu về cluster, persistence, pub/sub, caching strategies.
- Kinh nghiệm thiết kế hệ thống high-availability và disaster recovery.
- Khả năng review code, đào tạo và dẫn dắt kỹ thuật cho team.
- Tiếng Anh giao tiếp tốt là một lợi thế.","- Thiết kế, phát triển và vận hành các giải pháp dữ liệu sử dụng Redis.
- Tối ưu hiệu năng truy vấn, indexing và partitioning cho hệ thống production.
- Phối hợp với team backend/frontend để đảm bảo data layer ổn định.
- Xây dựng tooling, automation và quy trình backup/recovery.
- Tham gia on-call rotation, xử lý sự cố liên quan đến database.
- Viết tài liệu kỹ thuật, mentor thành viên mới trong team.
- Nghiên cứu và đánh giá công nghệ mới phục vụ nhu cầu kinh doanh.
- Đảm bảo tuân thủ security, data governance và privacy regulations.","Competitive salary, Project bonus, Long-service award",ShopSphere,Information Technology,Hybrid,Senior,Remote,Bến Thành,Thành phố Hồ Chí Minh,2900,4300,21,481
Senior PostgreSQL DBA,"Join EduSmart as a Senior PostgreSQL DBA working on Redis-based platforms. You will collaborate with backend, data and DevOps teams to deliver high-performance data infrastructure serving customers across Vietnam and SEA.","- 5+ năm kinh nghiệm database engineering với Redis.
- Chuyên sâu về cluster, persistence, pub/sub, caching strategies.
- Kinh nghiệm thiết kế hệ thống high-availability và disaster recovery.
- Khả năng review code, đào tạo và dẫn dắt kỹ thuật cho team.
- Tiếng Anh giao tiếp tốt là một lợi thế.","- Thiết kế, phát triển và vận hành các giải pháp dữ liệu sử dụng Redis.
- Tối ưu hiệu năng truy vấn, indexing và partitioning cho hệ thống production.
- Phối hợp với team backend/frontend để đảm bảo data layer ổn định.
- Xây dựng tooling, automation và quy trình backup/recovery.
- Tham gia on-call rotation, xử lý sự cố liên quan đến database.
- Viết tài liệu kỹ thuật, mentor thành viên mới trong team.
- Nghiên cứu và đánh giá công nghệ mới phục vụ nhu cầu kinh doanh.
- Đảm bảo tuân thủ security, data governance và privacy regulations.","Hybrid working, 14 days annual leave, Free snacks & coffee",EduSmart,Information Technology,Hybrid,Senior,Remote,Cầu Ông Lãnh,Thành phố Hồ Chí Minh,3100,4400,0,972
Lead Data Engineer,"ShopSphere is looking for a Lead Data Engineer based in TP. Hồ Chí Minh to strengthen our data platform. You will work on Cloud Database, focusing on AWS RDS/Aurora, Azure SQL, GCP Cloud SQL, IaC for production-grade systems.","- 7+ năm kinh nghiệm, trong đó có ít nhất 2 năm ở vị trí lead.
- Chuyên sâu Cloud Database và hệ sinh thái xung quanh.
- Kinh nghiệm thiết kế kiến trúc dữ liệu cho hệ thống scale lớn.
- Khả năng lãnh đạo team 4-6 người, làm việc với stakeholders.","- Thiết kế, phát triển và vận hành các giải pháp dữ liệu sử dụng Cloud Database.
- Tối ưu hiệu năng truy vấn, indexing và partitioning cho hệ thống production.
- Phối hợp với team backend/frontend để đảm bảo data layer ổn định.
- Xây dựng tooling, automation và quy trình backup/recovery.
- Tham gia on-call rotation, xử lý sự cố liên quan đến database.
- Viết tài liệu kỹ thuật, mentor thành viên mới trong team.
- Nghiên cứu và đánh giá công nghệ mới phục vụ nhu cầu kinh doanh.
- Đảm bảo tuân thủ security, data governance và privacy regulations.","Competitive salary, Project bonus, Long-service award",ShopSphere,Information Technology,Full-time,Lead,Remote,Trung Mỹ Tây,Thành phố Hồ Chí Minh,3700,5200,20,1221
Junior Database Administrator,"Join FinCore Tech as a Junior Database Administrator working on SQL Server-based platforms. You will collaborate with backend, data and DevOps teams to deliver high-performance data infrastructure serving customers across Vietnam and SEA.","- 1-2 năm kinh nghiệm với SQL và ít nhất một RDBMS (MySQL/PostgreSQL/Oracle).
- Hiểu biết về indexing, query optimization và transaction isolation.
- Quen thuộc với Git và quy trình phát triển phần mềm.
- Khả năng đọc hiểu tài liệu tiếng Anh.","- Thiết kế, phát triển và vận hành các giải pháp dữ liệu sử dụng SQL Server.
- Tối ưu hiệu năng truy vấn, indexing và partitioning cho hệ thống production.
- Phối hợp với team backend/frontend để đảm bảo data layer ổn định.
- Xây dựng tooling, automation và quy trình backup/recovery.
- Tham gia on-call rotation, xử lý sự cố liên quan đến database.
- Viết tài liệu kỹ thuật, mentor thành viên mới trong team.
- Nghiên cứu và đánh giá công nghệ mới phục vụ nhu cầu kinh doanh.
- Đảm bảo tuân thủ security, data governance và privacy regulations.","Hybrid working, 14 days annual leave, Free snacks & coffee",FinCore Tech,Information Technology,Remote,Junior,Onsite,Long Bình,Thành phố Hồ Chí Minh,900,1200,61,1412
Junior SQL Developer,"We are hiring a Junior SQL Developer to join our database engineering team in TP. Hồ Chí Minh. You will design, build, and operate scalable data platforms using Oracle. Our systems process billions of records and power core business operations.","- 1-2 năm kinh nghiệm với SQL và ít nhất một RDBMS (MySQL/PostgreSQL/Oracle).
- Hiểu biết về indexing, query optimization và transaction isolation.
- Quen thuộc với Git và quy trình phát triển phần mềm.
- Khả năng đọc hiểu tài liệu tiếng Anh.","- Thiết kế, phát triển và vận hành các giải pháp dữ liệu sử dụng Oracle.
- Tối ưu hiệu năng truy vấn, indexing và partitioning cho hệ thống production.
- Phối hợp với team backend/frontend để đảm bảo data layer ổn định.
- Xây dựng tooling, automation và quy trình backup/recovery.
- Tham gia on-call rotation, xử lý sự cố liên quan đến database.
- Viết tài liệu kỹ thuật, mentor thành viên mới trong team.
- Nghiên cứu và đánh giá công nghệ mới phục vụ nhu cầu kinh doanh.
- Đảm bảo tuân thủ security, data governance và privacy regulations.","Flexible working hours, WFH 3 days/week, Annual trip",VietConnect Telecom,Information Technology,Contract,Junior,Remote,Tăng Nhơn Phú,Thành phố Hồ Chí Minh,800,1800,63,1143
Junior Database Administrator,"We are hiring a Junior Database Administrator to join our database engineering team in TP. Hồ Chí Minh. You will design, build, and operate scalable data platforms using MySQL. Our systems process billions of records and power core business operations.","- 1-2 năm kinh nghiệm với SQL và ít nhất một RDBMS (MySQL/PostgreSQL/Oracle).
- Hiểu biết về indexing, query optimization và transaction isolation.
- Quen thuộc với Git và quy trình phát triển phần mềm.
- Khả năng đọc hiểu tài liệu tiếng Anh.","- Thiết kế, phát triển và vận hành các giải pháp dữ liệu sử dụng MySQL.
- Tối ưu hiệu năng truy vấn, indexing và partitioning cho hệ thống production.
- Phối hợp với team backend/frontend để đảm bảo data layer ổn định.
- Xây dựng tooling, automation và quy trình backup/recovery.
- Tham gia on-call rotation, xử lý sự cố liên quan đến database.
- Viết tài liệu kỹ thuật, mentor thành viên mới trong team.
- Nghiên cứu và đánh giá công nghệ mới phục vụ nhu cầu kinh doanh.
- Đảm bảo tuân thủ security, data governance và privacy regulations.","Flexible working hours, WFH 3 days/week, Annual trip",EduSmart,Information Technology,Hybrid,Junior,Onsite,Long Phước,Thành phố Hồ Chí Minh,900,1500,40,1001
Database Manager (Vietnam),"Join NextGen Software as a Database Manager (Vietnam) working on Big Data-based platforms. You will collaborate with backend, data and DevOps teams to deliver high-performance data infrastructure serving customers across Vietnam and SEA.","- 12+ năm kinh nghiệm CNTT, trong đó 5+ năm quản lý team data/database.
- Kinh nghiệm xây dựng và vận hành data platform ở quy mô enterprise.
- Kỹ năng quản lý stakeholder, ngân sách và lộ trình kỹ thuật.
- Tư duy chiến lược về data governance, security và compliance.","- Thiết kế, phát triển và vận hành các giải pháp dữ liệu sử dụng Big Data.
- Tối ưu hiệu năng truy vấn, indexing và partitioning cho hệ thống production.
- Phối hợp với team backend/frontend để đảm bảo data layer ổn định.
- Xây dựng tooling, automation và quy trình backup/recovery.
- Tham gia on-call rotation, xử lý sự cố liên quan đến database.
- Viết tài liệu kỹ thuật, mentor thành viên mới trong team.
- Nghiên cứu và đánh giá công nghệ mới phục vụ nhu cầu kinh doanh.
- Đảm bảo tuân thủ security, data governance và privacy regulations.","Health insurance for family, Annual health check, Team building budget",NextGen Software,Information Technology,Full-time,Manager,Remote,Tân Sơn Hòa,Thành phố Hồ Chí Minh,4300,5800,53,145
Lead ETL Engineer,"We are hiring a Lead ETL Engineer to join our database engineering team in TP. Hồ Chí Minh. You will design, build, and operate scalable data platforms using Data Warehouse. Our systems process billions of records and power core business operations.","- 7+ năm kinh nghiệm, trong đó có ít nhất 2 năm ở vị trí lead.
- Chuyên sâu Data Warehouse và hệ sinh thái xung quanh.
- Kinh nghiệm thiết kế kiến trúc dữ liệu cho hệ thống scale lớn.
- Khả năng lãnh đạo team 4-6 người, làm việc với stakeholders.","- Thiết kế, phát triển và vận hành các giải pháp dữ liệu sử dụng Data Warehouse.
- Tối ưu hiệu năng truy vấn, indexing và partitioning cho hệ thống production.
- Phối hợp với team backend/frontend để đảm bảo data layer ổn định.
- Xây dựng tooling, automation và quy trình backup/recovery.
- Tham gia on-call rotation, xử lý sự cố liên quan đến database.
- Viết tài liệu kỹ thuật, mentor thành viên mới trong team.
- Nghiên cứu và đánh giá công nghệ mới phục vụ nhu cầu kinh doanh.
- Đảm bảo tuân thủ security, data governance và privacy regulations.","Health insurance for family, Annual health check, Team building budget",VietConnect Telecom,Information Technology,Hybrid,Lead,Remote,Bảy Hiền,Thành phố Hồ Chí Minh,3500,5300,1,1485
Senior NoSQL Engineer,"ShopSphere is looking for a Senior NoSQL Engineer based in TP. Hồ Chí Minh to strengthen our data platform. You will work on Database DevOps, focusing on Flyway/Liquibase, CI/CD, containerized DBs, monitoring for production-grade systems.","- 5+ năm kinh nghiệm database engineering với Database DevOps.
- Chuyên sâu về Flyway/Liquibase, CI/CD, containerized DBs, monitoring.
- Kinh nghiệm thiết kế hệ thống high-availability và disaster recovery.
- Khả năng review code, đào tạo và dẫn dắt kỹ thuật cho team.
- Tiếng Anh giao tiếp tốt là một lợi thế.","- Thiết kế, phát triển và vận hành các giải pháp dữ liệu sử dụng Database DevOps.
- Tối ưu hiệu năng truy vấn, indexing và partitioning cho hệ thống production.
- Phối hợp với team backend/frontend để đảm bảo data layer ổn định.
- Xây dựng tooling, automation và quy trình backup/recovery.
- Tham gia on-call rotation, xử lý sự cố liên quan đến database.
- Viết tài liệu kỹ thuật, mentor thành viên mới trong team.
- Nghiên cứu và đánh giá công nghệ mới phục vụ nhu cầu kinh doanh.
- Đảm bảo tuân thủ security, data governance và privacy regulations.","Performance bonus up to 3 months, Stock options, Premium healthcare",ShopSphere,Information Technology,Full-time,Senior,Remote,Bảy Hiền,Thành phố Hồ Chí Minh,2600,4000,32,1151
Director of Data Engineering,"Join VietConnect Telecom as a Director of Data Engineering working on MySQL-based platforms. You will collaborate with backend, data and DevOps teams to deliver high-performance data infrastructure serving customers across Vietnam and SEA.","- 15+ năm kinh nghiệm, trong đó 7+ năm ở vị trí director/head.
- Định hướng chiến lược dữ liệu cho toàn bộ tổ chức.
- Kinh nghiệm làm việc với C-level, xây dựng data-driven culture.
- Hiểu biết sâu về data mesh, data fabric và modern data stack.","- Thiết kế, phát triển và vận hành các giải pháp dữ liệu sử dụng MySQL.
- Tối ưu hiệu năng truy vấn, indexing và partitioning cho hệ thống production.
- Phối hợp với team backend/frontend để đảm bảo data layer ổn định.
- Xây dựng tooling, automation và quy trình backup/recovery.
- Tham gia on-call rotation, xử lý sự cố liên quan đến database.
- Viết tài liệu kỹ thuật, mentor thành viên mới trong team.
- Nghiên cứu và đánh giá công nghệ mới phục vụ nhu cầu kinh doanh.
- Đảm bảo tuân thủ security, data governance và privacy regulations.","Premium health insurance, English class, Book allowance",VietConnect Telecom,Information Technology,Hybrid,Director,Onsite,Tân Hòa,Thành phố Hồ Chí Minh,6200,9900,54,1487
Lead Database Engineer,"We are hiring a Lead Database Engineer to join our database engineering team in TP. Hồ Chí Minh. You will design, build, and operate scalable data platforms using MySQL. Our systems process billions of records and power core business operations.","- 7+ năm kinh nghiệm, trong đó có ít nhất 2 năm ở vị trí lead.
- Chuyên sâu MySQL và hệ sinh thái xung quanh.
- Kinh nghiệm thiết kế kiến trúc dữ liệu cho hệ thống scale lớn.
- Khả năng lãnh đạo team 4-6 người, làm việc với stakeholders.","- Thiết kế, phát triển và vận hành các giải pháp dữ liệu sử dụng MySQL.
- Tối ưu hiệu năng truy vấn, indexing và partitioning cho hệ thống production.
- Phối hợp với team backend/frontend để đảm bảo data layer ổn định.
- Xây dựng tooling, automation và quy trình backup/recovery.
- Tham gia on-call rotation, xử lý sự cố liên quan đến database.
- Viết tài liệu kỹ thuật, mentor thành viên mới trong team.
- Nghiên cứu và đánh giá công nghệ mới phục vụ nhu cầu kinh doanh.
- Đảm bảo tuân thủ security, data governance và privacy regulations.","Competitive salary, Project bonus, Long-service award",CodeBridge Solutions,Information Technology,Full-time,Lead,Onsite,Tân Bình,Thành phố Hồ Chí Minh,3600,5300,39,960
Director of Database Engineering,"CodeBridge Solutions đang tìm kiếm một Director of Database Engineering để gia nhập đội ngũ kỹ thuật tại TP. Hồ Chí Minh. Bạn sẽ làm việc với SQL Server và các công nghệ liên quan để xây dựng, vận hành và tối ưu các hệ thống dữ liệu phục vụ hàng triệu người dùng tại Việt Nam.","- 15+ năm kinh nghiệm, trong đó 7+ năm ở vị trí director/head.
- Định hướng chiến lược dữ liệu cho toàn bộ tổ chức.
- Kinh nghiệm làm việc với C-level, xây dựng data-driven culture.
- Hiểu biết sâu về data mesh, data fabric và modern data stack.","- Thiết kế, phát triển và vận hành các giải pháp dữ liệu sử dụng SQL Server.
- Tối ưu hiệu năng truy vấn, indexing và partitioning cho hệ thống production.
- Phối hợp với team backend/frontend để đảm bảo data layer ổn định.
- Xây dựng tooling, automation và quy trình backup/recovery.
- Tham gia on-call rotation, xử lý sự cố liên quan đến database.
- Viết tài liệu kỹ thuật, mentor thành viên mới trong team.
- Nghiên cứu và đánh giá công nghệ mới phục vụ nhu cầu kinh doanh.
- Đảm bảo tuân thủ security, data governance và privacy regulations.","Performance bonus up to 3 months, Stock options, Premium healthcare",CodeBridge Solutions,Information Technology,Hybrid,Director,Onsite,Tân Bình,Thành phố Hồ Chí Minh,6400,9400,61,477
Junior NoSQL Developer,"EduSmart đang tìm kiếm một Junior NoSQL Developer để gia nhập đội ngũ kỹ thuật tại TP. Hồ Chí Minh. Bạn sẽ làm việc với Redis và các công nghệ liên quan để xây dựng, vận hành và tối ưu các hệ thống dữ liệu phục vụ hàng triệu người dùng tại Việt Nam.","- 1-2 năm kinh nghiệm với SQL và ít nhất một RDBMS (MySQL/PostgreSQL/Oracle).
- Hiểu biết về indexing, query optimization và transaction isolation.
- Quen thuộc với Git và quy trình phát triển phần mềm.
- Khả năng đọc hiểu tài liệu tiếng Anh.","- Thiết kế, phát triển và vận hành các giải pháp dữ liệu sử dụng Redis.
- Tối ưu hiệu năng truy vấn, indexing và partitioning cho hệ thống production.
- Phối hợp với team backend/frontend để đảm bảo data layer ổn định.
- Xây dựng tooling, automation và quy trình backup/recovery.
- Tham gia on-call rotation, xử lý sự cố liên quan đến database.
- Viết tài liệu kỹ thuật, mentor thành viên mới trong team.
- Nghiên cứu và đánh giá công nghệ mới phục vụ nhu cầu kinh doanh.
- Đảm bảo tuân thủ security, data governance và privacy regulations.","Premium health insurance, English class, Book allowance",EduSmart,Information Technology,Full-time,Junior,Onsite,Tân Phú,Thành phố Hồ Chí Minh,900,1600,21,1163
Director of Data Engineering,"ChainWorks đang tìm kiếm một Director of Data Engineering để gia nhập đội ngũ kỹ thuật tại TP. Hồ Chí Minh. Bạn sẽ làm việc với SQL Server và các công nghệ liên quan để xây dựng, vận hành và tối ưu các hệ thống dữ liệu phục vụ hàng triệu người dùng tại Việt Nam.","- 15+ năm kinh nghiệm, trong đó 7+ năm ở vị trí director/head.
- Định hướng chiến lược dữ liệu cho toàn bộ tổ chức.
- Kinh nghiệm làm việc với C-level, xây dựng data-driven culture.
- Hiểu biết sâu về data mesh, data fabric và modern data stack.","- Thiết kế, phát triển và vận hành các giải pháp dữ liệu sử dụng SQL Server.
- Tối ưu hiệu năng truy vấn, indexing và partitioning cho hệ thống production.
- Phối hợp với team backend/frontend để đảm bảo data layer ổn định.
- Xây dựng tooling, automation và quy trình backup/recovery.
- Tham gia on-call rotation, xử lý sự cố liên quan đến database.
- Viết tài liệu kỹ thuật, mentor thành viên mới trong team.
- Nghiên cứu và đánh giá công nghệ mới phục vụ nhu cầu kinh doanh.
- Đảm bảo tuân thủ security, data governance và privacy regulations.","Performance review 2x/year, Clear career path, International projects",ChainWorks,Information Technology,Full-time,Director,Remote,Phú Nhuận,Thành phố Hồ Chí Minh,6900,9400,47,191
Senior Database Migration Specialist,"Join FinCore Tech as a Senior Database Migration Specialist working on MySQL-based platforms. You will collaborate with backend, data and DevOps teams to deliver high-performance data infrastructure serving customers across Vietnam and SEA.","- 5+ năm kinh nghiệm database engineering với MySQL.
- Chuyên sâu về schema design, performance tuning, backup/recovery, replication.
- Kinh nghiệm thiết kế hệ thống high-availability và disaster recovery.
- Khả năng review code, đào tạo và dẫn dắt kỹ thuật cho team.
- Tiếng Anh giao tiếp tốt là một lợi thế.","- Thiết kế, phát triển và vận hành các giải pháp dữ liệu sử dụng MySQL.
- Tối ưu hiệu năng truy vấn, indexing và partitioning cho hệ thống production.
- Phối hợp với team backend/frontend để đảm bảo data layer ổn định.
- Xây dựng tooling, automation và quy trình backup/recovery.
- Tham gia on-call rotation, xử lý sự cố liên quan đến database.
- Viết tài liệu kỹ thuật, mentor thành viên mới trong team.
- Nghiên cứu và đánh giá công nghệ mới phục vụ nhu cầu kinh doanh.
- Đảm bảo tuân thủ security, data governance và privacy regulations.","Remote-friendly, Flexible hours, Meal allowance 1.5M VND",FinCore Tech,Information Technology,Full-time,Senior,Onsite,Cát Lái,Thành phố Hồ Chí Minh,2700,3800,1,1299
Senior Database Administrator - Hybrid,"MediTech Global đang tìm kiếm một Senior Database Administrator - Hybrid để gia nhập đội ngũ kỹ thuật tại TP. Hồ Chí Minh. Bạn sẽ làm việc với MongoDB và các công nghệ liên quan để xây dựng, vận hành và tối ưu các hệ thống dữ liệu phục vụ hàng triệu người dùng tại Việt Nam.","- 5+ năm kinh nghiệm database engineering với MongoDB.
- Chuyên sâu về sharding, replica sets, aggregation framework, schema design.
- Kinh nghiệm thiết kế hệ thống high-availability và disaster recovery.
- Khả năng review code, đào tạo và dẫn dắt kỹ thuật cho team.
- Tiếng Anh giao tiếp tốt là một lợi thế.","- Thiết kế, phát triển và vận hành các giải pháp dữ liệu sử dụng MongoDB.
- Tối ưu hiệu năng truy vấn, indexing và partitioning cho hệ thống production.
- Phối hợp với team backend/frontend để đảm bảo data layer ổn định.
- Xây dựng tooling, automation và quy trình backup/recovery.
- Tham gia on-call rotation, xử lý sự cố liên quan đến database.
- Viết tài liệu kỹ thuật, mentor thành viên mới trong team.
- Nghiên cứu và đánh giá công nghệ mới phục vụ nhu cầu kinh doanh.
- Đảm bảo tuân thủ security, data governance và privacy regulations.","Flexible working hours, WFH 3 days/week, Annual trip",MediTech Global,Information Technology,Internship,Senior,Onsite,Vườn Lài,Thành phố Hồ Chí Minh,2600,4000,34,91
Senior ETL Developer - Hybrid,"Join ShopSphere as a Senior ETL Developer - Hybrid working on Big Data-based platforms. You will collaborate with backend, data and DevOps teams to deliver high-performance data infrastructure serving customers across Vietnam and SEA.","- 5+ năm kinh nghiệm database engineering với Big Data.
- Chuyên sâu về Spark, Hadoop, Kafka, Airflow, data lake architectures.
- Kinh nghiệm thiết kế hệ thống high-availability và disaster recovery.
- Khả năng review code, đào tạo và dẫn dắt kỹ thuật cho team.
- Tiếng Anh giao tiếp tốt là một lợi thế.","- Thiết kế, phát triển và vận hành các giải pháp dữ liệu sử dụng Big Data.
- Tối ưu hiệu năng truy vấn, indexing và partitioning cho hệ thống production.
- Phối hợp với team backend/frontend để đảm bảo data layer ổn định.
- Xây dựng tooling, automation và quy trình backup/recovery.
- Tham gia on-call rotation, xử lý sự cố liên quan đến database.
- Viết tài liệu kỹ thuật, mentor thành viên mới trong team.
- Nghiên cứu và đánh giá công nghệ mới phục vụ nhu cầu kinh doanh.
- Đảm bảo tuân thủ security, data governance và privacy regulations.","Competitive salary, Project bonus, Long-service award",ShopSphere,Information Technology,Full-time,Senior,Remote,Hòa Bình,Thành phố Hồ Chí Minh,2600,4200,9,1225
Junior SQL Developer,"ShopSphere đang tìm kiếm một Junior SQL Developer để gia nhập đội ngũ kỹ thuật tại TP. Hồ Chí Minh. Bạn sẽ làm việc với PostgreSQL và các công nghệ liên quan để xây dựng, vận hành và tối ưu các hệ thống dữ liệu phục vụ hàng triệu người dùng tại Việt Nam.","- 1-2 năm kinh nghiệm với SQL và ít nhất một RDBMS (MySQL/PostgreSQL/Oracle).
- Hiểu biết về indexing, query optimization và transaction isolation.
- Quen thuộc với Git và quy trình phát triển phần mềm.
- Khả năng đọc hiểu tài liệu tiếng Anh.","- Thiết kế, phát triển và vận hành các giải pháp dữ liệu sử dụng PostgreSQL.
- Tối ưu hiệu năng truy vấn, indexing và partitioning cho hệ thống production.
- Phối hợp với team backend/frontend để đảm bảo data layer ổn định.
- Xây dựng tooling, automation và quy trình backup/recovery.
- Tham gia on-call rotation, xử lý sự cố liên quan đến database.
- Viết tài liệu kỹ thuật, mentor thành viên mới trong team.
- Nghiên cứu và đánh giá công nghệ mới phục vụ nhu cầu kinh doanh.
- Đảm bảo tuân thủ security, data governance và privacy regulations.","Remote-friendly, Flexible hours, Meal allowance 1.5M VND",ShopSphere,Information Technology,Full-time,Junior,Remote,Xóm Chiếu,Thành phố Hồ Chí Minh,1100,1600,44,948
Senior Database Migration Specialist,"Join VietConnect Telecom as a Senior Database Migration Specialist working on PostgreSQL-based platforms. You will collaborate with backend, data and DevOps teams to deliver high-performance data infrastructure serving customers across Vietnam and SEA.","- 5+ năm kinh nghiệm database engineering với PostgreSQL.
- Chuyên sâu về advanced SQL, indexing, query optimization, replication, partitioning.
- Kinh nghiệm thiết kế hệ thống high-availability và disaster recovery.
- Khả năng review code, đào tạo và dẫn dắt kỹ thuật cho team.
- Tiếng Anh giao tiếp tốt là một lợi thế.","- Thiết kế, phát triển và vận hành các giải pháp dữ liệu sử dụng PostgreSQL.
- Tối ưu hiệu năng truy vấn, indexing và partitioning cho hệ thống production.
- Phối hợp với team backend/frontend để đảm bảo data layer ổn định.
- Xây dựng tooling, automation và quy trình backup/recovery.
- Tham gia on-call rotation, xử lý sự cố liên quan đến database.
- Viết tài liệu kỹ thuật, mentor thành viên mới trong team.
- Nghiên cứu và đánh giá công nghệ mới phục vụ nhu cầu kinh doanh.
- Đảm bảo tuân thủ security, data governance và privacy regulations.","Flexible working hours, WFH 3 days/week, Annual trip",VietConnect Telecom,Information Technology,Full-time,Senior,Remote,Xóm Chiếu,Thành phố Hồ Chí Minh,3100,3800,17,1478
Head of Database,"Join VietConnect Telecom as a Head of Database working on Data Warehouse-based platforms. You will collaborate with backend, data and DevOps teams to deliver high-performance data infrastructure serving customers across Vietnam and SEA.","- 15+ năm kinh nghiệm, trong đó 7+ năm ở vị trí director/head.
- Định hướng chiến lược dữ liệu cho toàn bộ tổ chức.
- Kinh nghiệm làm việc với C-level, xây dựng data-driven culture.
- Hiểu biết sâu về data mesh, data fabric và modern data stack.","- Thiết kế, phát triển và vận hành các giải pháp dữ liệu sử dụng Data Warehouse.
- Tối ưu hiệu năng truy vấn, indexing và partitioning cho hệ thống production.
- Phối hợp với team backend/frontend để đảm bảo data layer ổn định.
- Xây dựng tooling, automation và quy trình backup/recovery.
- Tham gia on-call rotation, xử lý sự cố liên quan đến database.
- Viết tài liệu kỹ thuật, mentor thành viên mới trong team.
- Nghiên cứu và đánh giá công nghệ mới phục vụ nhu cầu kinh doanh.
- Đảm bảo tuân thủ security, data governance và privacy regulations.","Competitive salary, Project bonus, Long-service award",VietConnect Telecom,Information Technology,Full-time,Director,Remote,Khánh Hội,Thành phố Hồ Chí Minh,6400,8700,61,90
Director of Database Engineering,"CodeBridge Solutions is looking for a Director of Database Engineering based in TP. Hồ Chí Minh to strengthen our data platform. You will work on Data Warehouse, focusing on dimensional modeling, ETL/ELT, dbt, Snowflake/BigQuery for production-grade systems.","- 15+ năm kinh nghiệm, trong đó 7+ năm ở vị trí director/head.
- Định hướng chiến lược dữ liệu cho toàn bộ tổ chức.
- Kinh nghiệm làm việc với C-level, xây dựng data-driven culture.
- Hiểu biết sâu về data mesh, data fabric và modern data stack.","- Thiết kế, phát triển và vận hành các giải pháp dữ liệu sử dụng Data Warehouse.
- Tối ưu hiệu năng truy vấn, indexing và partitioning cho hệ thống production.
- Phối hợp với team backend/frontend để đảm bảo data layer ổn định.
- Xây dựng tooling, automation và quy trình backup/recovery.
- Tham gia on-call rotation, xử lý sự cố liên quan đến database.
- Viết tài liệu kỹ thuật, mentor thành viên mới trong team.
- Nghiên cứu và đánh giá công nghệ mới phục vụ nhu cầu kinh doanh.
- Đảm bảo tuân thủ security, data governance và privacy regulations.","Remote-friendly, Flexible hours, Meal allowance 1.5M VND",CodeBridge Solutions,Information Technology,Hybrid,Director,Onsite,Khánh Hội,Thành phố Hồ Chí Minh,6600,9000,61,1126
Lead Database Engineer,"Join MediTech Global as a Lead Database Engineer working on PostgreSQL-based platforms. You will collaborate with backend, data and DevOps teams to deliver high-performance data infrastructure serving customers across Vietnam and SEA.","- 7+ năm kinh nghiệm, trong đó có ít nhất 2 năm ở vị trí lead.
- Chuyên sâu PostgreSQL và hệ sinh thái xung quanh.
- Kinh nghiệm thiết kế kiến trúc dữ liệu cho hệ thống scale lớn.
- Khả năng lãnh đạo team 4-6 người, làm việc với stakeholders.","- Thiết kế, phát triển và vận hành các giải pháp dữ liệu sử dụng PostgreSQL.
- Tối ưu hiệu năng truy vấn, indexing và partitioning cho hệ thống production.
- Phối hợp với team backend/frontend để đảm bảo data layer ổn định.
- Xây dựng tooling, automation và quy trình backup/recovery.
- Tham gia on-call rotation, xử lý sự cố liên quan đến database.
- Viết tài liệu kỹ thuật, mentor thành viên mới trong team.
- Nghiên cứu và đánh giá công nghệ mới phục vụ nhu cầu kinh doanh.
- Đảm bảo tuân thủ security, data governance và privacy regulations.","Performance review 2x/year, Clear career path, International projects",MediTech Global,Information Technology,Full-time,Lead,Onsite,Bình Tây,Thành phố Hồ Chí Minh,3600,5300,55,877
Junior Database Administrator,"We are hiring a Junior Database Administrator to join our database engineering team in TP. Hồ Chí Minh. You will design, build, and operate scalable data platforms using Big Data. Our systems process billions of records and power core business operations.","- 1-2 năm kinh nghiệm với SQL và ít nhất một RDBMS (MySQL/PostgreSQL/Oracle).
- Hiểu biết về indexing, query optimization và transaction isolation.
- Quen thuộc với Git và quy trình phát triển phần mềm.
- Khả năng đọc hiểu tài liệu tiếng Anh.","- Thiết kế, phát triển và vận hành các giải pháp dữ liệu sử dụng Big Data.
- Tối ưu hiệu năng truy vấn, indexing và partitioning cho hệ thống production.
- Phối hợp với team backend/frontend để đảm bảo data layer ổn định.
- Xây dựng tooling, automation và quy trình backup/recovery.
- Tham gia on-call rotation, xử lý sự cố liên quan đến database.
- Viết tài liệu kỹ thuật, mentor thành viên mới trong team.
- Nghiên cứu và đánh giá công nghệ mới phục vụ nhu cầu kinh doanh.
- Đảm bảo tuân thủ security, data governance và privacy regulations.","13th month salary, Health insurance, Annual leave 12+ days",NextGen Software,Information Technology,Full-time,Junior,Remote,Chánh Hưng,Thành phố Hồ Chí Minh,1200,1300,2,741
Senior Database Developer,"We are hiring a Senior Database Developer to join our database engineering team in TP. Hồ Chí Minh. You will design, build, and operate scalable data platforms using MongoDB. Our systems process billions of records and power core business operations.","- 5+ năm kinh nghiệm database engineering với MongoDB.
- Chuyên sâu về sharding, replica sets, aggregation framework, schema design.
- Kinh nghiệm thiết kế hệ thống high-availability và disaster recovery.
- Khả năng review code, đào tạo và dẫn dắt kỹ thuật cho team.
- Tiếng Anh giao tiếp tốt là một lợi thế.","- Thiết kế, phát triển và vận hành các giải pháp dữ liệu sử dụng MongoDB.
- Tối ưu hiệu năng truy vấn, indexing và partitioning cho hệ thống production.
- Phối hợp với team backend/frontend để đảm bảo data layer ổn định.
- Xây dựng tooling, automation và quy trình backup/recovery.
- Tham gia on-call rotation, xử lý sự cố liên quan đến database.
- Viết tài liệu kỹ thuật, mentor thành viên mới trong team.
- Nghiên cứu và đánh giá công nghệ mới phục vụ nhu cầu kinh doanh.
- Đảm bảo tuân thủ security, data governance và privacy regulations.","Remote-friendly, Flexible hours, Meal allowance 1.5M VND",CodeBridge Solutions,Information Technology,Remote,Senior,Onsite,Bình Đông,Thành phố Hồ Chí Minh,2800,4300,73,451
Data Engineering Manager,"Join MediTech Global as a Data Engineering Manager working on Oracle-based platforms. You will collaborate with backend, data and DevOps teams to deliver high-performance data infrastructure serving customers across Vietnam and SEA.","- 12+ năm kinh nghiệm CNTT, trong đó 5+ năm quản lý team data/database.
- Kinh nghiệm xây dựng và vận hành data platform ở quy mô enterprise.
- Kỹ năng quản lý stakeholder, ngân sách và lộ trình kỹ thuật.
- Tư duy chiến lược về data governance, security và compliance.","- Thiết kế, phát triển và vận hành các giải pháp dữ liệu sử dụng Oracle.
- Tối ưu hiệu năng truy vấn, indexing và partitioning cho hệ thống production.
- Phối hợp với team backend/frontend để đảm bảo data layer ổn định.
- Xây dựng tooling, automation và quy trình backup/recovery.
- Tham gia on-call rotation, xử lý sự cố liên quan đến database.
- Viết tài liệu kỹ thuật, mentor thành viên mới trong team.
- Nghiên cứu và đánh giá công nghệ mới phục vụ nhu cầu kinh doanh.
- Đảm bảo tuân thủ security, data governance và privacy regulations.","Flexible working hours, WFH 3 days/week, Annual trip",MediTech Global,Information Technology,Full-time,Manager,Remote,Bình Đông,Thành phố Hồ Chí Minh,4200,6000,14,321
Senior Database Developer (Vietnam),"CodeBridge Solutions mở rộng team database và cần một Senior Database Developer (Vietnam) giàu kinh nghiệm về Cloud Database. Bạn sẽ đóng vai trò chủ chốt trong việc thiết kế schema, tối ưu truy vấn và đảm bảo độ tin cậy của các hệ thống dữ liệu quan trọng.","- 5+ năm kinh nghiệm database engineering với Cloud Database.
- Chuyên sâu về AWS RDS/Aurora, Azure SQL, GCP Cloud SQL, IaC.
- Kinh nghiệm thiết kế hệ thống high-availability và disaster recovery.
- Khả năng review code, đào tạo và dẫn dắt kỹ thuật cho team.
- Tiếng Anh giao tiếp tốt là một lợi thế.","- Thiết kế, phát triển và vận hành các giải pháp dữ liệu sử dụng Cloud Database.
- Tối ưu hiệu năng truy vấn, indexing và partitioning cho hệ thống production.
- Phối hợp với team backend/frontend để đảm bảo data layer ổn định.
- Xây dựng tooling, automation và quy trình backup/recovery.
- Tham gia on-call rotation, xử lý sự cố liên quan đến database.
- Viết tài liệu kỹ thuật, mentor thành viên mới trong team.
- Nghiên cứu và đánh giá công nghệ mới phục vụ nhu cầu kinh doanh.
- Đảm bảo tuân thủ security, data governance và privacy regulations.","Laptop & gear provided, Training budget 5M/year, Conference sponsorship",CodeBridge Solutions,Information Technology,Internship,Senior,Onsite,Bình Đông,Thành phố Hồ Chí Minh,2500,4000,25,647
Middle NoSQL Engineer,"ChainWorks đang tìm kiếm một Middle NoSQL Engineer để gia nhập đội ngũ kỹ thuật tại TP. Hồ Chí Minh. Bạn sẽ làm việc với MySQL và các công nghệ liên quan để xây dựng, vận hành và tối ưu các hệ thống dữ liệu phục vụ hàng triệu người dùng tại Việt Nam.","- 3-4 năm kinh nghiệm làm việc thực tế với cơ sở dữ liệu quan hệ hoặc NoSQL.
- Thành thạo schema design, performance tuning, backup/recovery, replication.
- Có kinh nghiệm thiết kế schema, partitioning, replication.
- Kinh nghiệm monitoring và troubleshooting production databases.
- Khả năng làm việc độc lập và mentor junior members.","- Thiết kế, phát triển và vận hành các giải pháp dữ liệu sử dụng MySQL.
- Tối ưu hiệu năng truy vấn, indexing và partitioning cho hệ thống production.
- Phối hợp với team backend/frontend để đảm bảo data layer ổn định.
- Xây dựng tooling, automation và quy trình backup/recovery.
- Tham gia on-call rotation, xử lý sự cố liên quan đến database.
- Viết tài liệu kỹ thuật, mentor thành viên mới trong team.
- Nghiên cứu và đánh giá công nghệ mới phục vụ nhu cầu kinh doanh.
- Đảm bảo tuân thủ security, data governance và privacy regulations.","Health insurance for family, Annual health check, Team building budget",ChainWorks,Information Technology,Hybrid,Middle,Onsite,Phú Định,Thành phố Hồ Chí Minh,1900,2800,23,620
Staff Database Engineer,"NextGen Software is looking for a Staff Database Engineer based in TP. Hồ Chí Minh to strengthen our data platform. You will work on Big Data, focusing on Spark, Hadoop, Kafka, Airflow, data lake architectures for production-grade systems.","- 10+ năm kinh nghiệm database/data engineering ở các hệ thống production quy mô lớn.
- Tầm nhìn kiến trúc và khả năng đưa ra quyết định công nghệ dài hạn.
- Kinh nghiệm làm việc với cloud data platforms (AWS/Azure/GCP).
- Đã từng thiết kế hệ thống phục vụ hàng trăm triệu records.","- Thiết kế, phát triển và vận hành các giải pháp dữ liệu sử dụng Big Data.
- Tối ưu hiệu năng truy vấn, indexing và partitioning cho hệ thống production.
- Phối hợp với team backend/frontend để đảm bảo data layer ổn định.
- Xây dựng tooling, automation và quy trình backup/recovery.
- Tham gia on-call rotation, xử lý sự cố liên quan đến database.
- Viết tài liệu kỹ thuật, mentor thành viên mới trong team.
- Nghiên cứu và đánh giá công nghệ mới phục vụ nhu cầu kinh doanh.
- Đảm bảo tuân thủ security, data governance và privacy regulations.","Performance bonus up to 3 months, Stock options, Premium healthcare",NextGen Software,Information Technology,Contract,Principal,Onsite,Bình Trị Đông,Thành phố Hồ Chí Minh,4600,6700,36,1146
Junior NoSQL Developer,"We are hiring a Junior NoSQL Developer to join our database engineering team in TP. Hồ Chí Minh. You will design, build, and operate scalable data platforms using Redis. Our systems process billions of records and power core business operations.","- 1-2 năm kinh nghiệm với SQL và ít nhất một RDBMS (MySQL/PostgreSQL/Oracle).
- Hiểu biết về indexing, query optimization và transaction isolation.
- Quen thuộc với Git và quy trình phát triển phần mềm.
- Khả năng đọc hiểu tài liệu tiếng Anh.","- Thiết kế, phát triển và vận hành các giải pháp dữ liệu sử dụng Redis.
- Tối ưu hiệu năng truy vấn, indexing và partitioning cho hệ thống production.
- Phối hợp với team backend/frontend để đảm bảo data layer ổn định.
- Xây dựng tooling, automation và quy trình backup/recovery.
- Tham gia on-call rotation, xử lý sự cố liên quan đến database.
- Viết tài liệu kỹ thuật, mentor thành viên mới trong team.
- Nghiên cứu và đánh giá công nghệ mới phục vụ nhu cầu kinh doanh.
- Đảm bảo tuân thủ security, data governance và privacy regulations.","Competitive salary, Project bonus, Long-service award",ChainWorks,Information Technology,Internship,Junior,Remote,Bình Trị Đông,Thành phố Hồ Chí Minh,800,1500,12,1381
Junior SQL Developer,"Join MediTech Global as a Junior SQL Developer working on Data Warehouse-based platforms. You will collaborate with backend, data and DevOps teams to deliver high-performance data infrastructure serving customers across Vietnam and SEA.","- 1-2 năm kinh nghiệm với SQL và ít nhất một RDBMS (MySQL/PostgreSQL/Oracle).
- Hiểu biết về indexing, query optimization và transaction isolation.
- Quen thuộc với Git và quy trình phát triển phần mềm.
- Khả năng đọc hiểu tài liệu tiếng Anh.","- Thiết kế, phát triển và vận hành các giải pháp dữ liệu sử dụng Data Warehouse.
- Tối ưu hiệu năng truy vấn, indexing và partitioning cho hệ thống production.
- Phối hợp với team backend/frontend để đảm bảo data layer ổn định.
- Xây dựng tooling, automation và quy trình backup/recovery.
- Tham gia on-call rotation, xử lý sự cố liên quan đến database.
- Viết tài liệu kỹ thuật, mentor thành viên mới trong team.
- Nghiên cứu và đánh giá công nghệ mới phục vụ nhu cầu kinh doanh.
- Đảm bảo tuân thủ security, data governance và privacy regulations.","Flexible working hours, WFH 3 days/week, Annual trip",MediTech Global,Information Technology,Full-time,Junior,Onsite,Dầu Tiếng,Thành phố Hồ Chí Minh,1000,1600,15,765
Middle Database Administrator,"Join ChainWorks as a Middle Database Administrator working on Database DevOps-based platforms. You will collaborate with backend, data and DevOps teams to deliver high-performance data infrastructure serving customers across Vietnam and SEA.","- 3-4 năm kinh nghiệm làm việc thực tế với cơ sở dữ liệu quan hệ hoặc NoSQL.
- Thành thạo Flyway/Liquibase, CI/CD, containerized DBs, monitoring.
- Có kinh nghiệm thiết kế schema, partitioning, replication.
- Kinh nghiệm monitoring và troubleshooting production databases.
- Khả năng làm việc độc lập và mentor junior members.","- Thiết kế, phát triển và vận hành các giải pháp dữ liệu sử dụng Database DevOps.
- Tối ưu hiệu năng truy vấn, indexing và partitioning cho hệ thống production.
- Phối hợp với team backend/frontend để đảm bảo data layer ổn định.
- Xây dựng tooling, automation và quy trình backup/recovery.
- Tham gia on-call rotation, xử lý sự cố liên quan đến database.
- Viết tài liệu kỹ thuật, mentor thành viên mới trong team.
- Nghiên cứu và đánh giá công nghệ mới phục vụ nhu cầu kinh doanh.
- Đảm bảo tuân thủ security, data governance và privacy regulations.","13th month salary, Health insurance, Annual leave 12+ days",ChainWorks,Information Technology,Full-time,Middle,Onsite,Bàu Bàng,Thành phố Hồ Chí Minh,1700,2900,2,192
Database Manager,"CodeBridge Solutions mở rộng team database và cần một Database Manager giàu kinh nghiệm về Big Data. Bạn sẽ đóng vai trò chủ chốt trong việc thiết kế schema, tối ưu truy vấn và đảm bảo độ tin cậy của các hệ thống dữ liệu quan trọng.","- 12+ năm kinh nghiệm CNTT, trong đó 5+ năm quản lý team data/database.
- Kinh nghiệm xây dựng và vận hành data platform ở quy mô enterprise.
- Kỹ năng quản lý stakeholder, ngân sách và lộ trình kỹ thuật.
- Tư duy chiến lược về data governance, security và compliance.","- Thiết kế, phát triển và vận hành các giải pháp dữ liệu sử dụng Big Data.
- Tối ưu hiệu năng truy vấn, indexing và partitioning cho hệ thống production.
- Phối hợp với team backend/frontend để đảm bảo data layer ổn định.
- Xây dựng tooling, automation và quy trình backup/recovery.
- Tham gia on-call rotation, xử lý sự cố liên quan đến database.
- Viết tài liệu kỹ thuật, mentor thành viên mới trong team.
- Nghiên cứu và đánh giá công nghệ mới phục vụ nhu cầu kinh doanh.
- Đảm bảo tuân thủ security, data governance và privacy regulations.","Hybrid working, 14 days annual leave, Free snacks & coffee",CodeBridge Solutions,Information Technology,Full-time,Manager,Onsite,Bàu Bàng,Thành phố Hồ Chí Minh,4400,6100,14,1404
Thực tập sinh Database,"We are hiring a Thực tập sinh Database to join our database engineering team in TP. Hồ Chí Minh. You will design, build, and operate scalable data platforms using PostgreSQL. Our systems process billions of records and power core business operations.","- Tốt nghiệp Đại học chuyên ngành CNTT hoặc tương đương.
- Hiểu biết cơ bản về SQL và một hệ quản trị cơ sở dữ liệu quan hệ.
- Tiếng Anh đọc hiểu tài liệu kỹ thuật.
- Tinh thần ham học hỏi, có khả năng làm việc nhóm.","- Thiết kế, phát triển và vận hành các giải pháp dữ liệu sử dụng PostgreSQL.
- Tối ưu hiệu năng truy vấn, indexing và partitioning cho hệ thống production.
- Phối hợp với team backend/frontend để đảm bảo data layer ổn định.
- Xây dựng tooling, automation và quy trình backup/recovery.
- Tham gia on-call rotation, xử lý sự cố liên quan đến database.
- Viết tài liệu kỹ thuật, mentor thành viên mới trong team.
- Nghiên cứu và đánh giá công nghệ mới phục vụ nhu cầu kinh doanh.
- Đảm bảo tuân thủ security, data governance và privacy regulations.","Competitive salary, Project bonus, Long-service award",CodeBridge Solutions,Information Technology,Full-time,Fresher,Onsite,Phước Thành,Thành phố Hồ Chí Minh,400,700,48,819
"Backend Developer (Database, Middle)","ChainWorks mở rộng team database và cần một Backend Developer (Database, Middle) giàu kinh nghiệm về Oracle. Bạn sẽ đóng vai trò chủ chốt trong việc thiết kế schema, tối ưu truy vấn và đảm bảo độ tin cậy của các hệ thống dữ liệu quan trọng.","- 3-4 năm kinh nghiệm làm việc thực tế với cơ sở dữ liệu quan hệ hoặc NoSQL.
- Thành thạo PL/SQL, RAC, Data Guard, performance tuning, RMAN.
- Có kinh nghiệm thiết kế schema, partitioning, replication.
- Kinh nghiệm monitoring và troubleshooting production databases.
- Khả năng làm việc độc lập và mentor junior members.","- Thiết kế, phát triển và vận hành các giải pháp dữ liệu sử dụng Oracle.
- Tối ưu hiệu năng truy vấn, indexing và partitioning cho hệ thống production.
- Phối hợp với team backend/frontend để đảm bảo data layer ổn định.
- Xây dựng tooling, automation và quy trình backup/recovery.
- Tham gia on-call rotation, xử lý sự cố liên quan đến database.
- Viết tài liệu kỹ thuật, mentor thành viên mới trong team.
- Nghiên cứu và đánh giá công nghệ mới phục vụ nhu cầu kinh doanh.
- Đảm bảo tuân thủ security, data governance và privacy regulations.","Performance review 2x/year, Clear career path, International projects",ChainWorks,Information Technology,Full-time,Middle,Remote,Xuân Sơn,Thành phố Hồ Chí Minh,2000,2700,29,482
Senior SQL Developer,"ChainWorks đang tìm kiếm một Senior SQL Developer để gia nhập đội ngũ kỹ thuật tại TP. Hồ Chí Minh. Bạn sẽ làm việc với Data Warehouse và các công nghệ liên quan để xây dựng, vận hành và tối ưu các hệ thống dữ liệu phục vụ hàng triệu người dùng tại Việt Nam.","- 5+ năm kinh nghiệm database engineering với Data Warehouse.
- Chuyên sâu về dimensional modeling, ETL/ELT, dbt, Snowflake/BigQuery.
- Kinh nghiệm thiết kế hệ thống high-availability và disaster recovery.
- Khả năng review code, đào tạo và dẫn dắt kỹ thuật cho team.
- Tiếng Anh giao tiếp tốt là một lợi thế.","- Thiết kế, phát triển và vận hành các giải pháp dữ liệu sử dụng Data Warehouse.
- Tối ưu hiệu năng truy vấn, indexing và partitioning cho hệ thống production.
- Phối hợp với team backend/frontend để đảm bảo data layer ổn định.
- Xây dựng tooling, automation và quy trình backup/recovery.
- Tham gia on-call rotation, xử lý sự cố liên quan đến database.
- Viết tài liệu kỹ thuật, mentor thành viên mới trong team.
- Nghiên cứu và đánh giá công nghệ mới phục vụ nhu cầu kinh doanh.
- Đảm bảo tuân thủ security, data governance và privacy regulations.","Health insurance for family, Annual health check, Team building budget",ChainWorks,Information Technology,Full-time,Senior,Remote,Hồ Tràm,Thành phố Hồ Chí Minh,3000,4000,23,60
Senior Database Migration Specialist,"We are hiring a Senior Database Migration Specialist to join our database engineering team in TP. Hồ Chí Minh. You will design, build, and operate scalable data platforms using MySQL. Our systems process billions of records and power core business operations.","- 5+ năm kinh nghiệm database engineering với MySQL.
- Chuyên sâu về schema design, performance tuning, backup/recovery, replication.
- Kinh nghiệm thiết kế hệ thống high-availability và disaster recovery.
- Khả năng review code, đào tạo và dẫn dắt kỹ thuật cho team.
- Tiếng Anh giao tiếp tốt là một lợi thế.","- Thiết kế, phát triển và vận hành các giải pháp dữ liệu sử dụng MySQL.
- Tối ưu hiệu năng truy vấn, indexing và partitioning cho hệ thống production.
- Phối hợp với team backend/frontend để đảm bảo data layer ổn định.
- Xây dựng tooling, automation và quy trình backup/recovery.
- Tham gia on-call rotation, xử lý sự cố liên quan đến database.
- Viết tài liệu kỹ thuật, mentor thành viên mới trong team.
- Nghiên cứu và đánh giá công nghệ mới phục vụ nhu cầu kinh doanh.
- Đảm bảo tuân thủ security, data governance và privacy regulations.","Remote-friendly, Flexible hours, Meal allowance 1.5M VND",FinCore Tech,Information Technology,Full-time,Senior,Remote,Xuyên Mộc,Thành phố Hồ Chí Minh,2900,3500,12,115
Database Manager,"NextGen Software mở rộng team database và cần một Database Manager giàu kinh nghiệm về MySQL. Bạn sẽ đóng vai trò chủ chốt trong việc thiết kế schema, tối ưu truy vấn và đảm bảo độ tin cậy của các hệ thống dữ liệu quan trọng.","- 12+ năm kinh nghiệm CNTT, trong đó 5+ năm quản lý team data/database.
- Kinh nghiệm xây dựng và vận hành data platform ở quy mô enterprise.
- Kỹ năng quản lý stakeholder, ngân sách và lộ trình kỹ thuật.
- Tư duy chiến lược về data governance, security và compliance.","- Thiết kế, phát triển và vận hành các giải pháp dữ liệu sử dụng MySQL.
- Tối ưu hiệu năng truy vấn, indexing và partitioning cho hệ thống production.
- Phối hợp với team backend/frontend để đảm bảo data layer ổn định.
- Xây dựng tooling, automation và quy trình backup/recovery.
- Tham gia on-call rotation, xử lý sự cố liên quan đến database.
- Viết tài liệu kỹ thuật, mentor thành viên mới trong team.
- Nghiên cứu và đánh giá công nghệ mới phục vụ nhu cầu kinh doanh.
- Đảm bảo tuân thủ security, data governance và privacy regulations.","Performance bonus up to 3 months, Stock options, Premium healthcare",NextGen Software,Information Technology,Full-time,Manager,Onsite,Long Điền,Thành phố Hồ Chí Minh,4100,5700,78,716
Head of Database,"CodeBridge Solutions mở rộng team database và cần một Head of Database giàu kinh nghiệm về Database DevOps. Bạn sẽ đóng vai trò chủ chốt trong việc thiết kế schema, tối ưu truy vấn và đảm bảo độ tin cậy của các hệ thống dữ liệu quan trọng.","- 15+ năm kinh nghiệm, trong đó 7+ năm ở vị trí director/head.
- Định hướng chiến lược dữ liệu cho toàn bộ tổ chức.
- Kinh nghiệm làm việc với C-level, xây dựng data-driven culture.
- Hiểu biết sâu về data mesh, data fabric và modern data stack.","- Thiết kế, phát triển và vận hành các giải pháp dữ liệu sử dụng Database DevOps.
- Tối ưu hiệu năng truy vấn, indexing và partitioning cho hệ thống production.
- Phối hợp với team backend/frontend để đảm bảo data layer ổn định.
- Xây dựng tooling, automation và quy trình backup/recovery.
- Tham gia on-call rotation, xử lý sự cố liên quan đến database.
- Viết tài liệu kỹ thuật, mentor thành viên mới trong team.
- Nghiên cứu và đánh giá công nghệ mới phục vụ nhu cầu kinh doanh.
- Đảm bảo tuân thủ security, data governance và privacy regulations.","Performance review 2x/year, Clear career path, International projects",CodeBridge Solutions,Information Technology,Remote,Director,Remote,Long Điền,Thành phố Hồ Chí Minh,7000,9800,35,1055
Director of Database Engineering,"MediTech Global đang tìm kiếm một Director of Database Engineering để gia nhập đội ngũ kỹ thuật tại TP. Hồ Chí Minh. Bạn sẽ làm việc với Redis và các công nghệ liên quan để xây dựng, vận hành và tối ưu các hệ thống dữ liệu phục vụ hàng triệu người dùng tại Việt Nam.","- 15+ năm kinh nghiệm, trong đó 7+ năm ở vị trí director/head.
- Định hướng chiến lược dữ liệu cho toàn bộ tổ chức.
- Kinh nghiệm làm việc với C-level, xây dựng data-driven culture.
- Hiểu biết sâu về data mesh, data fabric và modern data stack.","- Thiết kế, phát triển và vận hành các giải pháp dữ liệu sử dụng Redis.
- Tối ưu hiệu năng truy vấn, indexing và partitioning cho hệ thống production.
- Phối hợp với team backend/frontend để đảm bảo data layer ổn định.
- Xây dựng tooling, automation và quy trình backup/recovery.
- Tham gia on-call rotation, xử lý sự cố liên quan đến database.
- Viết tài liệu kỹ thuật, mentor thành viên mới trong team.
- Nghiên cứu và đánh giá công nghệ mới phục vụ nhu cầu kinh doanh.
- Đảm bảo tuân thủ security, data governance và privacy regulations.","13th month salary, Health insurance, Annual leave 12+ days",MediTech Global,Information Technology,Full-time,Director,Remote,Phước Hải,Thành phố Hồ Chí Minh,6900,8600,10,674
Database Team Lead,"MediTech Global mở rộng team database và cần một Database Team Lead giàu kinh nghiệm về Big Data. Bạn sẽ đóng vai trò chủ chốt trong việc thiết kế schema, tối ưu truy vấn và đảm bảo độ tin cậy của các hệ thống dữ liệu quan trọng.","- 7+ năm kinh nghiệm, trong đó có ít nhất 2 năm ở vị trí lead.
- Chuyên sâu Big Data và hệ sinh thái xung quanh.
- Kinh nghiệm thiết kế kiến trúc dữ liệu cho hệ thống scale lớn.
- Khả năng lãnh đạo team 4-6 người, làm việc với stakeholders.","- Thiết kế, phát triển và vận hành các giải pháp dữ liệu sử dụng Big Data.
- Tối ưu hiệu năng truy vấn, indexing và partitioning cho hệ thống production.
- Phối hợp với team backend/frontend để đảm bảo data layer ổn định.
- Xây dựng tooling, automation và quy trình backup/recovery.
- Tham gia on-call rotation, xử lý sự cố liên quan đến database.
- Viết tài liệu kỹ thuật, mentor thành viên mới trong team.
- Nghiên cứu và đánh giá công nghệ mới phục vụ nhu cầu kinh doanh.
- Đảm bảo tuân thủ security, data governance và privacy regulations.","Performance bonus up to 3 months, Stock options, Premium healthcare",MediTech Global,Information Technology,Remote,Lead,Onsite,Nhuận Đức,Thành phố Hồ Chí Minh,3700,5100,79,1443
Database Developer (Middle),"EduSmart đang tìm kiếm một Database Developer (Middle) để gia nhập đội ngũ kỹ thuật tại TP. Hồ Chí Minh. Bạn sẽ làm việc với Oracle và các công nghệ liên quan để xây dựng, vận hành và tối ưu các hệ thống dữ liệu phục vụ hàng triệu người dùng tại Việt Nam.","- 3-4 năm kinh nghiệm làm việc thực tế với cơ sở dữ liệu quan hệ hoặc NoSQL.
- Thành thạo PL/SQL, RAC, Data Guard, performance tuning, RMAN.
- Có kinh nghiệm thiết kế schema, partitioning, replication.
- Kinh nghiệm monitoring và troubleshooting production databases.
- Khả năng làm việc độc lập và mentor junior members.","- Thiết kế, phát triển và vận hành các giải pháp dữ liệu sử dụng Oracle.
- Tối ưu hiệu năng truy vấn, indexing và partitioning cho hệ thống production.
- Phối hợp với team backend/frontend để đảm bảo data layer ổn định.
- Xây dựng tooling, automation và quy trình backup/recovery.
- Tham gia on-call rotation, xử lý sự cố liên quan đến database.
- Viết tài liệu kỹ thuật, mentor thành viên mới trong team.
- Nghiên cứu và đánh giá công nghệ mới phục vụ nhu cầu kinh doanh.
- Đảm bảo tuân thủ security, data governance và privacy regulations.","Laptop & gear provided, Training budget 5M/year, Conference sponsorship",EduSmart,Information Technology,Remote,Middle,Onsite,Hóc Môn,Thành phố Hồ Chí Minh,2000,2500,80,241
Data Engineering Manager,"We are hiring a Data Engineering Manager to join our database engineering team in TP. Hồ Chí Minh. You will design, build, and operate scalable data platforms using MySQL. Our systems process billions of records and power core business operations.","- 12+ năm kinh nghiệm CNTT, trong đó 5+ năm quản lý team data/database.
- Kinh nghiệm xây dựng và vận hành data platform ở quy mô enterprise.
- Kỹ năng quản lý stakeholder, ngân sách và lộ trình kỹ thuật.
- Tư duy chiến lược về data governance, security và compliance.","- Thiết kế, phát triển và vận hành các giải pháp dữ liệu sử dụng MySQL.
- Tối ưu hiệu năng truy vấn, indexing và partitioning cho hệ thống production.
- Phối hợp với team backend/frontend để đảm bảo data layer ổn định.
- Xây dựng tooling, automation và quy trình backup/recovery.
- Tham gia on-call rotation, xử lý sự cố liên quan đến database.
- Viết tài liệu kỹ thuật, mentor thành viên mới trong team.
- Nghiên cứu và đánh giá công nghệ mới phục vụ nhu cầu kinh doanh.
- Đảm bảo tuân thủ security, data governance và privacy regulations.","Health insurance for family, Annual health check, Team building budget",CodeBridge Solutions,Information Technology,Full-time,Manager,Remote,Hóc Môn,Thành phố Hồ Chí Minh,4500,6400,69,1317
Thực tập sinh Database,"We are hiring a Thực tập sinh Database to join our database engineering team in TP. Hồ Chí Minh. You will design, build, and operate scalable data platforms using Oracle. Our systems process billions of records and power core business operations.","- Tốt nghiệp Đại học chuyên ngành CNTT hoặc tương đương.
- Hiểu biết cơ bản về SQL và một hệ quản trị cơ sở dữ liệu quan hệ.
- Tiếng Anh đọc hiểu tài liệu kỹ thuật.
- Tinh thần ham học hỏi, có khả năng làm việc nhóm.","- Thiết kế, phát triển và vận hành các giải pháp dữ liệu sử dụng Oracle.
- Tối ưu hiệu năng truy vấn, indexing và partitioning cho hệ thống production.
- Phối hợp với team backend/frontend để đảm bảo data layer ổn định.
- Xây dựng tooling, automation và quy trình backup/recovery.
- Tham gia on-call rotation, xử lý sự cố liên quan đến database.
- Viết tài liệu kỹ thuật, mentor thành viên mới trong team.
- Nghiên cứu và đánh giá công nghệ mới phục vụ nhu cầu kinh doanh.
- Đảm bảo tuân thủ security, data governance và privacy regulations.","Hybrid working, 14 days annual leave, Free snacks & coffee",VietConnect Telecom,Information Technology,Contract,Fresher,Onsite,Bình Hưng,Thành phố Hồ Chí Minh,700,900,24,1123
Database Team Lead,"We are hiring a Database Team Lead to join our database engineering team in TP. Hồ Chí Minh. You will design, build, and operate scalable data platforms using Redis. Our systems process billions of records and power core business operations.","- 7+ năm kinh nghiệm, trong đó có ít nhất 2 năm ở vị trí lead.
- Chuyên sâu Redis và hệ sinh thái xung quanh.
- Kinh nghiệm thiết kế kiến trúc dữ liệu cho hệ thống scale lớn.
- Khả năng lãnh đạo team 4-6 người, làm việc với stakeholders.","- Thiết kế, phát triển và vận hành các giải pháp dữ liệu sử dụng Redis.
- Tối ưu hiệu năng truy vấn, indexing và partitioning cho hệ thống production.
- Phối hợp với team backend/frontend để đảm bảo data layer ổn định.
- Xây dựng tooling, automation và quy trình backup/recovery.
- Tham gia on-call rotation, xử lý sự cố liên quan đến database.
- Viết tài liệu kỹ thuật, mentor thành viên mới trong team.
- Nghiên cứu và đánh giá công nghệ mới phục vụ nhu cầu kinh doanh.
- Đảm bảo tuân thủ security, data governance và privacy regulations.","Laptop & gear provided, Training budget 5M/year, Conference sponsorship",MediTech Global,Information Technology,Full-time,Lead,Remote,Bình Chánh,Thành phố Hồ Chí Minh,3800,5400,74,267
Senior ETL Developer,"ChainWorks mở rộng team database và cần một Senior ETL Developer giàu kinh nghiệm về Redis. Bạn sẽ đóng vai trò chủ chốt trong việc thiết kế schema, tối ưu truy vấn và đảm bảo độ tin cậy của các hệ thống dữ liệu quan trọng.","- 5+ năm kinh nghiệm database engineering với Redis.
- Chuyên sâu về cluster, persistence, pub/sub, caching strategies.
- Kinh nghiệm thiết kế hệ thống high-availability và disaster recovery.
- Khả năng review code, đào tạo và dẫn dắt kỹ thuật cho team.
- Tiếng Anh giao tiếp tốt là một lợi thế.","- Thiết kế, phát triển và vận hành các giải pháp dữ liệu sử dụng Redis.
- Tối ưu hiệu năng truy vấn, indexing và partitioning cho hệ thống production.
- Phối hợp với team backend/frontend để đảm bảo data layer ổn định.
- Xây dựng tooling, automation và quy trình backup/recovery.
- Tham gia on-call rotation, xử lý sự cố liên quan đến database.
- Viết tài liệu kỹ thuật, mentor thành viên mới trong team.
- Nghiên cứu và đánh giá công nghệ mới phục vụ nhu cầu kinh doanh.
- Đảm bảo tuân thủ security, data governance và privacy regulations.","Flexible working hours, WFH 3 days/week, Annual trip",ChainWorks,Information Technology,Full-time,Senior,Remote,Hiệp Phước,Thành phố Hồ Chí Minh,2700,3500,10,763
Database Engineer,"Join CodeBridge Solutions as a Database Engineer working on MongoDB-based platforms. You will collaborate with backend, data and DevOps teams to deliver high-performance data infrastructure serving customers across Vietnam and SEA.","- 3-4 năm kinh nghiệm làm việc thực tế với cơ sở dữ liệu quan hệ hoặc NoSQL.
- Thành thạo sharding, replica sets, aggregation framework, schema design.
- Có kinh nghiệm thiết kế schema, partitioning, replication.
- Kinh nghiệm monitoring và troubleshooting production databases.
- Khả năng làm việc độc lập và mentor junior members.","- Thiết kế, phát triển và vận hành các giải pháp dữ liệu sử dụng MongoDB.
- Tối ưu hiệu năng truy vấn, indexing và partitioning cho hệ thống production.
- Phối hợp với team backend/frontend để đảm bảo data layer ổn định.
- Xây dựng tooling, automation và quy trình backup/recovery.
- Tham gia on-call rotation, xử lý sự cố liên quan đến database.
- Viết tài liệu kỹ thuật, mentor thành viên mới trong team.
- Nghiên cứu và đánh giá công nghệ mới phục vụ nhu cầu kinh doanh.
- Đảm bảo tuân thủ security, data governance và privacy regulations.","Hybrid working, 14 days annual leave, Free snacks & coffee",CodeBridge Solutions,Information Technology,Full-time,Middle,Onsite,Bình Khánh,Thành phố Hồ Chí Minh,1800,2300,33,513
Fresher Data Engineer,"Join FinCore Tech as a Fresher Data Engineer working on Oracle-based platforms. You will collaborate with backend, data and DevOps teams to deliver high-performance data infrastructure serving customers across Vietnam and SEA.","- Tốt nghiệp Đại học chuyên ngành CNTT hoặc tương đương.
- Hiểu biết cơ bản về SQL và một hệ quản trị cơ sở dữ liệu quan hệ.
- Tiếng Anh đọc hiểu tài liệu kỹ thuật.
- Tinh thần ham học hỏi, có khả năng làm việc nhóm.","- Thiết kế, phát triển và vận hành các giải pháp dữ liệu sử dụng Oracle.
- Tối ưu hiệu năng truy vấn, indexing và partitioning cho hệ thống production.
- Phối hợp với team backend/frontend để đảm bảo data layer ổn định.
- Xây dựng tooling, automation và quy trình backup/recovery.
- Tham gia on-call rotation, xử lý sự cố liên quan đến database.
- Viết tài liệu kỹ thuật, mentor thành viên mới trong team.
- Nghiên cứu và đánh giá công nghệ mới phục vụ nhu cầu kinh doanh.
- Đảm bảo tuân thủ security, data governance và privacy regulations.","Remote-friendly, Flexible hours, Meal allowance 1.5M VND",FinCore Tech,Information Technology,Full-time,Fresher,Onsite,Thạnh An,Thành phố Hồ Chí Minh,600,700,52,539
Junior NoSQL Developer,"We are hiring a Junior NoSQL Developer to join our database engineering team in Long An. You will design, build, and operate scalable data platforms using SQL Server. Our systems process billions of records and power core business operations.","- 1-2 năm kinh nghiệm với SQL và ít nhất một RDBMS (MySQL/PostgreSQL/Oracle).
- Hiểu biết về indexing, query optimization và transaction isolation.
- Quen thuộc với Git và quy trình phát triển phần mềm.
- Khả năng đọc hiểu tài liệu tiếng Anh.","- Thiết kế, phát triển và vận hành các giải pháp dữ liệu sử dụng SQL Server.
- Tối ưu hiệu năng truy vấn, indexing và partitioning cho hệ thống production.
- Phối hợp với team backend/frontend để đảm bảo data layer ổn định.
- Xây dựng tooling, automation và quy trình backup/recovery.
- Tham gia on-call rotation, xử lý sự cố liên quan đến database.
- Viết tài liệu kỹ thuật, mentor thành viên mới trong team.
- Nghiên cứu và đánh giá công nghệ mới phục vụ nhu cầu kinh doanh.
- Đảm bảo tuân thủ security, data governance và privacy regulations.","Competitive salary, Project bonus, Long-service award",NextGen Software,Information Technology,Hybrid,Junior,Remote,Long Hoa,Tỉnh Tây Ninh,900,1600,11,666
Head of Database,"Join ShopSphere as a Head of Database working on Cloud Database-based platforms. You will collaborate with backend, data and DevOps teams to deliver high-performance data infrastructure serving customers across Vietnam and SEA.","- 15+ năm kinh nghiệm, trong đó 7+ năm ở vị trí director/head.
- Định hướng chiến lược dữ liệu cho toàn bộ tổ chức.
- Kinh nghiệm làm việc với C-level, xây dựng data-driven culture.
- Hiểu biết sâu về data mesh, data fabric và modern data stack.","- Thiết kế, phát triển và vận hành các giải pháp dữ liệu sử dụng Cloud Database.
- Tối ưu hiệu năng truy vấn, indexing và partitioning cho hệ thống production.
- Phối hợp với team backend/frontend để đảm bảo data layer ổn định.
- Xây dựng tooling, automation và quy trình backup/recovery.
- Tham gia on-call rotation, xử lý sự cố liên quan đến database.
- Viết tài liệu kỹ thuật, mentor thành viên mới trong team.
- Nghiên cứu và đánh giá công nghệ mới phục vụ nhu cầu kinh doanh.
- Đảm bảo tuân thủ security, data governance và privacy regulations.","13th month salary, Health insurance, Annual leave 12+ days",ShopSphere,Information Technology,Internship,Director,Remote,Thanh Điền,Tỉnh Tây Ninh,6900,9800,45,269
Junior Database Developer,"NextGen Software mở rộng team database và cần một Junior Database Developer giàu kinh nghiệm về Oracle. Bạn sẽ đóng vai trò chủ chốt trong việc thiết kế schema, tối ưu truy vấn và đảm bảo độ tin cậy của các hệ thống dữ liệu quan trọng.","- 1-2 năm kinh nghiệm với SQL và ít nhất một RDBMS (MySQL/PostgreSQL/Oracle).
- Hiểu biết về indexing, query optimization và transaction isolation.
- Quen thuộc với Git và quy trình phát triển phần mềm.
- Khả năng đọc hiểu tài liệu tiếng Anh.","- Thiết kế, phát triển và vận hành các giải pháp dữ liệu sử dụng Oracle.
- Tối ưu hiệu năng truy vấn, indexing và partitioning cho hệ thống production.
- Phối hợp với team backend/frontend để đảm bảo data layer ổn định.
- Xây dựng tooling, automation và quy trình backup/recovery.
- Tham gia on-call rotation, xử lý sự cố liên quan đến database.
- Viết tài liệu kỹ thuật, mentor thành viên mới trong team.
- Nghiên cứu và đánh giá công nghệ mới phục vụ nhu cầu kinh doanh.
- Đảm bảo tuân thủ security, data governance và privacy regulations.","Hybrid working, 14 days annual leave, Free snacks & coffee",NextGen Software,Information Technology,Full-time,Junior,Onsite,Thanh Điền,Tỉnh Tây Ninh,1100,1700,22,380
Fresher Data Engineer,"Join ShopSphere as a Fresher Data Engineer working on Oracle-based platforms. You will collaborate with backend, data and DevOps teams to deliver high-performance data infrastructure serving customers across Vietnam and SEA.","- Tốt nghiệp Đại học chuyên ngành CNTT hoặc tương đương.
- Hiểu biết cơ bản về SQL và một hệ quản trị cơ sở dữ liệu quan hệ.
- Tiếng Anh đọc hiểu tài liệu kỹ thuật.
- Tinh thần ham học hỏi, có khả năng làm việc nhóm.","- Thiết kế, phát triển và vận hành các giải pháp dữ liệu sử dụng Oracle.
- Tối ưu hiệu năng truy vấn, indexing và partitioning cho hệ thống production.
- Phối hợp với team backend/frontend để đảm bảo data layer ổn định.
- Xây dựng tooling, automation và quy trình backup/recovery.
- Tham gia on-call rotation, xử lý sự cố liên quan đến database.
- Viết tài liệu kỹ thuật, mentor thành viên mới trong team.
- Nghiên cứu và đánh giá công nghệ mới phục vụ nhu cầu kinh doanh.
- Đảm bảo tuân thủ security, data governance và privacy regulations.","Health insurance for family, Annual health check, Team building budget",ShopSphere,Information Technology,Full-time,Fresher,Remote,Thanh Điền,Tỉnh Tây Ninh,600,1000,34,209
Database Administrator (Fresher),"CodeBridge Solutions đang tìm kiếm một Database Administrator (Fresher) để gia nhập đội ngũ kỹ thuật tại Long An. Bạn sẽ làm việc với Database DevOps và các công nghệ liên quan để xây dựng, vận hành và tối ưu các hệ thống dữ liệu phục vụ hàng triệu người dùng tại Việt Nam.","- Tốt nghiệp Đại học chuyên ngành CNTT hoặc tương đương.
- Hiểu biết cơ bản về SQL và một hệ quản trị cơ sở dữ liệu quan hệ.
- Tiếng Anh đọc hiểu tài liệu kỹ thuật.
- Tinh thần ham học hỏi, có khả năng làm việc nhóm.","- Thiết kế, phát triển và vận hành các giải pháp dữ liệu sử dụng Database DevOps.
- Tối ưu hiệu năng truy vấn, indexing và partitioning cho hệ thống production.
- Phối hợp với team backend/frontend để đảm bảo data layer ổn định.
- Xây dựng tooling, automation và quy trình backup/recovery.
- Tham gia on-call rotation, xử lý sự cố liên quan đến database.
- Viết tài liệu kỹ thuật, mentor thành viên mới trong team.
- Nghiên cứu và đánh giá công nghệ mới phục vụ nhu cầu kinh doanh.
- Đảm bảo tuân thủ security, data governance và privacy regulations.","Competitive salary, Project bonus, Long-service award",CodeBridge Solutions,Information Technology,Full-time,Fresher,Remote,Hòa Thành,Tỉnh Tây Ninh,400,800,60,740
Senior ETL Developer,"ShopSphere mở rộng team database và cần một Senior ETL Developer giàu kinh nghiệm về Data Warehouse. Bạn sẽ đóng vai trò chủ chốt trong việc thiết kế schema, tối ưu truy vấn và đảm bảo độ tin cậy của các hệ thống dữ liệu quan trọng.","- 5+ năm kinh nghiệm database engineering với Data Warehouse.
- Chuyên sâu về dimensional modeling, ETL/ELT, dbt, Snowflake/BigQuery.
- Kinh nghiệm thiết kế hệ thống high-availability và disaster recovery.
- Khả năng review code, đào tạo và dẫn dắt kỹ thuật cho team.
- Tiếng Anh giao tiếp tốt là một lợi thế.","- Thiết kế, phát triển và vận hành các giải pháp dữ liệu sử dụng Data Warehouse.
- Tối ưu hiệu năng truy vấn, indexing và partitioning cho hệ thống production.
- Phối hợp với team backend/frontend để đảm bảo data layer ổn định.
- Xây dựng tooling, automation và quy trình backup/recovery.
- Tham gia on-call rotation, xử lý sự cố liên quan đến database.
- Viết tài liệu kỹ thuật, mentor thành viên mới trong team.
- Nghiên cứu và đánh giá công nghệ mới phục vụ nhu cầu kinh doanh.
- Đảm bảo tuân thủ security, data governance và privacy regulations.","Flexible working hours, WFH 3 days/week, Annual trip",ShopSphere,Information Technology,Contract,Senior,Onsite,Gò Dầu,Tỉnh Tây Ninh,2600,4000,80,1296
Junior PostgreSQL Engineer,"We are hiring a Junior PostgreSQL Engineer to join our database engineering team in Long An. You will design, build, and operate scalable data platforms using MySQL. Our systems process billions of records and power core business operations.","- 1-2 năm kinh nghiệm với SQL và ít nhất một RDBMS (MySQL/PostgreSQL/Oracle).
- Hiểu biết về indexing, query optimization và transaction isolation.
- Quen thuộc với Git và quy trình phát triển phần mềm.
- Khả năng đọc hiểu tài liệu tiếng Anh.","- Thiết kế, phát triển và vận hành các giải pháp dữ liệu sử dụng MySQL.
- Tối ưu hiệu năng truy vấn, indexing và partitioning cho hệ thống production.
- Phối hợp với team backend/frontend để đảm bảo data layer ổn định.
- Xây dựng tooling, automation và quy trình backup/recovery.
- Tham gia on-call rotation, xử lý sự cố liên quan đến database.
- Viết tài liệu kỹ thuật, mentor thành viên mới trong team.
- Nghiên cứu và đánh giá công nghệ mới phục vụ nhu cầu kinh doanh.
- Đảm bảo tuân thủ security, data governance và privacy regulations.","Competitive salary, Project bonus, Long-service award",EduSmart,Information Technology,Part-time,Junior,Onsite,Gò Dầu,Tỉnh Tây Ninh,1200,1500,59,1133
Junior MySQL Developer,"EduSmart mở rộng team database và cần một Junior MySQL Developer giàu kinh nghiệm về Data Warehouse. Bạn sẽ đóng vai trò chủ chốt trong việc thiết kế schema, tối ưu truy vấn và đảm bảo độ tin cậy của các hệ thống dữ liệu quan trọng.","- 1-2 năm kinh nghiệm với SQL và ít nhất một RDBMS (MySQL/PostgreSQL/Oracle).
- Hiểu biết về indexing, query optimization và transaction isolation.
- Quen thuộc với Git và quy trình phát triển phần mềm.
- Khả năng đọc hiểu tài liệu tiếng Anh.","- Thiết kế, phát triển và vận hành các giải pháp dữ liệu sử dụng Data Warehouse.
- Tối ưu hiệu năng truy vấn, indexing và partitioning cho hệ thống production.
- Phối hợp với team backend/frontend để đảm bảo data layer ổn định.
- Xây dựng tooling, automation và quy trình backup/recovery.
- Tham gia on-call rotation, xử lý sự cố liên quan đến database.
- Viết tài liệu kỹ thuật, mentor thành viên mới trong team.
- Nghiên cứu và đánh giá công nghệ mới phục vụ nhu cầu kinh doanh.
- Đảm bảo tuân thủ security, data governance và privacy regulations.","Remote-friendly, Flexible hours, Meal allowance 1.5M VND",EduSmart,Information Technology,Full-time,Junior,Remote,Trảng Bàng,Tỉnh Tây Ninh,900,1400,45,703
Senior Data Engineer,"ShopSphere mở rộng team database và cần một Senior Data Engineer giàu kinh nghiệm về SQL Server. Bạn sẽ đóng vai trò chủ chốt trong việc thiết kế schema, tối ưu truy vấn và đảm bảo độ tin cậy của các hệ thống dữ liệu quan trọng.","- 5+ năm kinh nghiệm database engineering với SQL Server.
- Chuyên sâu về T-SQL, stored procedures, Always On, SSIS/SSRS.
- Kinh nghiệm thiết kế hệ thống high-availability và disaster recovery.
- Khả năng review code, đào tạo và dẫn dắt kỹ thuật cho team.
- Tiếng Anh giao tiếp tốt là một lợi thế.","- Thiết kế, phát triển và vận hành các giải pháp dữ liệu sử dụng SQL Server.
- Tối ưu hiệu năng truy vấn, indexing và partitioning cho hệ thống production.
- Phối hợp với team backend/frontend để đảm bảo data layer ổn định.
- Xây dựng tooling, automation và quy trình backup/recovery.
- Tham gia on-call rotation, xử lý sự cố liên quan đến database.
- Viết tài liệu kỹ thuật, mentor thành viên mới trong team.
- Nghiên cứu và đánh giá công nghệ mới phục vụ nhu cầu kinh doanh.
- Đảm bảo tuân thủ security, data governance và privacy regulations.","Remote-friendly, Flexible hours, Meal allowance 1.5M VND",ShopSphere,Information Technology,Full-time,Senior,Remote,Trảng Bàng,Tỉnh Tây Ninh,3100,4300,56,1120
Staff Database Engineer,"We are hiring a Staff Database Engineer to join our database engineering team in Long An. You will design, build, and operate scalable data platforms using Cloud Database. Our systems process billions of records and power core business operations.","- 10+ năm kinh nghiệm database/data engineering ở các hệ thống production quy mô lớn.
- Tầm nhìn kiến trúc và khả năng đưa ra quyết định công nghệ dài hạn.
- Kinh nghiệm làm việc với cloud data platforms (AWS/Azure/GCP).
- Đã từng thiết kế hệ thống phục vụ hàng trăm triệu records.","- Thiết kế, phát triển và vận hành các giải pháp dữ liệu sử dụng Cloud Database.
- Tối ưu hiệu năng truy vấn, indexing và partitioning cho hệ thống production.
- Phối hợp với team backend/frontend để đảm bảo data layer ổn định.
- Xây dựng tooling, automation và quy trình backup/recovery.
- Tham gia on-call rotation, xử lý sự cố liên quan đến database.
- Viết tài liệu kỹ thuật, mentor thành viên mới trong team.
- Nghiên cứu và đánh giá công nghệ mới phục vụ nhu cầu kinh doanh.
- Đảm bảo tuân thủ security, data governance và privacy regulations.","Laptop & gear provided, Training budget 5M/year, Conference sponsorship",CodeBridge Solutions,Information Technology,Full-time,Principal,Remote,Tân An,Tỉnh Tây Ninh,4700,6600,11,195
Senior NoSQL Engineer,"EduSmart mở rộng team database và cần một Senior NoSQL Engineer giàu kinh nghiệm về MongoDB. Bạn sẽ đóng vai trò chủ chốt trong việc thiết kế schema, tối ưu truy vấn và đảm bảo độ tin cậy của các hệ thống dữ liệu quan trọng.","- 5+ năm kinh nghiệm database engineering với MongoDB.
- Chuyên sâu về sharding, replica sets, aggregation framework, schema design.
- Kinh nghiệm thiết kế hệ thống high-availability và disaster recovery.
- Khả năng review code, đào tạo và dẫn dắt kỹ thuật cho team.
- Tiếng Anh giao tiếp tốt là một lợi thế.","- Thiết kế, phát triển và vận hành các giải pháp dữ liệu sử dụng MongoDB.
- Tối ưu hiệu năng truy vấn, indexing và partitioning cho hệ thống production.
- Phối hợp với team backend/frontend để đảm bảo data layer ổn định.
- Xây dựng tooling, automation và quy trình backup/recovery.
- Tham gia on-call rotation, xử lý sự cố liên quan đến database.
- Viết tài liệu kỹ thuật, mentor thành viên mới trong team.
- Nghiên cứu và đánh giá công nghệ mới phục vụ nhu cầu kinh doanh.
- Đảm bảo tuân thủ security, data governance và privacy regulations.","13th month salary, Health insurance, Annual leave 12+ days",EduSmart,Information Technology,Full-time,Senior,Onsite,Tân Châu,Tỉnh Tây Ninh,2700,4200,6,1464
Junior Data Engineer,"We are hiring a Junior Data Engineer to join our database engineering team in Long An. You will design, build, and operate scalable data platforms using Cloud Database. Our systems process billions of records and power core business operations.","- 1-2 năm kinh nghiệm với SQL và ít nhất một RDBMS (MySQL/PostgreSQL/Oracle).
- Hiểu biết về indexing, query optimization và transaction isolation.
- Quen thuộc với Git và quy trình phát triển phần mềm.
- Khả năng đọc hiểu tài liệu tiếng Anh.","- Thiết kế, phát triển và vận hành các giải pháp dữ liệu sử dụng Cloud Database.
- Tối ưu hiệu năng truy vấn, indexing và partitioning cho hệ thống production.
- Phối hợp với team backend/frontend để đảm bảo data layer ổn định.
- Xây dựng tooling, automation và quy trình backup/recovery.
- Tham gia on-call rotation, xử lý sự cố liên quan đến database.
- Viết tài liệu kỹ thuật, mentor thành viên mới trong team.
- Nghiên cứu và đánh giá công nghệ mới phục vụ nhu cầu kinh doanh.
- Đảm bảo tuân thủ security, data governance và privacy regulations.","13th month salary, Health insurance, Annual leave 12+ days",CodeBridge Solutions,Information Technology,Full-time,Junior,Onsite,Tân Đông,Tỉnh Tây Ninh,900,1400,16,598
Lead ETL Engineer,"NextGen Software mở rộng team database và cần một Lead ETL Engineer giàu kinh nghiệm về MongoDB. Bạn sẽ đóng vai trò chủ chốt trong việc thiết kế schema, tối ưu truy vấn và đảm bảo độ tin cậy của các hệ thống dữ liệu quan trọng.","- 7+ năm kinh nghiệm, trong đó có ít nhất 2 năm ở vị trí lead.
- Chuyên sâu MongoDB và hệ sinh thái xung quanh.
- Kinh nghiệm thiết kế kiến trúc dữ liệu cho hệ thống scale lớn.
- Khả năng lãnh đạo team 4-6 người, làm việc với stakeholders.","- Thiết kế, phát triển và vận hành các giải pháp dữ liệu sử dụng MongoDB.
- Tối ưu hiệu năng truy vấn, indexing và partitioning cho hệ thống production.
- Phối hợp với team backend/frontend để đảm bảo data layer ổn định.
- Xây dựng tooling, automation và quy trình backup/recovery.
- Tham gia on-call rotation, xử lý sự cố liên quan đến database.
- Viết tài liệu kỹ thuật, mentor thành viên mới trong team.
- Nghiên cứu và đánh giá công nghệ mới phục vụ nhu cầu kinh doanh.
- Đảm bảo tuân thủ security, data governance và privacy regulations.","Remote-friendly, Flexible hours, Meal allowance 1.5M VND",NextGen Software,Information Technology,Contract,Lead,Remote,Tân Đông,Tỉnh Tây Ninh,3600,4900,10,1013
Junior PostgreSQL Engineer,"We are hiring a Junior PostgreSQL Engineer to join our database engineering team in Long An. You will design, build, and operate scalable data platforms using Data Warehouse. Our systems process billions of records and power core business operations.","- 1-2 năm kinh nghiệm với SQL và ít nhất một RDBMS (MySQL/PostgreSQL/Oracle).
- Hiểu biết về indexing, query optimization và transaction isolation.
- Quen thuộc với Git và quy trình phát triển phần mềm.
- Khả năng đọc hiểu tài liệu tiếng Anh.","- Thiết kế, phát triển và vận hành các giải pháp dữ liệu sử dụng Data Warehouse.
- Tối ưu hiệu năng truy vấn, indexing và partitioning cho hệ thống production.
- Phối hợp với team backend/frontend để đảm bảo data layer ổn định.
- Xây dựng tooling, automation và quy trình backup/recovery.
- Tham gia on-call rotation, xử lý sự cố liên quan đến database.
- Viết tài liệu kỹ thuật, mentor thành viên mới trong team.
- Nghiên cứu và đánh giá công nghệ mới phục vụ nhu cầu kinh doanh.
- Đảm bảo tuân thủ security, data governance và privacy regulations.","Performance review 2x/year, Clear career path, International projects",CodeBridge Solutions,Information Technology,Full-time,Junior,Remote,Tân Hội,Tỉnh Tây Ninh,900,1100,43,760
Senior Data Engineer - Hybrid,"CodeBridge Solutions mở rộng team database và cần một Senior Data Engineer - Hybrid giàu kinh nghiệm về MySQL. Bạn sẽ đóng vai trò chủ chốt trong việc thiết kế schema, tối ưu truy vấn và đảm bảo độ tin cậy của các hệ thống dữ liệu quan trọng.","- 5+ năm kinh nghiệm database engineering với MySQL.
- Chuyên sâu về schema design, performance tuning, backup/recovery, replication.
- Kinh nghiệm thiết kế hệ thống high-availability và disaster recovery.
- Khả năng review code, đào tạo và dẫn dắt kỹ thuật cho team.
- Tiếng Anh giao tiếp tốt là một lợi thế.","- Thiết kế, phát triển và vận hành các giải pháp dữ liệu sử dụng MySQL.
- Tối ưu hiệu năng truy vấn, indexing và partitioning cho hệ thống production.
- Phối hợp với team backend/frontend để đảm bảo data layer ổn định.
- Xây dựng tooling, automation và quy trình backup/recovery.
- Tham gia on-call rotation, xử lý sự cố liên quan đến database.
- Viết tài liệu kỹ thuật, mentor thành viên mới trong team.
- Nghiên cứu và đánh giá công nghệ mới phục vụ nhu cầu kinh doanh.
- Đảm bảo tuân thủ security, data governance và privacy regulations.","Competitive salary, Project bonus, Long-service award",CodeBridge Solutions,Information Technology,Full-time,Senior,Onsite,Tân Hội,Tỉnh Tây Ninh,2700,4200,32,712
Junior PostgreSQL Engineer,"We are hiring a Junior PostgreSQL Engineer to join our database engineering team in Long An. You will design, build, and operate scalable data platforms using Cloud Database. Our systems process billions of records and power core business operations.","- 1-2 năm kinh nghiệm với SQL và ít nhất một RDBMS (MySQL/PostgreSQL/Oracle).
- Hiểu biết về indexing, query optimization và transaction isolation.
- Quen thuộc với Git và quy trình phát triển phần mềm.
- Khả năng đọc hiểu tài liệu tiếng Anh.","- Thiết kế, phát triển và vận hành các giải pháp dữ liệu sử dụng Cloud Database.
- Tối ưu hiệu năng truy vấn, indexing và partitioning cho hệ thống production.
- Phối hợp với team backend/frontend để đảm bảo data layer ổn định.
- Xây dựng tooling, automation và quy trình backup/recovery.
- Tham gia on-call rotation, xử lý sự cố liên quan đến database.
- Viết tài liệu kỹ thuật, mentor thành viên mới trong team.
- Nghiên cứu và đánh giá công nghệ mới phục vụ nhu cầu kinh doanh.
- Đảm bảo tuân thủ security, data governance và privacy regulations.","Health insurance for family, Annual health check, Team building budget",NextGen Software,Information Technology,Part-time,Junior,Onsite,Tân Hòa,Tỉnh Tây Ninh,1100,1300,2,668
Middle SQL Developer,"Join CodeBridge Solutions as a Middle SQL Developer working on Oracle-based platforms. You will collaborate with backend, data and DevOps teams to deliver high-performance data infrastructure serving customers across Vietnam and SEA.","- 3-4 năm kinh nghiệm làm việc thực tế với cơ sở dữ liệu quan hệ hoặc NoSQL.
- Thành thạo PL/SQL, RAC, Data Guard, performance tuning, RMAN.
- Có kinh nghiệm thiết kế schema, partitioning, replication.
- Kinh nghiệm monitoring và troubleshooting production databases.
- Khả năng làm việc độc lập và mentor junior members.","- Thiết kế, phát triển và vận hành các giải pháp dữ liệu sử dụng Oracle.
- Tối ưu hiệu năng truy vấn, indexing và partitioning cho hệ thống production.
- Phối hợp với team backend/frontend để đảm bảo data layer ổn định.
- Xây dựng tooling, automation và quy trình backup/recovery.
- Tham gia on-call rotation, xử lý sự cố liên quan đến database.
- Viết tài liệu kỹ thuật, mentor thành viên mới trong team.
- Nghiên cứu và đánh giá công nghệ mới phục vụ nhu cầu kinh doanh.
- Đảm bảo tuân thủ security, data governance và privacy regulations.","Performance review 2x/year, Clear career path, International projects",CodeBridge Solutions,Information Technology,Full-time,Middle,Remote,Tân Hòa,Tỉnh Tây Ninh,1900,2900,20,753
Senior Database Administrator,"We are hiring a Senior Database Administrator to join our database engineering team in Long An. You will design, build, and operate scalable data platforms using Cloud Database. Our systems process billions of records and power core business operations.","- 5+ năm kinh nghiệm database engineering với Cloud Database.
- Chuyên sâu về AWS RDS/Aurora, Azure SQL, GCP Cloud SQL, IaC.
- Kinh nghiệm thiết kế hệ thống high-availability và disaster recovery.
- Khả năng review code, đào tạo và dẫn dắt kỹ thuật cho team.
- Tiếng Anh giao tiếp tốt là một lợi thế.","- Thiết kế, phát triển và vận hành các giải pháp dữ liệu sử dụng Cloud Database.
- Tối ưu hiệu năng truy vấn, indexing và partitioning cho hệ thống production.
- Phối hợp với team backend/frontend để đảm bảo data layer ổn định.
- Xây dựng tooling, automation và quy trình backup/recovery.
- Tham gia on-call rotation, xử lý sự cố liên quan đến database.
- Viết tài liệu kỹ thuật, mentor thành viên mới trong team.
- Nghiên cứu và đánh giá công nghệ mới phục vụ nhu cầu kinh doanh.
- Đảm bảo tuân thủ security, data governance và privacy regulations.","Performance bonus up to 3 months, Stock options, Premium healthcare",NextGen Software,Information Technology,Full-time,Senior,Remote,Tân Thành,Tỉnh Tây Ninh,2900,3700,64,837
Junior SQL Developer,"ShopSphere is looking for a Junior SQL Developer based in Long An to strengthen our data platform. You will work on Database DevOps, focusing on Flyway/Liquibase, CI/CD, containerized DBs, monitoring for production-grade systems.","- 1-2 năm kinh nghiệm với SQL và ít nhất một RDBMS (MySQL/PostgreSQL/Oracle).
- Hiểu biết về indexing, query optimization và transaction isolation.
- Quen thuộc với Git và quy trình phát triển phần mềm.
- Khả năng đọc hiểu tài liệu tiếng Anh.","- Thiết kế, phát triển và vận hành các giải pháp dữ liệu sử dụng Database DevOps.
- Tối ưu hiệu năng truy vấn, indexing và partitioning cho hệ thống production.
- Phối hợp với team backend/frontend để đảm bảo data layer ổn định.
- Xây dựng tooling, automation và quy trình backup/recovery.
- Tham gia on-call rotation, xử lý sự cố liên quan đến database.
- Viết tài liệu kỹ thuật, mentor thành viên mới trong team.
- Nghiên cứu và đánh giá công nghệ mới phục vụ nhu cầu kinh doanh.
- Đảm bảo tuân thủ security, data governance và privacy regulations.","Laptop & gear provided, Training budget 5M/year, Conference sponsorship",ShopSphere,Information Technology,Full-time,Junior,Remote,Dương Minh Châu,Tỉnh Tây Ninh,1200,1500,23,547
Lead ETL Engineer,"NextGen Software mở rộng team database và cần một Lead ETL Engineer giàu kinh nghiệm về Data Warehouse. Bạn sẽ đóng vai trò chủ chốt trong việc thiết kế schema, tối ưu truy vấn và đảm bảo độ tin cậy của các hệ thống dữ liệu quan trọng.","- 7+ năm kinh nghiệm, trong đó có ít nhất 2 năm ở vị trí lead.
- Chuyên sâu Data Warehouse và hệ sinh thái xung quanh.
- Kinh nghiệm thiết kế kiến trúc dữ liệu cho hệ thống scale lớn.
- Khả năng lãnh đạo team 4-6 người, làm việc với stakeholders.","- Thiết kế, phát triển và vận hành các giải pháp dữ liệu sử dụng Data Warehouse.
- Tối ưu hiệu năng truy vấn, indexing và partitioning cho hệ thống production.
- Phối hợp với team backend/frontend để đảm bảo data layer ổn định.
- Xây dựng tooling, automation và quy trình backup/recovery.
- Tham gia on-call rotation, xử lý sự cố liên quan đến database.
- Viết tài liệu kỹ thuật, mentor thành viên mới trong team.
- Nghiên cứu và đánh giá công nghệ mới phục vụ nhu cầu kinh doanh.
- Đảm bảo tuân thủ security, data governance và privacy regulations.","Performance review 2x/year, Clear career path, International projects",NextGen Software,Information Technology,Full-time,Lead,Remote,Hảo Đước,Tỉnh Tây Ninh,3800,5300,24,652
Senior SQL Developer,"We are hiring a Senior SQL Developer to join our database engineering team in Long An. You will design, build, and operate scalable data platforms using MySQL. Our systems process billions of records and power core business operations.","- 5+ năm kinh nghiệm database engineering với MySQL.
- Chuyên sâu về schema design, performance tuning, backup/recovery, replication.
- Kinh nghiệm thiết kế hệ thống high-availability và disaster recovery.
- Khả năng review code, đào tạo và dẫn dắt kỹ thuật cho team.
- Tiếng Anh giao tiếp tốt là một lợi thế.","- Thiết kế, phát triển và vận hành các giải pháp dữ liệu sử dụng MySQL.
- Tối ưu hiệu năng truy vấn, indexing và partitioning cho hệ thống production.
- Phối hợp với team backend/frontend để đảm bảo data layer ổn định.
- Xây dựng tooling, automation và quy trình backup/recovery.
- Tham gia on-call rotation, xử lý sự cố liên quan đến database.
- Viết tài liệu kỹ thuật, mentor thành viên mới trong team.
- Nghiên cứu và đánh giá công nghệ mới phục vụ nhu cầu kinh doanh.
- Đảm bảo tuân thủ security, data governance và privacy regulations.","Competitive salary, Project bonus, Long-service award",NextGen Software,Information Technology,Full-time,Senior,Onsite,Hòa Hội,Tỉnh Tây Ninh,2600,4000,49,593
Lead ETL Engineer,"ChainWorks đang tìm kiếm một Lead ETL Engineer để gia nhập đội ngũ kỹ thuật tại Long An. Bạn sẽ làm việc với SQL Server và các công nghệ liên quan để xây dựng, vận hành và tối ưu các hệ thống dữ liệu phục vụ hàng triệu người dùng tại Việt Nam.","- 7+ năm kinh nghiệm, trong đó có ít nhất 2 năm ở vị trí lead.
- Chuyên sâu SQL Server và hệ sinh thái xung quanh.
- Kinh nghiệm thiết kế kiến trúc dữ liệu cho hệ thống scale lớn.
- Khả năng lãnh đạo team 4-6 người, làm việc với stakeholders.","- Thiết kế, phát triển và vận hành các giải pháp dữ liệu sử dụng SQL Server.
- Tối ưu hiệu năng truy vấn, indexing và partitioning cho hệ thống production.
- Phối hợp với team backend/frontend để đảm bảo data layer ổn định.
- Xây dựng tooling, automation và quy trình backup/recovery.
- Tham gia on-call rotation, xử lý sự cố liên quan đến database.
- Viết tài liệu kỹ thuật, mentor thành viên mới trong team.
- Nghiên cứu và đánh giá công nghệ mới phục vụ nhu cầu kinh doanh.
- Đảm bảo tuân thủ security, data governance và privacy regulations.","Premium health insurance, English class, Book allowance",ChainWorks,Information Technology,Internship,Lead,Remote,Ninh Điền,Tỉnh Tây Ninh,3700,5300,72,279
Junior Database Developer,"EduSmart đang tìm kiếm một Junior Database Developer để gia nhập đội ngũ kỹ thuật tại Long An. Bạn sẽ làm việc với MongoDB và các công nghệ liên quan để xây dựng, vận hành và tối ưu các hệ thống dữ liệu phục vụ hàng triệu người dùng tại Việt Nam.","- 1-2 năm kinh nghiệm với SQL và ít nhất một RDBMS (MySQL/PostgreSQL/Oracle).
- Hiểu biết về indexing, query optimization và transaction isolation.
- Quen thuộc với Git và quy trình phát triển phần mềm.
- Khả năng đọc hiểu tài liệu tiếng Anh.","- Thiết kế, phát triển và vận hành các giải pháp dữ liệu sử dụng MongoDB.
- Tối ưu hiệu năng truy vấn, indexing và partitioning cho hệ thống production.
- Phối hợp với team backend/frontend để đảm bảo data layer ổn định.
- Xây dựng tooling, automation và quy trình backup/recovery.
- Tham gia on-call rotation, xử lý sự cố liên quan đến database.
- Viết tài liệu kỹ thuật, mentor thành viên mới trong team.
- Nghiên cứu và đánh giá công nghệ mới phục vụ nhu cầu kinh doanh.
- Đảm bảo tuân thủ security, data governance và privacy regulations.","Laptop & gear provided, Training budget 5M/year, Conference sponsorship",EduSmart,Information Technology,Full-time,Junior,Onsite,Bến Cầu,Tỉnh Tây Ninh,1100,1400,36,207
Principal DBA,"MediTech Global đang tìm kiếm một Principal DBA để gia nhập đội ngũ kỹ thuật tại Long An. Bạn sẽ làm việc với Data Warehouse và các công nghệ liên quan để xây dựng, vận hành và tối ưu các hệ thống dữ liệu phục vụ hàng triệu người dùng tại Việt Nam.","- 10+ năm kinh nghiệm database/data engineering ở các hệ thống production quy mô lớn.
- Tầm nhìn kiến trúc và khả năng đưa ra quyết định công nghệ dài hạn.
- Kinh nghiệm làm việc với cloud data platforms (AWS/Azure/GCP).
- Đã từng thiết kế hệ thống phục vụ hàng trăm triệu records.","- Thiết kế, phát triển và vận hành các giải pháp dữ liệu sử dụng Data Warehouse.
- Tối ưu hiệu năng truy vấn, indexing và partitioning cho hệ thống production.
- Phối hợp với team backend/frontend để đảm bảo data layer ổn định.
- Xây dựng tooling, automation và quy trình backup/recovery.
- Tham gia on-call rotation, xử lý sự cố liên quan đến database.
- Viết tài liệu kỹ thuật, mentor thành viên mới trong team.
- Nghiên cứu và đánh giá công nghệ mới phục vụ nhu cầu kinh doanh.
- Đảm bảo tuân thủ security, data governance và privacy regulations.","Flexible working hours, WFH 3 days/week, Annual trip",MediTech Global,Information Technology,Full-time,Principal,Remote,Long Thuận,Tỉnh Tây Ninh,4800,6500,50,1191
Principal Data Engineer,"ShopSphere is looking for a Principal Data Engineer based in Long An to strengthen our data platform. You will work on Redis, focusing on cluster, persistence, pub/sub, caching strategies for production-grade systems.","- 10+ năm kinh nghiệm database/data engineering ở các hệ thống production quy mô lớn.
- Tầm nhìn kiến trúc và khả năng đưa ra quyết định công nghệ dài hạn.
- Kinh nghiệm làm việc với cloud data platforms (AWS/Azure/GCP).
- Đã từng thiết kế hệ thống phục vụ hàng trăm triệu records.","- Thiết kế, phát triển và vận hành các giải pháp dữ liệu sử dụng Redis.
- Tối ưu hiệu năng truy vấn, indexing và partitioning cho hệ thống production.
- Phối hợp với team backend/frontend để đảm bảo data layer ổn định.
- Xây dựng tooling, automation và quy trình backup/recovery.
- Tham gia on-call rotation, xử lý sự cố liên quan đến database.
- Viết tài liệu kỹ thuật, mentor thành viên mới trong team.
- Nghiên cứu và đánh giá công nghệ mới phục vụ nhu cầu kinh doanh.
- Đảm bảo tuân thủ security, data governance và privacy regulations.","Performance bonus up to 3 months, Stock options, Premium healthcare",ShopSphere,Information Technology,Remote,Principal,Onsite,Phước Chỉ,Tỉnh Tây Ninh,4800,6800,57,1320
Database Manager (Vietnam),"FinCore Tech mở rộng team database và cần một Database Manager (Vietnam) giàu kinh nghiệm về Oracle. Bạn sẽ đóng vai trò chủ chốt trong việc thiết kế schema, tối ưu truy vấn và đảm bảo độ tin cậy của các hệ thống dữ liệu quan trọng.","- 12+ năm kinh nghiệm CNTT, trong đó 5+ năm quản lý team data/database.
- Kinh nghiệm xây dựng và vận hành data platform ở quy mô enterprise.
- Kỹ năng quản lý stakeholder, ngân sách và lộ trình kỹ thuật.
- Tư duy chiến lược về data governance, security và compliance.","- Thiết kế, phát triển và vận hành các giải pháp dữ liệu sử dụng Oracle.
- Tối ưu hiệu năng truy vấn, indexing và partitioning cho hệ thống production.
- Phối hợp với team backend/frontend để đảm bảo data layer ổn định.
- Xây dựng tooling, automation và quy trình backup/recovery.
- Tham gia on-call rotation, xử lý sự cố liên quan đến database.
- Viết tài liệu kỹ thuật, mentor thành viên mới trong team.
- Nghiên cứu và đánh giá công nghệ mới phục vụ nhu cầu kinh doanh.
- Đảm bảo tuân thủ security, data governance và privacy regulations.","Flexible working hours, WFH 3 days/week, Annual trip",FinCore Tech,Information Technology,Hybrid,Manager,Onsite,Phước Chỉ,Tỉnh Tây Ninh,4300,6300,34,1074
Junior PostgreSQL Engineer,"VietConnect Telecom đang tìm kiếm một Junior PostgreSQL Engineer để gia nhập đội ngũ kỹ thuật tại Long An. Bạn sẽ làm việc với MongoDB và các công nghệ liên quan để xây dựng, vận hành và tối ưu các hệ thống dữ liệu phục vụ hàng triệu người dùng tại Việt Nam.","- 1-2 năm kinh nghiệm với SQL và ít nhất một RDBMS (MySQL/PostgreSQL/Oracle).
- Hiểu biết về indexing, query optimization và transaction isolation.
- Quen thuộc với Git và quy trình phát triển phần mềm.
- Khả năng đọc hiểu tài liệu tiếng Anh.","- Thiết kế, phát triển và vận hành các giải pháp dữ liệu sử dụng MongoDB.
- Tối ưu hiệu năng truy vấn, indexing và partitioning cho hệ thống production.
- Phối hợp với team backend/frontend để đảm bảo data layer ổn định.
- Xây dựng tooling, automation và quy trình backup/recovery.
- Tham gia on-call rotation, xử lý sự cố liên quan đến database.
- Viết tài liệu kỹ thuật, mentor thành viên mới trong team.
- Nghiên cứu và đánh giá công nghệ mới phục vụ nhu cầu kinh doanh.
- Đảm bảo tuân thủ security, data governance và privacy regulations.","Competitive salary, Project bonus, Long-service award",VietConnect Telecom,Information Technology,Full-time,Junior,Remote,Vĩnh Hưng,Tỉnh Tây Ninh,1100,1200,9,668
Middle SQL Developer (Vietnam),"MediTech Global mở rộng team database và cần một Middle SQL Developer (Vietnam) giàu kinh nghiệm về Big Data. Bạn sẽ đóng vai trò chủ chốt trong việc thiết kế schema, tối ưu truy vấn và đảm bảo độ tin cậy của các hệ thống dữ liệu quan trọng.","- 3-4 năm kinh nghiệm làm việc thực tế với cơ sở dữ liệu quan hệ hoặc NoSQL.
- Thành thạo Spark, Hadoop, Kafka, Airflow, data lake architectures.
- Có kinh nghiệm thiết kế schema, partitioning, replication.
- Kinh nghiệm monitoring và troubleshooting production databases.
- Khả năng làm việc độc lập và mentor junior members.","- Thiết kế, phát triển và vận hành các giải pháp dữ liệu sử dụng Big Data.
- Tối ưu hiệu năng truy vấn, indexing và partitioning cho hệ thống production.
- Phối hợp với team backend/frontend để đảm bảo data layer ổn định.
- Xây dựng tooling, automation và quy trình backup/recovery.
- Tham gia on-call rotation, xử lý sự cố liên quan đến database.
- Viết tài liệu kỹ thuật, mentor thành viên mới trong team.
- Nghiên cứu và đánh giá công nghệ mới phục vụ nhu cầu kinh doanh.
- Đảm bảo tuân thủ security, data governance và privacy regulations.","13th month salary, Health insurance, Annual leave 12+ days",MediTech Global,Information Technology,Contract,Middle,Onsite,Vĩnh Hưng,Tỉnh Tây Ninh,2100,2800,32,1031
Middle Database Administrator,"Join NextGen Software as a Middle Database Administrator working on Redis-based platforms. You will collaborate with backend, data and DevOps teams to deliver high-performance data infrastructure serving customers across Vietnam and SEA.","- 3-4 năm kinh nghiệm làm việc thực tế với cơ sở dữ liệu quan hệ hoặc NoSQL.
- Thành thạo cluster, persistence, pub/sub, caching strategies.
- Có kinh nghiệm thiết kế schema, partitioning, replication.
- Kinh nghiệm monitoring và troubleshooting production databases.
- Khả năng làm việc độc lập và mentor junior members.","- Thiết kế, phát triển và vận hành các giải pháp dữ liệu sử dụng Redis.
- Tối ưu hiệu năng truy vấn, indexing và partitioning cho hệ thống production.
- Phối hợp với team backend/frontend để đảm bảo data layer ổn định.
- Xây dựng tooling, automation và quy trình backup/recovery.
- Tham gia on-call rotation, xử lý sự cố liên quan đến database.
- Viết tài liệu kỹ thuật, mentor thành viên mới trong team.
- Nghiên cứu và đánh giá công nghệ mới phục vụ nhu cầu kinh doanh.
- Đảm bảo tuân thủ security, data governance và privacy regulations.","Laptop & gear provided, Training budget 5M/year, Conference sponsorship",NextGen Software,Information Technology,Full-time,Middle,Onsite,Bình Hòa,Tỉnh Tây Ninh,1700,3000,6,766
Database Developer (Fresher),"CodeBridge Solutions đang tìm kiếm một Database Developer (Fresher) để gia nhập đội ngũ kỹ thuật tại Long An. Bạn sẽ làm việc với PostgreSQL và các công nghệ liên quan để xây dựng, vận hành và tối ưu các hệ thống dữ liệu phục vụ hàng triệu người dùng tại Việt Nam.","- Tốt nghiệp Đại học chuyên ngành CNTT hoặc tương đương.
- Hiểu biết cơ bản về SQL và một hệ quản trị cơ sở dữ liệu quan hệ.
- Tiếng Anh đọc hiểu tài liệu kỹ thuật.
- Tinh thần ham học hỏi, có khả năng làm việc nhóm.","- Thiết kế, phát triển và vận hành các giải pháp dữ liệu sử dụng PostgreSQL.
- Tối ưu hiệu năng truy vấn, indexing và partitioning cho hệ thống production.
- Phối hợp với team backend/frontend để đảm bảo data layer ổn định.
- Xây dựng tooling, automation và quy trình backup/recovery.
- Tham gia on-call rotation, xử lý sự cố liên quan đến database.
- Viết tài liệu kỹ thuật, mentor thành viên mới trong team.
- Nghiên cứu và đánh giá công nghệ mới phục vụ nhu cầu kinh doanh.
- Đảm bảo tuân thủ security, data governance và privacy regulations.","Laptop & gear provided, Training budget 5M/year, Conference sponsorship",CodeBridge Solutions,Information Technology,Hybrid,Fresher,Onsite,Mộc Hóa,Tỉnh Tây Ninh,600,1000,49,683
Junior SQL Developer,"Join ShopSphere as a Junior SQL Developer working on MongoDB-based platforms. You will collaborate with backend, data and DevOps teams to deliver high-performance data infrastructure serving customers across Vietnam and SEA.","- 1-2 năm kinh nghiệm với SQL và ít nhất một RDBMS (MySQL/PostgreSQL/Oracle).
- Hiểu biết về indexing, query optimization và transaction isolation.
- Quen thuộc với Git và quy trình phát triển phần mềm.
- Khả năng đọc hiểu tài liệu tiếng Anh.","- Thiết kế, phát triển và vận hành các giải pháp dữ liệu sử dụng MongoDB.
- Tối ưu hiệu năng truy vấn, indexing và partitioning cho hệ thống production.
- Phối hợp với team backend/frontend để đảm bảo data layer ổn định.
- Xây dựng tooling, automation và quy trình backup/recovery.
- Tham gia on-call rotation, xử lý sự cố liên quan đến database.
- Viết tài liệu kỹ thuật, mentor thành viên mới trong team.
- Nghiên cứu và đánh giá công nghệ mới phục vụ nhu cầu kinh doanh.
- Đảm bảo tuân thủ security, data governance và privacy regulations.","Performance review 2x/year, Clear career path, International projects",ShopSphere,Information Technology,Full-time,Junior,Remote,Mộc Hóa,Tỉnh Tây Ninh,800,1800,10,1388
Senior Data Engineer,"EduSmart đang tìm kiếm một Senior Data Engineer để gia nhập đội ngũ kỹ thuật tại Long An. Bạn sẽ làm việc với MongoDB và các công nghệ liên quan để xây dựng, vận hành và tối ưu các hệ thống dữ liệu phục vụ hàng triệu người dùng tại Việt Nam.","- 5+ năm kinh nghiệm database engineering với MongoDB.
- Chuyên sâu về sharding, replica sets, aggregation framework, schema design.
- Kinh nghiệm thiết kế hệ thống high-availability và disaster recovery.
- Khả năng review code, đào tạo và dẫn dắt kỹ thuật cho team.
- Tiếng Anh giao tiếp tốt là một lợi thế.","- Thiết kế, phát triển và vận hành các giải pháp dữ liệu sử dụng MongoDB.
- Tối ưu hiệu năng truy vấn, indexing và partitioning cho hệ thống production.
- Phối hợp với team backend/frontend để đảm bảo data layer ổn định.
- Xây dựng tooling, automation và quy trình backup/recovery.
- Tham gia on-call rotation, xử lý sự cố liên quan đến database.
- Viết tài liệu kỹ thuật, mentor thành viên mới trong team.
- Nghiên cứu và đánh giá công nghệ mới phục vụ nhu cầu kinh doanh.
- Đảm bảo tuân thủ security, data governance và privacy regulations.","Health insurance for family, Annual health check, Team building budget",EduSmart,Information Technology,Full-time,Senior,Remote,Thạnh Hóa,Tỉnh Tây Ninh,2800,4400,20,575
Head of Database,"VietConnect Telecom is looking for a Head of Database based in Long An to strengthen our data platform. You will work on SQL Server, focusing on T-SQL, stored procedures, Always On, SSIS/SSRS for production-grade systems.","- 15+ năm kinh nghiệm, trong đó 7+ năm ở vị trí director/head.
- Định hướng chiến lược dữ liệu cho toàn bộ tổ chức.
- Kinh nghiệm làm việc với C-level, xây dựng data-driven culture.
- Hiểu biết sâu về data mesh, data fabric và modern data stack.","- Thiết kế, phát triển và vận hành các giải pháp dữ liệu sử dụng SQL Server.
- Tối ưu hiệu năng truy vấn, indexing và partitioning cho hệ thống production.
- Phối hợp với team backend/frontend để đảm bảo data layer ổn định.
- Xây dựng tooling, automation và quy trình backup/recovery.
- Tham gia on-call rotation, xử lý sự cố liên quan đến database.
- Viết tài liệu kỹ thuật, mentor thành viên mới trong team.
- Nghiên cứu và đánh giá công nghệ mới phục vụ nhu cầu kinh doanh.
- Đảm bảo tuân thủ security, data governance và privacy regulations.","Flexible working hours, WFH 3 days/week, Annual trip",VietConnect Telecom,Information Technology,Full-time,Director,Onsite,Tân Tây,Tỉnh Tây Ninh,6300,9600,12,1399
Middle NoSQL Engineer,"ChainWorks is looking for a Middle NoSQL Engineer based in Long An to strengthen our data platform. You will work on Oracle, focusing on PL/SQL, RAC, Data Guard, performance tuning, RMAN for production-grade systems.","- 3-4 năm kinh nghiệm làm việc thực tế với cơ sở dữ liệu quan hệ hoặc NoSQL.
- Thành thạo PL/SQL, RAC, Data Guard, performance tuning, RMAN.
- Có kinh nghiệm thiết kế schema, partitioning, replication.
- Kinh nghiệm monitoring và troubleshooting production databases.
- Khả năng làm việc độc lập và mentor junior members.","- Thiết kế, phát triển và vận hành các giải pháp dữ liệu sử dụng Oracle.
- Tối ưu hiệu năng truy vấn, indexing và partitioning cho hệ thống production.
- Phối hợp với team backend/frontend để đảm bảo data layer ổn định.
- Xây dựng tooling, automation và quy trình backup/recovery.
- Tham gia on-call rotation, xử lý sự cố liên quan đến database.
- Viết tài liệu kỹ thuật, mentor thành viên mới trong team.
- Nghiên cứu và đánh giá công nghệ mới phục vụ nhu cầu kinh doanh.
- Đảm bảo tuân thủ security, data governance và privacy regulations.","13th month salary, Health insurance, Annual leave 12+ days",ChainWorks,Information Technology,Remote,Middle,Onsite,Đông Thành,Tỉnh Tây Ninh,2100,3000,10,1366
Senior NoSQL Engineer (Vietnam),"NextGen Software is looking for a Senior NoSQL Engineer (Vietnam) based in Long An to strengthen our data platform. You will work on Oracle, focusing on PL/SQL, RAC, Data Guard, performance tuning, RMAN for production-grade systems.","- 5+ năm kinh nghiệm database engineering với Oracle.
- Chuyên sâu về PL/SQL, RAC, Data Guard, performance tuning, RMAN.
- Kinh nghiệm thiết kế hệ thống high-availability và disaster recovery.
- Khả năng review code, đào tạo và dẫn dắt kỹ thuật cho team.
- Tiếng Anh giao tiếp tốt là một lợi thế.","- Thiết kế, phát triển và vận hành các giải pháp dữ liệu sử dụng Oracle.
- Tối ưu hiệu năng truy vấn, indexing và partitioning cho hệ thống production.
- Phối hợp với team backend/frontend để đảm bảo data layer ổn định.
- Xây dựng tooling, automation và quy trình backup/recovery.
- Tham gia on-call rotation, xử lý sự cố liên quan đến database.
- Viết tài liệu kỹ thuật, mentor thành viên mới trong team.
- Nghiên cứu và đánh giá công nghệ mới phục vụ nhu cầu kinh doanh.
- Đảm bảo tuân thủ security, data governance và privacy regulations.","Hybrid working, 14 days annual leave, Free snacks & coffee",NextGen Software,Information Technology,Internship,Senior,Onsite,Đông Thành,Tỉnh Tây Ninh,2900,4500,64,923
Lead Data Engineer,"We are hiring a Lead Data Engineer to join our database engineering team in Long An. You will design, build, and operate scalable data platforms using Oracle. Our systems process billions of records and power core business operations.","- 7+ năm kinh nghiệm, trong đó có ít nhất 2 năm ở vị trí lead.
- Chuyên sâu Oracle và hệ sinh thái xung quanh.
- Kinh nghiệm thiết kế kiến trúc dữ liệu cho hệ thống scale lớn.
- Khả năng lãnh đạo team 4-6 người, làm việc với stakeholders.","- Thiết kế, phát triển và vận hành các giải pháp dữ liệu sử dụng Oracle.
- Tối ưu hiệu năng truy vấn, indexing và partitioning cho hệ thống production.
- Phối hợp với team backend/frontend để đảm bảo data layer ổn định.
- Xây dựng tooling, automation và quy trình backup/recovery.
- Tham gia on-call rotation, xử lý sự cố liên quan đến database.
- Viết tài liệu kỹ thuật, mentor thành viên mới trong team.
- Nghiên cứu và đánh giá công nghệ mới phục vụ nhu cầu kinh doanh.
- Đảm bảo tuân thủ security, data governance và privacy regulations.","13th month salary, Health insurance, Annual leave 12+ days",ShopSphere,Information Technology,Full-time,Lead,Remote,Hậu Nghĩa,Tỉnh Tây Ninh,3800,5100,44,851
Middle Data Engineer,"Join MediTech Global as a Middle Data Engineer working on Cloud Database-based platforms. You will collaborate with backend, data and DevOps teams to deliver high-performance data infrastructure serving customers across Vietnam and SEA.","- 3-4 năm kinh nghiệm làm việc thực tế với cơ sở dữ liệu quan hệ hoặc NoSQL.
- Thành thạo AWS RDS/Aurora, Azure SQL, GCP Cloud SQL, IaC.
- Có kinh nghiệm thiết kế schema, partitioning, replication.
- Kinh nghiệm monitoring và troubleshooting production databases.
- Khả năng làm việc độc lập và mentor junior members.","- Thiết kế, phát triển và vận hành các giải pháp dữ liệu sử dụng Cloud Database.
- Tối ưu hiệu năng truy vấn, indexing và partitioning cho hệ thống production.
- Phối hợp với team backend/frontend để đảm bảo data layer ổn định.
- Xây dựng tooling, automation và quy trình backup/recovery.
- Tham gia on-call rotation, xử lý sự cố liên quan đến database.
- Viết tài liệu kỹ thuật, mentor thành viên mới trong team.
- Nghiên cứu và đánh giá công nghệ mới phục vụ nhu cầu kinh doanh.
- Đảm bảo tuân thủ security, data governance và privacy regulations.","Performance bonus up to 3 months, Stock options, Premium healthcare",MediTech Global,Information Technology,Full-time,Middle,Onsite,Hậu Nghĩa,Tỉnh Tây Ninh,1600,2400,12,102
Middle Data Engineer,"ShopSphere is looking for a Middle Data Engineer based in Long An to strengthen our data platform. You will work on Cloud Database, focusing on AWS RDS/Aurora, Azure SQL, GCP Cloud SQL, IaC for production-grade systems.","- 3-4 năm kinh nghiệm làm việc thực tế với cơ sở dữ liệu quan hệ hoặc NoSQL.
- Thành thạo AWS RDS/Aurora, Azure SQL, GCP Cloud SQL, IaC.
- Có kinh nghiệm thiết kế schema, partitioning, replication.
- Kinh nghiệm monitoring và troubleshooting production databases.
- Khả năng làm việc độc lập và mentor junior members.","- Thiết kế, phát triển và vận hành các giải pháp dữ liệu sử dụng Cloud Database.
- Tối ưu hiệu năng truy vấn, indexing và partitioning cho hệ thống production.
- Phối hợp với team backend/frontend để đảm bảo data layer ổn định.
- Xây dựng tooling, automation và quy trình backup/recovery.
- Tham gia on-call rotation, xử lý sự cố liên quan đến database.
- Viết tài liệu kỹ thuật, mentor thành viên mới trong team.
- Nghiên cứu và đánh giá công nghệ mới phục vụ nhu cầu kinh doanh.
- Đảm bảo tuân thủ security, data governance và privacy regulations.","Performance bonus up to 3 months, Stock options, Premium healthcare",ShopSphere,Information Technology,Full-time,Middle,Onsite,An Ninh,Tỉnh Tây Ninh,1900,2800,68,1080
Manager - Database Operations,"ShopSphere is looking for a Manager - Database Operations based in Long An to strengthen our data platform. You will work on Oracle, focusing on PL/SQL, RAC, Data Guard, performance tuning, RMAN for production-grade systems.","- 12+ năm kinh nghiệm CNTT, trong đó 5+ năm quản lý team data/database.
- Kinh nghiệm xây dựng và vận hành data platform ở quy mô enterprise.
- Kỹ năng quản lý stakeholder, ngân sách và lộ trình kỹ thuật.
- Tư duy chiến lược về data governance, security và compliance.","- Thiết kế, phát triển và vận hành các giải pháp dữ liệu sử dụng Oracle.
- Tối ưu hiệu năng truy vấn, indexing và partitioning cho hệ thống production.
- Phối hợp với team backend/frontend để đảm bảo data layer ổn định.
- Xây dựng tooling, automation và quy trình backup/recovery.
- Tham gia on-call rotation, xử lý sự cố liên quan đến database.
- Viết tài liệu kỹ thuật, mentor thành viên mới trong team.
- Nghiên cứu và đánh giá công nghệ mới phục vụ nhu cầu kinh doanh.
- Đảm bảo tuân thủ security, data governance và privacy regulations.","Performance review 2x/year, Clear career path, International projects",ShopSphere,Information Technology,Hybrid,Manager,Remote,Hiệp Hòa,Tỉnh Tây Ninh,4100,5700,45,132
Senior Database Developer,"EduSmart mở rộng team database và cần một Senior Database Developer giàu kinh nghiệm về PostgreSQL. Bạn sẽ đóng vai trò chủ chốt trong việc thiết kế schema, tối ưu truy vấn và đảm bảo độ tin cậy của các hệ thống dữ liệu quan trọng.","- 5+ năm kinh nghiệm database engineering với PostgreSQL.
- Chuyên sâu về advanced SQL, indexing, query optimization, replication, partitioning.
- Kinh nghiệm thiết kế hệ thống high-availability và disaster recovery.
- Khả năng review code, đào tạo và dẫn dắt kỹ thuật cho team.
- Tiếng Anh giao tiếp tốt là một lợi thế.","- Thiết kế, phát triển và vận hành các giải pháp dữ liệu sử dụng PostgreSQL.
- Tối ưu hiệu năng truy vấn, indexing và partitioning cho hệ thống production.
- Phối hợp với team backend/frontend để đảm bảo data layer ổn định.
- Xây dựng tooling, automation và quy trình backup/recovery.
- Tham gia on-call rotation, xử lý sự cố liên quan đến database.
- Viết tài liệu kỹ thuật, mentor thành viên mới trong team.
- Nghiên cứu và đánh giá công nghệ mới phục vụ nhu cầu kinh doanh.
- Đảm bảo tuân thủ security, data governance và privacy regulations.","Premium health insurance, English class, Book allowance",EduSmart,Information Technology,Hybrid,Senior,Remote,Đức Lập,Tỉnh Tây Ninh,2700,4200,45,185
Junior Database Developer,"We are hiring a Junior Database Developer to join our database engineering team in Long An. You will design, build, and operate scalable data platforms using Database DevOps. Our systems process billions of records and power core business operations.","- 1-2 năm kinh nghiệm với SQL và ít nhất một RDBMS (MySQL/PostgreSQL/Oracle).
- Hiểu biết về indexing, query optimization và transaction isolation.
- Quen thuộc với Git và quy trình phát triển phần mềm.
- Khả năng đọc hiểu tài liệu tiếng Anh.","- Thiết kế, phát triển và vận hành các giải pháp dữ liệu sử dụng Database DevOps.
- Tối ưu hiệu năng truy vấn, indexing và partitioning cho hệ thống production.
- Phối hợp với team backend/frontend để đảm bảo data layer ổn định.
- Xây dựng tooling, automation và quy trình backup/recovery.
- Tham gia on-call rotation, xử lý sự cố liên quan đến database.
- Viết tài liệu kỹ thuật, mentor thành viên mới trong team.
- Nghiên cứu và đánh giá công nghệ mới phục vụ nhu cầu kinh doanh.
- Đảm bảo tuân thủ security, data governance và privacy regulations.","Laptop & gear provided, Training budget 5M/year, Conference sponsorship",FinCore Tech,Information Technology,Remote,Junior,Onsite,Mỹ Hạnh,Tỉnh Tây Ninh,1100,1800,68,309
Lập trình viên Database (Junior),"ShopSphere is looking for a Lập trình viên Database (Junior) based in Long An to strengthen our data platform. You will work on Redis, focusing on cluster, persistence, pub/sub, caching strategies for production-grade systems.","- 1-2 năm kinh nghiệm với SQL và ít nhất một RDBMS (MySQL/PostgreSQL/Oracle).
- Hiểu biết về indexing, query optimization và transaction isolation.
- Quen thuộc với Git và quy trình phát triển phần mềm.
- Khả năng đọc hiểu tài liệu tiếng Anh.","- Thiết kế, phát triển và vận hành các giải pháp dữ liệu sử dụng Redis.
- Tối ưu hiệu năng truy vấn, indexing và partitioning cho hệ thống production.
- Phối hợp với team backend/frontend để đảm bảo data layer ổn định.
- Xây dựng tooling, automation và quy trình backup/recovery.
- Tham gia on-call rotation, xử lý sự cố liên quan đến database.
- Viết tài liệu kỹ thuật, mentor thành viên mới trong team.
- Nghiên cứu và đánh giá công nghệ mới phục vụ nhu cầu kinh doanh.
- Đảm bảo tuân thủ security, data governance và privacy regulations.","Health insurance for family, Annual health check, Team building budget",ShopSphere,Information Technology,Full-time,Junior,Remote,Lương Hòa,Tỉnh Tây Ninh,1000,1600,79,1306
Senior PostgreSQL DBA - Hybrid,"EduSmart mở rộng team database và cần một Senior PostgreSQL DBA - Hybrid giàu kinh nghiệm về Oracle. Bạn sẽ đóng vai trò chủ chốt trong việc thiết kế schema, tối ưu truy vấn và đảm bảo độ tin cậy của các hệ thống dữ liệu quan trọng.","- 5+ năm kinh nghiệm database engineering với Oracle.
- Chuyên sâu về PL/SQL, RAC, Data Guard, performance tuning, RMAN.
- Kinh nghiệm thiết kế hệ thống high-availability và disaster recovery.
- Khả năng review code, đào tạo và dẫn dắt kỹ thuật cho team.
- Tiếng Anh giao tiếp tốt là một lợi thế.","- Thiết kế, phát triển và vận hành các giải pháp dữ liệu sử dụng Oracle.
- Tối ưu hiệu năng truy vấn, indexing và partitioning cho hệ thống production.
- Phối hợp với team backend/frontend để đảm bảo data layer ổn định.
- Xây dựng tooling, automation và quy trình backup/recovery.
- Tham gia on-call rotation, xử lý sự cố liên quan đến database.
- Viết tài liệu kỹ thuật, mentor thành viên mới trong team.
- Nghiên cứu và đánh giá công nghệ mới phục vụ nhu cầu kinh doanh.
- Đảm bảo tuân thủ security, data governance và privacy regulations.","Flexible working hours, WFH 3 days/week, Annual trip",EduSmart,Information Technology,Full-time,Senior,Onsite,Mỹ An,Tỉnh Tây Ninh,2900,4300,75,720
Senior SQL Developer,"Join ChainWorks as a Senior SQL Developer working on SQL Server-based platforms. You will collaborate with backend, data and DevOps teams to deliver high-performance data infrastructure serving customers across Vietnam and SEA.","- 5+ năm kinh nghiệm database engineering với SQL Server.
- Chuyên sâu về T-SQL, stored procedures, Always On, SSIS/SSRS.
- Kinh nghiệm thiết kế hệ thống high-availability và disaster recovery.
- Khả năng review code, đào tạo và dẫn dắt kỹ thuật cho team.
- Tiếng Anh giao tiếp tốt là một lợi thế.","- Thiết kế, phát triển và vận hành các giải pháp dữ liệu sử dụng SQL Server.
- Tối ưu hiệu năng truy vấn, indexing và partitioning cho hệ thống production.
- Phối hợp với team backend/frontend để đảm bảo data layer ổn định.
- Xây dựng tooling, automation và quy trình backup/recovery.
- Tham gia on-call rotation, xử lý sự cố liên quan đến database.
- Viết tài liệu kỹ thuật, mentor thành viên mới trong team.
- Nghiên cứu và đánh giá công nghệ mới phục vụ nhu cầu kinh doanh.
- Đảm bảo tuân thủ security, data governance và privacy regulations.","Hybrid working, 14 days annual leave, Free snacks & coffee",ChainWorks,Information Technology,Full-time,Senior,Onsite,Tân Long,Tỉnh Tây Ninh,2600,3800,15,633
Staff Database Engineer - Hybrid,"VietConnect Telecom đang tìm kiếm một Staff Database Engineer - Hybrid để gia nhập đội ngũ kỹ thuật tại Long An. Bạn sẽ làm việc với MySQL và các công nghệ liên quan để xây dựng, vận hành và tối ưu các hệ thống dữ liệu phục vụ hàng triệu người dùng tại Việt Nam.","- 10+ năm kinh nghiệm database/data engineering ở các hệ thống production quy mô lớn.
- Tầm nhìn kiến trúc và khả năng đưa ra quyết định công nghệ dài hạn.
- Kinh nghiệm làm việc với cloud data platforms (AWS/Azure/GCP).
- Đã từng thiết kế hệ thống phục vụ hàng trăm triệu records.","- Thiết kế, phát triển và vận hành các giải pháp dữ liệu sử dụng MySQL.
- Tối ưu hiệu năng truy vấn, indexing và partitioning cho hệ thống production.
- Phối hợp với team backend/frontend để đảm bảo data layer ổn định.
- Xây dựng tooling, automation và quy trình backup/recovery.
- Tham gia on-call rotation, xử lý sự cố liên quan đến database.
- Viết tài liệu kỹ thuật, mentor thành viên mới trong team.
- Nghiên cứu và đánh giá công nghệ mới phục vụ nhu cầu kinh doanh.
- Đảm bảo tuân thủ security, data governance và privacy regulations.","Premium health insurance, English class, Book allowance",VietConnect Telecom,Information Technology,Part-time,Principal,Remote,Tân Trụ,Tỉnh Tây Ninh,4700,6900,26,790
Database Developer (Middle),"VietConnect Telecom đang tìm kiếm một Database Developer (Middle) để gia nhập đội ngũ kỹ thuật tại Long An. Bạn sẽ làm việc với Cloud Database và các công nghệ liên quan để xây dựng, vận hành và tối ưu các hệ thống dữ liệu phục vụ hàng triệu người dùng tại Việt Nam.","- 3-4 năm kinh nghiệm làm việc thực tế với cơ sở dữ liệu quan hệ hoặc NoSQL.
- Thành thạo AWS RDS/Aurora, Azure SQL, GCP Cloud SQL, IaC.
- Có kinh nghiệm thiết kế schema, partitioning, replication.
- Kinh nghiệm monitoring và troubleshooting production databases.
- Khả năng làm việc độc lập và mentor junior members.","- Thiết kế, phát triển và vận hành các giải pháp dữ liệu sử dụng Cloud Database.
- Tối ưu hiệu năng truy vấn, indexing và partitioning cho hệ thống production.
- Phối hợp với team backend/frontend để đảm bảo data layer ổn định.
- Xây dựng tooling, automation và quy trình backup/recovery.
- Tham gia on-call rotation, xử lý sự cố liên quan đến database.
- Viết tài liệu kỹ thuật, mentor thành viên mới trong team.
- Nghiên cứu và đánh giá công nghệ mới phục vụ nhu cầu kinh doanh.
- Đảm bảo tuân thủ security, data governance và privacy regulations.","Performance bonus up to 3 months, Stock options, Premium healthcare",VietConnect Telecom,Information Technology,Hybrid,Middle,Remote,Nhựt Tảo,Tỉnh Tây Ninh,2000,2900,48,1472
Principal Database Engineer,"FinCore Tech mở rộng team database và cần một Principal Database Engineer giàu kinh nghiệm về PostgreSQL. Bạn sẽ đóng vai trò chủ chốt trong việc thiết kế schema, tối ưu truy vấn và đảm bảo độ tin cậy của các hệ thống dữ liệu quan trọng.","- 10+ năm kinh nghiệm database/data engineering ở các hệ thống production quy mô lớn.
- Tầm nhìn kiến trúc và khả năng đưa ra quyết định công nghệ dài hạn.
- Kinh nghiệm làm việc với cloud data platforms (AWS/Azure/GCP).
- Đã từng thiết kế hệ thống phục vụ hàng trăm triệu records.","- Thiết kế, phát triển và vận hành các giải pháp dữ liệu sử dụng PostgreSQL.
- Tối ưu hiệu năng truy vấn, indexing và partitioning cho hệ thống production.
- Phối hợp với team backend/frontend để đảm bảo data layer ổn định.
- Xây dựng tooling, automation và quy trình backup/recovery.
- Tham gia on-call rotation, xử lý sự cố liên quan đến database.
- Viết tài liệu kỹ thuật, mentor thành viên mới trong team.
- Nghiên cứu và đánh giá công nghệ mới phục vụ nhu cầu kinh doanh.
- Đảm bảo tuân thủ security, data governance và privacy regulations.","Premium health insurance, English class, Book allowance",FinCore Tech,Information Technology,Full-time,Principal,Onsite,Vàm Cỏ,Tỉnh Tây Ninh,4500,6900,78,1160
"Backend Developer (Database, Middle)","NextGen Software is looking for a Backend Developer (Database, Middle) based in Long An to strengthen our data platform. You will work on SQL Server, focusing on T-SQL, stored procedures, Always On, SSIS/SSRS for production-grade systems.","- 3-4 năm kinh nghiệm làm việc thực tế với cơ sở dữ liệu quan hệ hoặc NoSQL.
- Thành thạo T-SQL, stored procedures, Always On, SSIS/SSRS.
- Có kinh nghiệm thiết kế schema, partitioning, replication.
- Kinh nghiệm monitoring và troubleshooting production databases.
- Khả năng làm việc độc lập và mentor junior members.","- Thiết kế, phát triển và vận hành các giải pháp dữ liệu sử dụng SQL Server.
- Tối ưu hiệu năng truy vấn, indexing và partitioning cho hệ thống production.
- Phối hợp với team backend/frontend để đảm bảo data layer ổn định.
- Xây dựng tooling, automation và quy trình backup/recovery.
- Tham gia on-call rotation, xử lý sự cố liên quan đến database.
- Viết tài liệu kỹ thuật, mentor thành viên mới trong team.
- Nghiên cứu và đánh giá công nghệ mới phục vụ nhu cầu kinh doanh.
- Đảm bảo tuân thủ security, data governance và privacy regulations.","Remote-friendly, Flexible hours, Meal allowance 1.5M VND",NextGen Software,Information Technology,Remote,Middle,Onsite,Long Cang,Tỉnh Tây Ninh,1900,2500,18,1051
Fresher Data Engineer,"Join CodeBridge Solutions as a Fresher Data Engineer working on Big Data-based platforms. You will collaborate with backend, data and DevOps teams to deliver high-performance data infrastructure serving customers across Vietnam and SEA.","- Tốt nghiệp Đại học chuyên ngành CNTT hoặc tương đương.
- Hiểu biết cơ bản về SQL và một hệ quản trị cơ sở dữ liệu quan hệ.
- Tiếng Anh đọc hiểu tài liệu kỹ thuật.
- Tinh thần ham học hỏi, có khả năng làm việc nhóm.","- Thiết kế, phát triển và vận hành các giải pháp dữ liệu sử dụng Big Data.
- Tối ưu hiệu năng truy vấn, indexing và partitioning cho hệ thống production.
- Phối hợp với team backend/frontend để đảm bảo data layer ổn định.
- Xây dựng tooling, automation và quy trình backup/recovery.
- Tham gia on-call rotation, xử lý sự cố liên quan đến database.
- Viết tài liệu kỹ thuật, mentor thành viên mới trong team.
- Nghiên cứu và đánh giá công nghệ mới phục vụ nhu cầu kinh doanh.
- Đảm bảo tuân thủ security, data governance và privacy regulations.","Laptop & gear provided, Training budget 5M/year, Conference sponsorship",CodeBridge Solutions,Information Technology,Contract,Fresher,Onsite,Mỹ Lệ,Tỉnh Tây Ninh,700,800,50,669
Senior ETL Developer,"Join MediTech Global as a Senior ETL Developer working on PostgreSQL-based platforms. You will collaborate with backend, data and DevOps teams to deliver high-performance data infrastructure serving customers across Vietnam and SEA.","- 5+ năm kinh nghiệm database engineering với PostgreSQL.
- Chuyên sâu về advanced SQL, indexing, query optimization, replication, partitioning.
- Kinh nghiệm thiết kế hệ thống high-availability và disaster recovery.
- Khả năng review code, đào tạo và dẫn dắt kỹ thuật cho team.
- Tiếng Anh giao tiếp tốt là một lợi thế.","- Thiết kế, phát triển và vận hành các giải pháp dữ liệu sử dụng PostgreSQL.
- Tối ưu hiệu năng truy vấn, indexing và partitioning cho hệ thống production.
- Phối hợp với team backend/frontend để đảm bảo data layer ổn định.
- Xây dựng tooling, automation và quy trình backup/recovery.
- Tham gia on-call rotation, xử lý sự cố liên quan đến database.
- Viết tài liệu kỹ thuật, mentor thành viên mới trong team.
- Nghiên cứu và đánh giá công nghệ mới phục vụ nhu cầu kinh doanh.
- Đảm bảo tuân thủ security, data governance và privacy regulations.","Hybrid working, 14 days annual leave, Free snacks & coffee",MediTech Global,Information Technology,Full-time,Senior,Onsite,Tân Lân,Tỉnh Tây Ninh,2600,3600,50,547
Database Team Lead (Vietnam),"We are hiring a Database Team Lead (Vietnam) to join our database engineering team in Long An. You will design, build, and operate scalable data platforms using Data Warehouse. Our systems process billions of records and power core business operations.","- 7+ năm kinh nghiệm, trong đó có ít nhất 2 năm ở vị trí lead.
- Chuyên sâu Data Warehouse và hệ sinh thái xung quanh.
- Kinh nghiệm thiết kế kiến trúc dữ liệu cho hệ thống scale lớn.
- Khả năng lãnh đạo team 4-6 người, làm việc với stakeholders.","- Thiết kế, phát triển và vận hành các giải pháp dữ liệu sử dụng Data Warehouse.
- Tối ưu hiệu năng truy vấn, indexing và partitioning cho hệ thống production.
- Phối hợp với team backend/frontend để đảm bảo data layer ổn định.
- Xây dựng tooling, automation và quy trình backup/recovery.
- Tham gia on-call rotation, xử lý sự cố liên quan đến database.
- Viết tài liệu kỹ thuật, mentor thành viên mới trong team.
- Nghiên cứu và đánh giá công nghệ mới phục vụ nhu cầu kinh doanh.
- Đảm bảo tuân thủ security, data governance và privacy regulations.","Health insurance for family, Annual health check, Team building budget",NextGen Software,Information Technology,Full-time,Lead,Remote,Long Hựu,Tỉnh Tây Ninh,3700,5000,16,933
Head of Database,"We are hiring a Head of Database to join our database engineering team in Long An. You will design, build, and operate scalable data platforms using PostgreSQL. Our systems process billions of records and power core business operations.","- 15+ năm kinh nghiệm, trong đó 7+ năm ở vị trí director/head.
- Định hướng chiến lược dữ liệu cho toàn bộ tổ chức.
- Kinh nghiệm làm việc với C-level, xây dựng data-driven culture.
- Hiểu biết sâu về data mesh, data fabric và modern data stack.","- Thiết kế, phát triển và vận hành các giải pháp dữ liệu sử dụng PostgreSQL.
- Tối ưu hiệu năng truy vấn, indexing và partitioning cho hệ thống production.
- Phối hợp với team backend/frontend để đảm bảo data layer ổn định.
- Xây dựng tooling, automation và quy trình backup/recovery.
- Tham gia on-call rotation, xử lý sự cố liên quan đến database.
- Viết tài liệu kỹ thuật, mentor thành viên mới trong team.
- Nghiên cứu và đánh giá công nghệ mới phục vụ nhu cầu kinh doanh.
- Đảm bảo tuân thủ security, data governance và privacy regulations.","Performance bonus up to 3 months, Stock options, Premium healthcare",ChainWorks,Information Technology,Full-time,Director,Onsite,Cần Giuộc,Tỉnh Tây Ninh,6400,8800,57,909
"Backend Developer (Database, Middle)","We are hiring a Backend Developer (Database, Middle) to join our database engineering team in Long An. You will design, build, and operate scalable data platforms using Cloud Database. Our systems process billions of records and power core business operations.","- 3-4 năm kinh nghiệm làm việc thực tế với cơ sở dữ liệu quan hệ hoặc NoSQL.
- Thành thạo AWS RDS/Aurora, Azure SQL, GCP Cloud SQL, IaC.
- Có kinh nghiệm thiết kế schema, partitioning, replication.
- Kinh nghiệm monitoring và troubleshooting production databases.
- Khả năng làm việc độc lập và mentor junior members.","- Thiết kế, phát triển và vận hành các giải pháp dữ liệu sử dụng Cloud Database.
- Tối ưu hiệu năng truy vấn, indexing và partitioning cho hệ thống production.
- Phối hợp với team backend/frontend để đảm bảo data layer ổn định.
- Xây dựng tooling, automation và quy trình backup/recovery.
- Tham gia on-call rotation, xử lý sự cố liên quan đến database.
- Viết tài liệu kỹ thuật, mentor thành viên mới trong team.
- Nghiên cứu và đánh giá công nghệ mới phục vụ nhu cầu kinh doanh.
- Đảm bảo tuân thủ security, data governance và privacy regulations.","13th month salary, Health insurance, Annual leave 12+ days",ChainWorks,Information Technology,Full-time,Middle,Onsite,Cần Giuộc,Tỉnh Tây Ninh,1700,2100,51,386
Junior MySQL Developer,"We are hiring a Junior MySQL Developer to join our database engineering team in Long An. You will design, build, and operate scalable data platforms using Oracle. Our systems process billions of records and power core business operations.","- 1-2 năm kinh nghiệm với SQL và ít nhất một RDBMS (MySQL/PostgreSQL/Oracle).
- Hiểu biết về indexing, query optimization và transaction isolation.
- Quen thuộc với Git và quy trình phát triển phần mềm.
- Khả năng đọc hiểu tài liệu tiếng Anh.","- Thiết kế, phát triển và vận hành các giải pháp dữ liệu sử dụng Oracle.
- Tối ưu hiệu năng truy vấn, indexing và partitioning cho hệ thống production.
- Phối hợp với team backend/frontend để đảm bảo data layer ổn định.
- Xây dựng tooling, automation và quy trình backup/recovery.
- Tham gia on-call rotation, xử lý sự cố liên quan đến database.
- Viết tài liệu kỹ thuật, mentor thành viên mới trong team.
- Nghiên cứu và đánh giá công nghệ mới phục vụ nhu cầu kinh doanh.
- Đảm bảo tuân thủ security, data governance và privacy regulations.","Remote-friendly, Flexible hours, Meal allowance 1.5M VND",EduSmart,Information Technology,Full-time,Junior,Onsite,Cần Giuộc,Tỉnh Tây Ninh,1000,1600,25,139
Head of Database,"NextGen Software đang tìm kiếm một Head of Database để gia nhập đội ngũ kỹ thuật tại Long An. Bạn sẽ làm việc với Data Warehouse và các công nghệ liên quan để xây dựng, vận hành và tối ưu các hệ thống dữ liệu phục vụ hàng triệu người dùng tại Việt Nam.","- 15+ năm kinh nghiệm, trong đó 7+ năm ở vị trí director/head.
- Định hướng chiến lược dữ liệu cho toàn bộ tổ chức.
- Kinh nghiệm làm việc với C-level, xây dựng data-driven culture.
- Hiểu biết sâu về data mesh, data fabric và modern data stack.","- Thiết kế, phát triển và vận hành các giải pháp dữ liệu sử dụng Data Warehouse.
- Tối ưu hiệu năng truy vấn, indexing và partitioning cho hệ thống production.
- Phối hợp với team backend/frontend để đảm bảo data layer ổn định.
- Xây dựng tooling, automation và quy trình backup/recovery.
- Tham gia on-call rotation, xử lý sự cố liên quan đến database.
- Viết tài liệu kỹ thuật, mentor thành viên mới trong team.
- Nghiên cứu và đánh giá công nghệ mới phục vụ nhu cầu kinh doanh.
- Đảm bảo tuân thủ security, data governance và privacy regulations.","Health insurance for family, Annual health check, Team building budget",NextGen Software,Information Technology,Full-time,Director,Remote,Phước Lý,Tỉnh Tây Ninh,6900,8500,39,745
Junior Database Administrator,"ChainWorks is looking for a Junior Database Administrator based in Long An to strengthen our data platform. You will work on PostgreSQL, focusing on advanced SQL, indexing, query optimization, replication, partitioning for production-grade systems.","- 1-2 năm kinh nghiệm với SQL và ít nhất một RDBMS (MySQL/PostgreSQL/Oracle).
- Hiểu biết về indexing, query optimization và transaction isolation.
- Quen thuộc với Git và quy trình phát triển phần mềm.
- Khả năng đọc hiểu tài liệu tiếng Anh.","- Thiết kế, phát triển và vận hành các giải pháp dữ liệu sử dụng PostgreSQL.
- Tối ưu hiệu năng truy vấn, indexing và partitioning cho hệ thống production.
- Phối hợp với team backend/frontend để đảm bảo data layer ổn định.
- Xây dựng tooling, automation và quy trình backup/recovery.
- Tham gia on-call rotation, xử lý sự cố liên quan đến database.
- Viết tài liệu kỹ thuật, mentor thành viên mới trong team.
- Nghiên cứu và đánh giá công nghệ mới phục vụ nhu cầu kinh doanh.
- Đảm bảo tuân thủ security, data governance và privacy regulations.","Remote-friendly, Flexible hours, Meal allowance 1.5M VND",ChainWorks,Information Technology,Full-time,Junior,Remote,Phước Vĩnh Tây,Tỉnh Tây Ninh,900,1600,26,496
Middle Database Administrator,"ShopSphere mở rộng team database và cần một Middle Database Administrator giàu kinh nghiệm về MySQL. Bạn sẽ đóng vai trò chủ chốt trong việc thiết kế schema, tối ưu truy vấn và đảm bảo độ tin cậy của các hệ thống dữ liệu quan trọng.","- 3-4 năm kinh nghiệm làm việc thực tế với cơ sở dữ liệu quan hệ hoặc NoSQL.
- Thành thạo schema design, performance tuning, backup/recovery, replication.
- Có kinh nghiệm thiết kế schema, partitioning, replication.
- Kinh nghiệm monitoring và troubleshooting production databases.
- Khả năng làm việc độc lập và mentor junior members.","- Thiết kế, phát triển và vận hành các giải pháp dữ liệu sử dụng MySQL.
- Tối ưu hiệu năng truy vấn, indexing và partitioning cho hệ thống production.
- Phối hợp với team backend/frontend để đảm bảo data layer ổn định.
- Xây dựng tooling, automation và quy trình backup/recovery.
- Tham gia on-call rotation, xử lý sự cố liên quan đến database.
- Viết tài liệu kỹ thuật, mentor thành viên mới trong team.
- Nghiên cứu và đánh giá công nghệ mới phục vụ nhu cầu kinh doanh.
- Đảm bảo tuân thủ security, data governance và privacy regulations.","Flexible working hours, WFH 3 days/week, Annual trip",ShopSphere,Information Technology,Full-time,Middle,Remote,Phước Vĩnh Tây,Tỉnh Tây Ninh,1900,2800,44,575
Middle ETL Developer,"NextGen Software đang tìm kiếm một Middle ETL Developer để gia nhập đội ngũ kỹ thuật tại Long An. Bạn sẽ làm việc với Oracle và các công nghệ liên quan để xây dựng, vận hành và tối ưu các hệ thống dữ liệu phục vụ hàng triệu người dùng tại Việt Nam.","- 3-4 năm kinh nghiệm làm việc thực tế với cơ sở dữ liệu quan hệ hoặc NoSQL.
- Thành thạo PL/SQL, RAC, Data Guard, performance tuning, RMAN.
- Có kinh nghiệm thiết kế schema, partitioning, replication.
- Kinh nghiệm monitoring và troubleshooting production databases.
- Khả năng làm việc độc lập và mentor junior members.","- Thiết kế, phát triển và vận hành các giải pháp dữ liệu sử dụng Oracle.
- Tối ưu hiệu năng truy vấn, indexing và partitioning cho hệ thống production.
- Phối hợp với team backend/frontend để đảm bảo data layer ổn định.
- Xây dựng tooling, automation và quy trình backup/recovery.
- Tham gia on-call rotation, xử lý sự cố liên quan đến database.
- Viết tài liệu kỹ thuật, mentor thành viên mới trong team.
- Nghiên cứu và đánh giá công nghệ mới phục vụ nhu cầu kinh doanh.
- Đảm bảo tuân thủ security, data governance và privacy regulations.","13th month salary, Health insurance, Annual leave 12+ days",NextGen Software,Information Technology,Hybrid,Middle,Remote,Phước Vĩnh Tây,Tỉnh Tây Ninh,1800,2700,77,1130
Senior SQL Developer,"MediTech Global đang tìm kiếm một Senior SQL Developer để gia nhập đội ngũ kỹ thuật tại Long An. Bạn sẽ làm việc với Database DevOps và các công nghệ liên quan để xây dựng, vận hành và tối ưu các hệ thống dữ liệu phục vụ hàng triệu người dùng tại Việt Nam.","- 5+ năm kinh nghiệm database engineering với Database DevOps.
- Chuyên sâu về Flyway/Liquibase, CI/CD, containerized DBs, monitoring.
- Kinh nghiệm thiết kế hệ thống high-availability và disaster recovery.
- Khả năng review code, đào tạo và dẫn dắt kỹ thuật cho team.
- Tiếng Anh giao tiếp tốt là một lợi thế.","- Thiết kế, phát triển và vận hành các giải pháp dữ liệu sử dụng Database DevOps.
- Tối ưu hiệu năng truy vấn, indexing và partitioning cho hệ thống production.
- Phối hợp với team backend/frontend để đảm bảo data layer ổn định.
- Xây dựng tooling, automation và quy trình backup/recovery.
- Tham gia on-call rotation, xử lý sự cố liên quan đến database.
- Viết tài liệu kỹ thuật, mentor thành viên mới trong team.
- Nghiên cứu và đánh giá công nghệ mới phục vụ nhu cầu kinh doanh.
- Đảm bảo tuân thủ security, data governance và privacy regulations.","Laptop & gear provided, Training budget 5M/year, Conference sponsorship",MediTech Global,Information Technology,Remote,Senior,Remote,Tân Tập,Tỉnh Tây Ninh,2800,3600,57,286
Database Team Lead (Vietnam),"Join MediTech Global as a Database Team Lead (Vietnam) working on PostgreSQL-based platforms. You will collaborate with backend, data and DevOps teams to deliver high-performance data infrastructure serving customers across Vietnam and SEA.","- 7+ năm kinh nghiệm, trong đó có ít nhất 2 năm ở vị trí lead.
- Chuyên sâu PostgreSQL và hệ sinh thái xung quanh.
- Kinh nghiệm thiết kế kiến trúc dữ liệu cho hệ thống scale lớn.
- Khả năng lãnh đạo team 4-6 người, làm việc với stakeholders.","- Thiết kế, phát triển và vận hành các giải pháp dữ liệu sử dụng PostgreSQL.
- Tối ưu hiệu năng truy vấn, indexing và partitioning cho hệ thống production.
- Phối hợp với team backend/frontend để đảm bảo data layer ổn định.
- Xây dựng tooling, automation và quy trình backup/recovery.
- Tham gia on-call rotation, xử lý sự cố liên quan đến database.
- Viết tài liệu kỹ thuật, mentor thành viên mới trong team.
- Nghiên cứu và đánh giá công nghệ mới phục vụ nhu cầu kinh doanh.
- Đảm bảo tuân thủ security, data governance và privacy regulations.","Performance bonus up to 3 months, Stock options, Premium healthcare",MediTech Global,Information Technology,Hybrid,Lead,Onsite,Tầm Vu,Tỉnh Tây Ninh,3700,5000,4,971
Database Developer (Fresher),"NextGen Software is looking for a Database Developer (Fresher) based in Long An to strengthen our data platform. You will work on Cloud Database, focusing on AWS RDS/Aurora, Azure SQL, GCP Cloud SQL, IaC for production-grade systems.","- Tốt nghiệp Đại học chuyên ngành CNTT hoặc tương đương.
- Hiểu biết cơ bản về SQL và một hệ quản trị cơ sở dữ liệu quan hệ.
- Tiếng Anh đọc hiểu tài liệu kỹ thuật.
- Tinh thần ham học hỏi, có khả năng làm việc nhóm.","- Thiết kế, phát triển và vận hành các giải pháp dữ liệu sử dụng Cloud Database.
- Tối ưu hiệu năng truy vấn, indexing và partitioning cho hệ thống production.
- Phối hợp với team backend/frontend để đảm bảo data layer ổn định.
- Xây dựng tooling, automation và quy trình backup/recovery.
- Tham gia on-call rotation, xử lý sự cố liên quan đến database.
- Viết tài liệu kỹ thuật, mentor thành viên mới trong team.
- Nghiên cứu và đánh giá công nghệ mới phục vụ nhu cầu kinh doanh.
- Đảm bảo tuân thủ security, data governance và privacy regulations.","Competitive salary, Project bonus, Long-service award",NextGen Software,Information Technology,Hybrid,Fresher,Remote,Thuận Mỹ,Tỉnh Tây Ninh,600,700,50,155
Senior PostgreSQL DBA,"ShopSphere đang tìm kiếm một Senior PostgreSQL DBA để gia nhập đội ngũ kỹ thuật tại Long An. Bạn sẽ làm việc với Redis và các công nghệ liên quan để xây dựng, vận hành và tối ưu các hệ thống dữ liệu phục vụ hàng triệu người dùng tại Việt Nam.","- 5+ năm kinh nghiệm database engineering với Redis.
- Chuyên sâu về cluster, persistence, pub/sub, caching strategies.
- Kinh nghiệm thiết kế hệ thống high-availability và disaster recovery.
- Khả năng review code, đào tạo và dẫn dắt kỹ thuật cho team.
- Tiếng Anh giao tiếp tốt là một lợi thế.","- Thiết kế, phát triển và vận hành các giải pháp dữ liệu sử dụng Redis.
- Tối ưu hiệu năng truy vấn, indexing và partitioning cho hệ thống production.
- Phối hợp với team backend/frontend để đảm bảo data layer ổn định.
- Xây dựng tooling, automation và quy trình backup/recovery.
- Tham gia on-call rotation, xử lý sự cố liên quan đến database.
- Viết tài liệu kỹ thuật, mentor thành viên mới trong team.
- Nghiên cứu và đánh giá công nghệ mới phục vụ nhu cầu kinh doanh.
- Đảm bảo tuân thủ security, data governance và privacy regulations.","Hybrid working, 14 days annual leave, Free snacks & coffee",ShopSphere,Information Technology,Full-time,Senior,Onsite,Thuận Mỹ,Tỉnh Tây Ninh,2700,3900,18,645
Junior SQL Developer,"MediTech Global mở rộng team database và cần một Junior SQL Developer giàu kinh nghiệm về Database DevOps. Bạn sẽ đóng vai trò chủ chốt trong việc thiết kế schema, tối ưu truy vấn và đảm bảo độ tin cậy của các hệ thống dữ liệu quan trọng.","- Tốt nghiệp Đại học chuyên ngành CNTT hoặc tương đương.
- Hiểu biết cơ bản về SQL và một hệ quản trị cơ sở dữ liệu quan hệ.
- Tiếng Anh đọc hiểu tài liệu kỹ thuật.
- Tinh thần ham học hỏi, có khả năng làm việc nhóm.","- Thiết kế, phát triển và vận hành các giải pháp dữ liệu sử dụng Database DevOps.
- Tối ưu hiệu năng truy vấn, indexing và partitioning cho hệ thống production.
- Phối hợp với team backend/frontend để đảm bảo data layer ổn định.
- Xây dựng tooling, automation và quy trình backup/recovery.
- Tham gia on-call rotation, xử lý sự cố liên quan đến database.
- Viết tài liệu kỹ thuật, mentor thành viên mới trong team.
- Nghiên cứu và đánh giá công nghệ mới phục vụ nhu cầu kinh doanh.
- Đảm bảo tuân thủ security, data governance và privacy regulations.","Performance review 2x/year, Clear career path, International projects",MediTech Global,Information Technology,Full-time,Fresher,Remote,Ninh Kiều,Thành phố Cần Thơ,700,900,35,421
Principal Data Engineer,"We are hiring a Principal Data Engineer to join our database engineering team in Cần Thơ. You will design, build, and operate scalable data platforms using Data Warehouse. Our systems process billions of records and power core business operations.","- 10+ năm kinh nghiệm database/data engineering ở các hệ thống production quy mô lớn.
- Tầm nhìn kiến trúc và khả năng đưa ra quyết định công nghệ dài hạn.
- Kinh nghiệm làm việc với cloud data platforms (AWS/Azure/GCP).
- Đã từng thiết kế hệ thống phục vụ hàng trăm triệu records.","- Thiết kế, phát triển và vận hành các giải pháp dữ liệu sử dụng Data Warehouse.
- Tối ưu hiệu năng truy vấn, indexing và partitioning cho hệ thống production.
- Phối hợp với team backend/frontend để đảm bảo data layer ổn định.
- Xây dựng tooling, automation và quy trình backup/recovery.
- Tham gia on-call rotation, xử lý sự cố liên quan đến database.
- Viết tài liệu kỹ thuật, mentor thành viên mới trong team.
- Nghiên cứu và đánh giá công nghệ mới phục vụ nhu cầu kinh doanh.
- Đảm bảo tuân thủ security, data governance và privacy regulations.","Health insurance for family, Annual health check, Team building budget",EduSmart,Information Technology,Hybrid,Principal,Remote,An Bình,Thành phố Cần Thơ,4800,6900,41,343
Middle ETL Developer,"We are hiring a Middle ETL Developer to join our database engineering team in Cần Thơ. You will design, build, and operate scalable data platforms using SQL Server. Our systems process billions of records and power core business operations.","- 3-4 năm kinh nghiệm làm việc thực tế với cơ sở dữ liệu quan hệ hoặc NoSQL.
- Thành thạo T-SQL, stored procedures, Always On, SSIS/SSRS.
- Có kinh nghiệm thiết kế schema, partitioning, replication.
- Kinh nghiệm monitoring và troubleshooting production databases.
- Khả năng làm việc độc lập và mentor junior members.","- Thiết kế, phát triển và vận hành các giải pháp dữ liệu sử dụng SQL Server.
- Tối ưu hiệu năng truy vấn, indexing và partitioning cho hệ thống production.
- Phối hợp với team backend/frontend để đảm bảo data layer ổn định.
- Xây dựng tooling, automation và quy trình backup/recovery.
- Tham gia on-call rotation, xử lý sự cố liên quan đến database.
- Viết tài liệu kỹ thuật, mentor thành viên mới trong team.
- Nghiên cứu và đánh giá công nghệ mới phục vụ nhu cầu kinh doanh.
- Đảm bảo tuân thủ security, data governance và privacy regulations.","Health insurance for family, Annual health check, Team building budget",NextGen Software,Information Technology,Remote,Middle,Onsite,Phước Thới,Thành phố Cần Thơ,2000,2700,80,62
Middle SQL Developer,"VietConnect Telecom is looking for a Middle SQL Developer based in Cần Thơ to strengthen our data platform. You will work on Cloud Database, focusing on AWS RDS/Aurora, Azure SQL, GCP Cloud SQL, IaC for production-grade systems.","- 3-4 năm kinh nghiệm làm việc thực tế với cơ sở dữ liệu quan hệ hoặc NoSQL.
- Thành thạo AWS RDS/Aurora, Azure SQL, GCP Cloud SQL, IaC.
- Có kinh nghiệm thiết kế schema, partitioning, replication.
- Kinh nghiệm monitoring và troubleshooting production databases.
- Khả năng làm việc độc lập và mentor junior members.","- Thiết kế, phát triển và vận hành các giải pháp dữ liệu sử dụng Cloud Database.
- Tối ưu hiệu năng truy vấn, indexing và partitioning cho hệ thống production.
- Phối hợp với team backend/frontend để đảm bảo data layer ổn định.
- Xây dựng tooling, automation và quy trình backup/recovery.
- Tham gia on-call rotation, xử lý sự cố liên quan đến database.
- Viết tài liệu kỹ thuật, mentor thành viên mới trong team.
- Nghiên cứu và đánh giá công nghệ mới phục vụ nhu cầu kinh doanh.
- Đảm bảo tuân thủ security, data governance và privacy regulations.","Flexible working hours, WFH 3 days/week, Annual trip",VietConnect Telecom,Information Technology,Remote,Middle,Onsite,Phước Thới,Thành phố Cần Thơ,1500,2900,62,706
Junior Database Developer,"CodeBridge Solutions mở rộng team database và cần một Junior Database Developer giàu kinh nghiệm về Oracle. Bạn sẽ đóng vai trò chủ chốt trong việc thiết kế schema, tối ưu truy vấn và đảm bảo độ tin cậy của các hệ thống dữ liệu quan trọng.","- 1-2 năm kinh nghiệm với SQL và ít nhất một RDBMS (MySQL/PostgreSQL/Oracle).
- Hiểu biết về indexing, query optimization và transaction isolation.
- Quen thuộc với Git và quy trình phát triển phần mềm.
- Khả năng đọc hiểu tài liệu tiếng Anh.","- Thiết kế, phát triển và vận hành các giải pháp dữ liệu sử dụng Oracle.
- Tối ưu hiệu năng truy vấn, indexing và partitioning cho hệ thống production.
- Phối hợp với team backend/frontend để đảm bảo data layer ổn định.
- Xây dựng tooling, automation và quy trình backup/recovery.
- Tham gia on-call rotation, xử lý sự cố liên quan đến database.
- Viết tài liệu kỹ thuật, mentor thành viên mới trong team.
- Nghiên cứu và đánh giá công nghệ mới phục vụ nhu cầu kinh doanh.
- Đảm bảo tuân thủ security, data governance và privacy regulations.","Performance bonus up to 3 months, Stock options, Premium healthcare",CodeBridge Solutions,Information Technology,Full-time,Junior,Remote,Bình Thủy,Thành phố Cần Thơ,1100,1500,54,155
Junior SQL Developer,"EduSmart mở rộng team database và cần một Junior SQL Developer giàu kinh nghiệm về MongoDB. Bạn sẽ đóng vai trò chủ chốt trong việc thiết kế schema, tối ưu truy vấn và đảm bảo độ tin cậy của các hệ thống dữ liệu quan trọng.","- Tốt nghiệp Đại học chuyên ngành CNTT hoặc tương đương.
- Hiểu biết cơ bản về SQL và một hệ quản trị cơ sở dữ liệu quan hệ.
- Tiếng Anh đọc hiểu tài liệu kỹ thuật.
- Tinh thần ham học hỏi, có khả năng làm việc nhóm.","- Thiết kế, phát triển và vận hành các giải pháp dữ liệu sử dụng MongoDB.
- Tối ưu hiệu năng truy vấn, indexing và partitioning cho hệ thống production.
- Phối hợp với team backend/frontend để đảm bảo data layer ổn định.
- Xây dựng tooling, automation và quy trình backup/recovery.
- Tham gia on-call rotation, xử lý sự cố liên quan đến database.
- Viết tài liệu kỹ thuật, mentor thành viên mới trong team.
- Nghiên cứu và đánh giá công nghệ mới phục vụ nhu cầu kinh doanh.
- Đảm bảo tuân thủ security, data governance và privacy regulations.","Competitive salary, Project bonus, Long-service award",EduSmart,Information Technology,Full-time,Fresher,Onsite,Long Tuyền,Thành phố Cần Thơ,600,700,2,847
Junior MySQL Developer,"EduSmart is looking for a Junior MySQL Developer based in Cần Thơ to strengthen our data platform. You will work on Database DevOps, focusing on Flyway/Liquibase, CI/CD, containerized DBs, monitoring for production-grade systems.","- 1-2 năm kinh nghiệm với SQL và ít nhất một RDBMS (MySQL/PostgreSQL/Oracle).
- Hiểu biết về indexing, query optimization và transaction isolation.
- Quen thuộc với Git và quy trình phát triển phần mềm.
- Khả năng đọc hiểu tài liệu tiếng Anh.","- Thiết kế, phát triển và vận hành các giải pháp dữ liệu sử dụng Database DevOps.
- Tối ưu hiệu năng truy vấn, indexing và partitioning cho hệ thống production.
- Phối hợp với team backend/frontend để đảm bảo data layer ổn định.
- Xây dựng tooling, automation và quy trình backup/recovery.
- Tham gia on-call rotation, xử lý sự cố liên quan đến database.
- Viết tài liệu kỹ thuật, mentor thành viên mới trong team.
- Nghiên cứu và đánh giá công nghệ mới phục vụ nhu cầu kinh doanh.
- Đảm bảo tuân thủ security, data governance và privacy regulations.","13th month salary, Health insurance, Annual leave 12+ days",EduSmart,Information Technology,Full-time,Junior,Onsite,Cái Răng,Thành phố Cần Thơ,1200,1500,62,1293
Junior MySQL Developer,"ShopSphere mở rộng team database và cần một Junior MySQL Developer giàu kinh nghiệm về MySQL. Bạn sẽ đóng vai trò chủ chốt trong việc thiết kế schema, tối ưu truy vấn và đảm bảo độ tin cậy của các hệ thống dữ liệu quan trọng.","- 1-2 năm kinh nghiệm với SQL và ít nhất một RDBMS (MySQL/PostgreSQL/Oracle).
- Hiểu biết về indexing, query optimization và transaction isolation.
- Quen thuộc với Git và quy trình phát triển phần mềm.
- Khả năng đọc hiểu tài liệu tiếng Anh.","- Thiết kế, phát triển và vận hành các giải pháp dữ liệu sử dụng MySQL.
- Tối ưu hiệu năng truy vấn, indexing và partitioning cho hệ thống production.
- Phối hợp với team backend/frontend để đảm bảo data layer ổn định.
- Xây dựng tooling, automation và quy trình backup/recovery.
- Tham gia on-call rotation, xử lý sự cố liên quan đến database.
- Viết tài liệu kỹ thuật, mentor thành viên mới trong team.
- Nghiên cứu và đánh giá công nghệ mới phục vụ nhu cầu kinh doanh.
- Đảm bảo tuân thủ security, data governance và privacy regulations.","Hybrid working, 14 days annual leave, Free snacks & coffee",ShopSphere,Information Technology,Remote,Junior,Remote,Tân Lộc,Thành phố Cần Thơ,1200,1500,62,1130
Senior Database Migration Specialist,"We are hiring a Senior Database Migration Specialist to join our database engineering team in Cần Thơ. You will design, build, and operate scalable data platforms using Data Warehouse. Our systems process billions of records and power core business operations.","- 5+ năm kinh nghiệm database engineering với Data Warehouse.
- Chuyên sâu về dimensional modeling, ETL/ELT, dbt, Snowflake/BigQuery.
- Kinh nghiệm thiết kế hệ thống high-availability và disaster recovery.
- Khả năng review code, đào tạo và dẫn dắt kỹ thuật cho team.
- Tiếng Anh giao tiếp tốt là một lợi thế.","- Thiết kế, phát triển và vận hành các giải pháp dữ liệu sử dụng Data Warehouse.
- Tối ưu hiệu năng truy vấn, indexing và partitioning cho hệ thống production.
- Phối hợp với team backend/frontend để đảm bảo data layer ổn định.
- Xây dựng tooling, automation và quy trình backup/recovery.
- Tham gia on-call rotation, xử lý sự cố liên quan đến database.
- Viết tài liệu kỹ thuật, mentor thành viên mới trong team.
- Nghiên cứu và đánh giá công nghệ mới phục vụ nhu cầu kinh doanh.
- Đảm bảo tuân thủ security, data governance và privacy regulations.","Performance bonus up to 3 months, Stock options, Premium healthcare",NextGen Software,Information Technology,Contract,Senior,Onsite,Thuận Hưng,Thành phố Cần Thơ,2600,3800,26,850
Fresher Data Engineer,"EduSmart is looking for a Fresher Data Engineer based in Cần Thơ to strengthen our data platform. You will work on SQL Server, focusing on T-SQL, stored procedures, Always On, SSIS/SSRS for production-grade systems.","- Tốt nghiệp Đại học chuyên ngành CNTT hoặc tương đương.
- Hiểu biết cơ bản về SQL và một hệ quản trị cơ sở dữ liệu quan hệ.
- Tiếng Anh đọc hiểu tài liệu kỹ thuật.
- Tinh thần ham học hỏi, có khả năng làm việc nhóm.","- Thiết kế, phát triển và vận hành các giải pháp dữ liệu sử dụng SQL Server.
- Tối ưu hiệu năng truy vấn, indexing và partitioning cho hệ thống production.
- Phối hợp với team backend/frontend để đảm bảo data layer ổn định.
- Xây dựng tooling, automation và quy trình backup/recovery.
- Tham gia on-call rotation, xử lý sự cố liên quan đến database.
- Viết tài liệu kỹ thuật, mentor thành viên mới trong team.
- Nghiên cứu và đánh giá công nghệ mới phục vụ nhu cầu kinh doanh.
- Đảm bảo tuân thủ security, data governance và privacy regulations.","Flexible working hours, WFH 3 days/week, Annual trip",EduSmart,Information Technology,Full-time,Fresher,Remote,Vị Thanh,Thành phố Cần Thơ,600,900,12,1399
Junior Data Engineer,"ChainWorks mở rộng team database và cần một Junior Data Engineer giàu kinh nghiệm về MySQL. Bạn sẽ đóng vai trò chủ chốt trong việc thiết kế schema, tối ưu truy vấn và đảm bảo độ tin cậy của các hệ thống dữ liệu quan trọng.","- 1-2 năm kinh nghiệm với SQL và ít nhất một RDBMS (MySQL/PostgreSQL/Oracle).
- Hiểu biết về indexing, query optimization và transaction isolation.
- Quen thuộc với Git và quy trình phát triển phần mềm.
- Khả năng đọc hiểu tài liệu tiếng Anh.","- Thiết kế, phát triển và vận hành các giải pháp dữ liệu sử dụng MySQL.
- Tối ưu hiệu năng truy vấn, indexing và partitioning cho hệ thống production.
- Phối hợp với team backend/frontend để đảm bảo data layer ổn định.
- Xây dựng tooling, automation và quy trình backup/recovery.
- Tham gia on-call rotation, xử lý sự cố liên quan đến database.
- Viết tài liệu kỹ thuật, mentor thành viên mới trong team.
- Nghiên cứu và đánh giá công nghệ mới phục vụ nhu cầu kinh doanh.
- Đảm bảo tuân thủ security, data governance và privacy regulations.","Premium health insurance, English class, Book allowance",ChainWorks,Information Technology,Part-time,Junior,Onsite,Vị Tân,Thành phố Cần Thơ,1000,1400,49,630
Database Team Lead - Hybrid,"NextGen Software đang tìm kiếm một Database Team Lead - Hybrid để gia nhập đội ngũ kỹ thuật tại Cần Thơ. Bạn sẽ làm việc với PostgreSQL và các công nghệ liên quan để xây dựng, vận hành và tối ưu các hệ thống dữ liệu phục vụ hàng triệu người dùng tại Việt Nam.","- 7+ năm kinh nghiệm, trong đó có ít nhất 2 năm ở vị trí lead.
- Chuyên sâu PostgreSQL và hệ sinh thái xung quanh.
- Kinh nghiệm thiết kế kiến trúc dữ liệu cho hệ thống scale lớn.
- Khả năng lãnh đạo team 4-6 người, làm việc với stakeholders.","- Thiết kế, phát triển và vận hành các giải pháp dữ liệu sử dụng PostgreSQL.
- Tối ưu hiệu năng truy vấn, indexing và partitioning cho hệ thống production.
- Phối hợp với team backend/frontend để đảm bảo data layer ổn định.
- Xây dựng tooling, automation và quy trình backup/recovery.
- Tham gia on-call rotation, xử lý sự cố liên quan đến database.
- Viết tài liệu kỹ thuật, mentor thành viên mới trong team.
- Nghiên cứu và đánh giá công nghệ mới phục vụ nhu cầu kinh doanh.
- Đảm bảo tuân thủ security, data governance và privacy regulations.","Performance review 2x/year, Clear career path, International projects",NextGen Software,Information Technology,Internship,Lead,Onsite,Đại Thành,Thành phố Cần Thơ,3600,5200,47,393
Junior Data Engineer,"ChainWorks mở rộng team database và cần một Junior Data Engineer giàu kinh nghiệm về Oracle. Bạn sẽ đóng vai trò chủ chốt trong việc thiết kế schema, tối ưu truy vấn và đảm bảo độ tin cậy của các hệ thống dữ liệu quan trọng.","- 1-2 năm kinh nghiệm với SQL và ít nhất một RDBMS (MySQL/PostgreSQL/Oracle).
- Hiểu biết về indexing, query optimization và transaction isolation.
- Quen thuộc với Git và quy trình phát triển phần mềm.
- Khả năng đọc hiểu tài liệu tiếng Anh.","- Thiết kế, phát triển và vận hành các giải pháp dữ liệu sử dụng Oracle.
- Tối ưu hiệu năng truy vấn, indexing và partitioning cho hệ thống production.
- Phối hợp với team backend/frontend để đảm bảo data layer ổn định.
- Xây dựng tooling, automation và quy trình backup/recovery.
- Tham gia on-call rotation, xử lý sự cố liên quan đến database.
- Viết tài liệu kỹ thuật, mentor thành viên mới trong team.
- Nghiên cứu và đánh giá công nghệ mới phục vụ nhu cầu kinh doanh.
- Đảm bảo tuân thủ security, data governance và privacy regulations.","Flexible working hours, WFH 3 days/week, Annual trip",ChainWorks,Information Technology,Contract,Junior,Remote,Long Bình,Thành phố Cần Thơ,1000,1200,62,329
Senior Database Engineer,"FinCore Tech đang tìm kiếm một Senior Database Engineer để gia nhập đội ngũ kỹ thuật tại Cần Thơ. Bạn sẽ làm việc với Database DevOps và các công nghệ liên quan để xây dựng, vận hành và tối ưu các hệ thống dữ liệu phục vụ hàng triệu người dùng tại Việt Nam.","- 5+ năm kinh nghiệm database engineering với Database DevOps.
- Chuyên sâu về Flyway/Liquibase, CI/CD, containerized DBs, monitoring.
- Kinh nghiệm thiết kế hệ thống high-availability và disaster recovery.
- Khả năng review code, đào tạo và dẫn dắt kỹ thuật cho team.
- Tiếng Anh giao tiếp tốt là một lợi thế.","- Thiết kế, phát triển và vận hành các giải pháp dữ liệu sử dụng Database DevOps.
- Tối ưu hiệu năng truy vấn, indexing và partitioning cho hệ thống production.
- Phối hợp với team backend/frontend để đảm bảo data layer ổn định.
- Xây dựng tooling, automation và quy trình backup/recovery.
- Tham gia on-call rotation, xử lý sự cố liên quan đến database.
- Viết tài liệu kỹ thuật, mentor thành viên mới trong team.
- Nghiên cứu và đánh giá công nghệ mới phục vụ nhu cầu kinh doanh.
- Đảm bảo tuân thủ security, data governance và privacy regulations.","Remote-friendly, Flexible hours, Meal allowance 1.5M VND",FinCore Tech,Information Technology,Contract,Senior,Remote,Long Phú 1,Thành phố Cần Thơ,2500,3600,35,442
Middle NoSQL Engineer,"We are hiring a Middle NoSQL Engineer to join our database engineering team in Cần Thơ. You will design, build, and operate scalable data platforms using PostgreSQL. Our systems process billions of records and power core business operations.","- 3-4 năm kinh nghiệm làm việc thực tế với cơ sở dữ liệu quan hệ hoặc NoSQL.
- Thành thạo advanced SQL, indexing, query optimization, replication, partitioning.
- Có kinh nghiệm thiết kế schema, partitioning, replication.
- Kinh nghiệm monitoring và troubleshooting production databases.
- Khả năng làm việc độc lập và mentor junior members.","- Thiết kế, phát triển và vận hành các giải pháp dữ liệu sử dụng PostgreSQL.
- Tối ưu hiệu năng truy vấn, indexing và partitioning cho hệ thống production.
- Phối hợp với team backend/frontend để đảm bảo data layer ổn định.
- Xây dựng tooling, automation và quy trình backup/recovery.
- Tham gia on-call rotation, xử lý sự cố liên quan đến database.
- Viết tài liệu kỹ thuật, mentor thành viên mới trong team.
- Nghiên cứu và đánh giá công nghệ mới phục vụ nhu cầu kinh doanh.
- Đảm bảo tuân thủ security, data governance và privacy regulations.","Competitive salary, Project bonus, Long-service award",FinCore Tech,Information Technology,Part-time,Middle,Onsite,Long Phú 1,Thành phố Cần Thơ,1700,2200,31,1241
Senior NoSQL Engineer,"Join CodeBridge Solutions as a Senior NoSQL Engineer working on SQL Server-based platforms. You will collaborate with backend, data and DevOps teams to deliver high-performance data infrastructure serving customers across Vietnam and SEA.","- 5+ năm kinh nghiệm database engineering với SQL Server.
- Chuyên sâu về T-SQL, stored procedures, Always On, SSIS/SSRS.
- Kinh nghiệm thiết kế hệ thống high-availability và disaster recovery.
- Khả năng review code, đào tạo và dẫn dắt kỹ thuật cho team.
- Tiếng Anh giao tiếp tốt là một lợi thế.","- Thiết kế, phát triển và vận hành các giải pháp dữ liệu sử dụng SQL Server.
- Tối ưu hiệu năng truy vấn, indexing và partitioning cho hệ thống production.
- Phối hợp với team backend/frontend để đảm bảo data layer ổn định.
- Xây dựng tooling, automation và quy trình backup/recovery.
- Tham gia on-call rotation, xử lý sự cố liên quan đến database.
- Viết tài liệu kỹ thuật, mentor thành viên mới trong team.
- Nghiên cứu và đánh giá công nghệ mới phục vụ nhu cầu kinh doanh.
- Đảm bảo tuân thủ security, data governance và privacy regulations.","Flexible working hours, WFH 3 days/week, Annual trip",CodeBridge Solutions,Information Technology,Full-time,Senior,Remote,Long Phú 1,Thành phố Cần Thơ,2900,3800,55,860
Junior SQL Developer,"We are hiring a Junior SQL Developer to join our database engineering team in Cần Thơ. You will design, build, and operate scalable data platforms using Redis. Our systems process billions of records and power core business operations.","- Tốt nghiệp Đại học chuyên ngành CNTT hoặc tương đương.
- Hiểu biết cơ bản về SQL và một hệ quản trị cơ sở dữ liệu quan hệ.
- Tiếng Anh đọc hiểu tài liệu kỹ thuật.
- Tinh thần ham học hỏi, có khả năng làm việc nhóm.","- Thiết kế, phát triển và vận hành các giải pháp dữ liệu sử dụng Redis.
- Tối ưu hiệu năng truy vấn, indexing và partitioning cho hệ thống production.
- Phối hợp với team backend/frontend để đảm bảo data layer ổn định.
- Xây dựng tooling, automation và quy trình backup/recovery.
- Tham gia on-call rotation, xử lý sự cố liên quan đến database.
- Viết tài liệu kỹ thuật, mentor thành viên mới trong team.
- Nghiên cứu và đánh giá công nghệ mới phục vụ nhu cầu kinh doanh.
- Đảm bảo tuân thủ security, data governance và privacy regulations.","Laptop & gear provided, Training budget 5M/year, Conference sponsorship",ChainWorks,Information Technology,Full-time,Fresher,Remote,Phú Lợi,Thành phố Cần Thơ,600,900,58,1351
Director of Data Engineering,"We are hiring a Director of Data Engineering to join our database engineering team in Cần Thơ. You will design, build, and operate scalable data platforms using Oracle. Our systems process billions of records and power core business operations.","- 15+ năm kinh nghiệm, trong đó 7+ năm ở vị trí director/head.
- Định hướng chiến lược dữ liệu cho toàn bộ tổ chức.
- Kinh nghiệm làm việc với C-level, xây dựng data-driven culture.
- Hiểu biết sâu về data mesh, data fabric và modern data stack.","- Thiết kế, phát triển và vận hành các giải pháp dữ liệu sử dụng Oracle.
- Tối ưu hiệu năng truy vấn, indexing và partitioning cho hệ thống production.
- Phối hợp với team backend/frontend để đảm bảo data layer ổn định.
- Xây dựng tooling, automation và quy trình backup/recovery.
- Tham gia on-call rotation, xử lý sự cố liên quan đến database.
- Viết tài liệu kỹ thuật, mentor thành viên mới trong team.
- Nghiên cứu và đánh giá công nghệ mới phục vụ nhu cầu kinh doanh.
- Đảm bảo tuân thủ security, data governance và privacy regulations.","Hybrid working, 14 days annual leave, Free snacks & coffee",CodeBridge Solutions,Information Technology,Remote,Director,Remote,Ngã Năm,Thành phố Cần Thơ,6100,9600,20,909
Manager - Database Operations,"CodeBridge Solutions mở rộng team database và cần một Manager - Database Operations giàu kinh nghiệm về MongoDB. Bạn sẽ đóng vai trò chủ chốt trong việc thiết kế schema, tối ưu truy vấn và đảm bảo độ tin cậy của các hệ thống dữ liệu quan trọng.","- 12+ năm kinh nghiệm CNTT, trong đó 5+ năm quản lý team data/database.
- Kinh nghiệm xây dựng và vận hành data platform ở quy mô enterprise.
- Kỹ năng quản lý stakeholder, ngân sách và lộ trình kỹ thuật.
- Tư duy chiến lược về data governance, security và compliance.","- Thiết kế, phát triển và vận hành các giải pháp dữ liệu sử dụng MongoDB.
- Tối ưu hiệu năng truy vấn, indexing và partitioning cho hệ thống production.
- Phối hợp với team backend/frontend để đảm bảo data layer ổn định.
- Xây dựng tooling, automation và quy trình backup/recovery.
- Tham gia on-call rotation, xử lý sự cố liên quan đến database.
- Viết tài liệu kỹ thuật, mentor thành viên mới trong team.
- Nghiên cứu và đánh giá công nghệ mới phục vụ nhu cầu kinh doanh.
- Đảm bảo tuân thủ security, data governance và privacy regulations.","Premium health insurance, English class, Book allowance",CodeBridge Solutions,Information Technology,Remote,Manager,Onsite,Ngã Năm,Thành phố Cần Thơ,4400,5800,11,1349
Principal Database Engineer (Vietnam),"VietConnect Telecom is looking for a Principal Database Engineer (Vietnam) based in Cần Thơ to strengthen our data platform. You will work on Redis, focusing on cluster, persistence, pub/sub, caching strategies for production-grade systems.","- 10+ năm kinh nghiệm database/data engineering ở các hệ thống production quy mô lớn.
- Tầm nhìn kiến trúc và khả năng đưa ra quyết định công nghệ dài hạn.
- Kinh nghiệm làm việc với cloud data platforms (AWS/Azure/GCP).
- Đã từng thiết kế hệ thống phục vụ hàng trăm triệu records.","- Thiết kế, phát triển và vận hành các giải pháp dữ liệu sử dụng Redis.
- Tối ưu hiệu năng truy vấn, indexing và partitioning cho hệ thống production.
- Phối hợp với team backend/frontend để đảm bảo data layer ổn định.
- Xây dựng tooling, automation và quy trình backup/recovery.
- Tham gia on-call rotation, xử lý sự cố liên quan đến database.
- Viết tài liệu kỹ thuật, mentor thành viên mới trong team.
- Nghiên cứu và đánh giá công nghệ mới phục vụ nhu cầu kinh doanh.
- Đảm bảo tuân thủ security, data governance và privacy regulations.","Remote-friendly, Flexible hours, Meal allowance 1.5M VND",VietConnect Telecom,Information Technology,Contract,Principal,Onsite,Vĩnh Châu,Thành phố Cần Thơ,4900,6700,28,486
Lead DBA,"MediTech Global mở rộng team database và cần một Lead DBA giàu kinh nghiệm về PostgreSQL. Bạn sẽ đóng vai trò chủ chốt trong việc thiết kế schema, tối ưu truy vấn và đảm bảo độ tin cậy của các hệ thống dữ liệu quan trọng.","- 7+ năm kinh nghiệm, trong đó có ít nhất 2 năm ở vị trí lead.
- Chuyên sâu PostgreSQL và hệ sinh thái xung quanh.
- Kinh nghiệm thiết kế kiến trúc dữ liệu cho hệ thống scale lớn.
- Khả năng lãnh đạo team 4-6 người, làm việc với stakeholders.","- Thiết kế, phát triển và vận hành các giải pháp dữ liệu sử dụng PostgreSQL.
- Tối ưu hiệu năng truy vấn, indexing và partitioning cho hệ thống production.
- Phối hợp với team backend/frontend để đảm bảo data layer ổn định.
- Xây dựng tooling, automation và quy trình backup/recovery.
- Tham gia on-call rotation, xử lý sự cố liên quan đến database.
- Viết tài liệu kỹ thuật, mentor thành viên mới trong team.
- Nghiên cứu và đánh giá công nghệ mới phục vụ nhu cầu kinh doanh.
- Đảm bảo tuân thủ security, data governance và privacy regulations.","Remote-friendly, Flexible hours, Meal allowance 1.5M VND",MediTech Global,Information Technology,Contract,Lead,Onsite,Vĩnh Phước,Thành phố Cần Thơ,3600,5300,26,1144
Thực tập sinh Database,"CodeBridge Solutions đang tìm kiếm một Thực tập sinh Database để gia nhập đội ngũ kỹ thuật tại Cần Thơ. Bạn sẽ làm việc với Redis và các công nghệ liên quan để xây dựng, vận hành và tối ưu các hệ thống dữ liệu phục vụ hàng triệu người dùng tại Việt Nam.","- Tốt nghiệp Đại học chuyên ngành CNTT hoặc tương đương.
- Hiểu biết cơ bản về SQL và một hệ quản trị cơ sở dữ liệu quan hệ.
- Tiếng Anh đọc hiểu tài liệu kỹ thuật.
- Tinh thần ham học hỏi, có khả năng làm việc nhóm.","- Thiết kế, phát triển và vận hành các giải pháp dữ liệu sử dụng Redis.
- Tối ưu hiệu năng truy vấn, indexing và partitioning cho hệ thống production.
- Phối hợp với team backend/frontend để đảm bảo data layer ổn định.
- Xây dựng tooling, automation và quy trình backup/recovery.
- Tham gia on-call rotation, xử lý sự cố liên quan đến database.
- Viết tài liệu kỹ thuật, mentor thành viên mới trong team.
- Nghiên cứu và đánh giá công nghệ mới phục vụ nhu cầu kinh doanh.
- Đảm bảo tuân thủ security, data governance và privacy regulations.","Performance review 2x/year, Clear career path, International projects",CodeBridge Solutions,Information Technology,Full-time,Fresher,Onsite,Thạnh An,Thành phố Cần Thơ,500,900,41,1038
Junior NoSQL Developer,"NextGen Software mở rộng team database và cần một Junior NoSQL Developer giàu kinh nghiệm về Database DevOps. Bạn sẽ đóng vai trò chủ chốt trong việc thiết kế schema, tối ưu truy vấn và đảm bảo độ tin cậy của các hệ thống dữ liệu quan trọng.","- 1-2 năm kinh nghiệm với SQL và ít nhất một RDBMS (MySQL/PostgreSQL/Oracle).
- Hiểu biết về indexing, query optimization và transaction isolation.
- Quen thuộc với Git và quy trình phát triển phần mềm.
- Khả năng đọc hiểu tài liệu tiếng Anh.","- Thiết kế, phát triển và vận hành các giải pháp dữ liệu sử dụng Database DevOps.
- Tối ưu hiệu năng truy vấn, indexing và partitioning cho hệ thống production.
- Phối hợp với team backend/frontend để đảm bảo data layer ổn định.
- Xây dựng tooling, automation và quy trình backup/recovery.
- Tham gia on-call rotation, xử lý sự cố liên quan đến database.
- Viết tài liệu kỹ thuật, mentor thành viên mới trong team.
- Nghiên cứu và đánh giá công nghệ mới phục vụ nhu cầu kinh doanh.
- Đảm bảo tuân thủ security, data governance và privacy regulations.","Competitive salary, Project bonus, Long-service award",NextGen Software,Information Technology,Full-time,Junior,Onsite,Thạnh An,Thành phố Cần Thơ,1200,1600,36,100
Database Administrator (Fresher),"We are hiring a Database Administrator (Fresher) to join our database engineering team in Cần Thơ. You will design, build, and operate scalable data platforms using Oracle. Our systems process billions of records and power core business operations.","- Tốt nghiệp Đại học chuyên ngành CNTT hoặc tương đương.
- Hiểu biết cơ bản về SQL và một hệ quản trị cơ sở dữ liệu quan hệ.
- Tiếng Anh đọc hiểu tài liệu kỹ thuật.
- Tinh thần ham học hỏi, có khả năng làm việc nhóm.","- Thiết kế, phát triển và vận hành các giải pháp dữ liệu sử dụng Oracle.
- Tối ưu hiệu năng truy vấn, indexing và partitioning cho hệ thống production.
- Phối hợp với team backend/frontend để đảm bảo data layer ổn định.
- Xây dựng tooling, automation và quy trình backup/recovery.
- Tham gia on-call rotation, xử lý sự cố liên quan đến database.
- Viết tài liệu kỹ thuật, mentor thành viên mới trong team.
- Nghiên cứu và đánh giá công nghệ mới phục vụ nhu cầu kinh doanh.
- Đảm bảo tuân thủ security, data governance và privacy regulations.","13th month salary, Health insurance, Annual leave 12+ days",ChainWorks,Information Technology,Full-time,Fresher,Onsite,Vĩnh Thạnh,Thành phố Cần Thơ,400,800,80,1310
Middle Data Engineer,"We are hiring a Middle Data Engineer to join our database engineering team in Cần Thơ. You will design, build, and operate scalable data platforms using Data Warehouse. Our systems process billions of records and power core business operations.","- 3-4 năm kinh nghiệm làm việc thực tế với cơ sở dữ liệu quan hệ hoặc NoSQL.
- Thành thạo dimensional modeling, ETL/ELT, dbt, Snowflake/BigQuery.
- Có kinh nghiệm thiết kế schema, partitioning, replication.
- Kinh nghiệm monitoring và troubleshooting production databases.
- Khả năng làm việc độc lập và mentor junior members.","- Thiết kế, phát triển và vận hành các giải pháp dữ liệu sử dụng Data Warehouse.
- Tối ưu hiệu năng truy vấn, indexing và partitioning cho hệ thống production.
- Phối hợp với team backend/frontend để đảm bảo data layer ổn định.
- Xây dựng tooling, automation và quy trình backup/recovery.
- Tham gia on-call rotation, xử lý sự cố liên quan đến database.
- Viết tài liệu kỹ thuật, mentor thành viên mới trong team.
- Nghiên cứu và đánh giá công nghệ mới phục vụ nhu cầu kinh doanh.
- Đảm bảo tuân thủ security, data governance và privacy regulations.","Health insurance for family, Annual health check, Team building budget",MediTech Global,Information Technology,Remote,Middle,Remote,Vĩnh Trinh,Thành phố Cần Thơ,1700,2900,13,938
Junior MySQL Developer,"We are hiring a Junior MySQL Developer to join our database engineering team in Cần Thơ. You will design, build, and operate scalable data platforms using MongoDB. Our systems process billions of records and power core business operations.","- 1-2 năm kinh nghiệm với SQL và ít nhất một RDBMS (MySQL/PostgreSQL/Oracle).
- Hiểu biết về indexing, query optimization và transaction isolation.
- Quen thuộc với Git và quy trình phát triển phần mềm.
- Khả năng đọc hiểu tài liệu tiếng Anh.","- Thiết kế, phát triển và vận hành các giải pháp dữ liệu sử dụng MongoDB.
- Tối ưu hiệu năng truy vấn, indexing và partitioning cho hệ thống production.
- Phối hợp với team backend/frontend để đảm bảo data layer ổn định.
- Xây dựng tooling, automation và quy trình backup/recovery.
- Tham gia on-call rotation, xử lý sự cố liên quan đến database.
- Viết tài liệu kỹ thuật, mentor thành viên mới trong team.
- Nghiên cứu và đánh giá công nghệ mới phục vụ nhu cầu kinh doanh.
- Đảm bảo tuân thủ security, data governance và privacy regulations.","Hybrid working, 14 days annual leave, Free snacks & coffee",VietConnect Telecom,Information Technology,Full-time,Junior,Remote,Thạnh Quới,Thành phố Cần Thơ,1100,1700,68,1179
Senior Database Administrator - Hybrid,"We are hiring a Senior Database Administrator - Hybrid to join our database engineering team in Cần Thơ. You will design, build, and operate scalable data platforms using SQL Server. Our systems process billions of records and power core business operations.","- 5+ năm kinh nghiệm database engineering với SQL Server.
- Chuyên sâu về T-SQL, stored procedures, Always On, SSIS/SSRS.
- Kinh nghiệm thiết kế hệ thống high-availability và disaster recovery.
- Khả năng review code, đào tạo và dẫn dắt kỹ thuật cho team.
- Tiếng Anh giao tiếp tốt là một lợi thế.","- Thiết kế, phát triển và vận hành các giải pháp dữ liệu sử dụng SQL Server.
- Tối ưu hiệu năng truy vấn, indexing và partitioning cho hệ thống production.
- Phối hợp với team backend/frontend để đảm bảo data layer ổn định.
- Xây dựng tooling, automation và quy trình backup/recovery.
- Tham gia on-call rotation, xử lý sự cố liên quan đến database.
- Viết tài liệu kỹ thuật, mentor thành viên mới trong team.
- Nghiên cứu và đánh giá công nghệ mới phục vụ nhu cầu kinh doanh.
- Đảm bảo tuân thủ security, data governance và privacy regulations.","Flexible working hours, WFH 3 days/week, Annual trip",CodeBridge Solutions,Information Technology,Full-time,Senior,Onsite,Thạnh Quới,Thành phố Cần Thơ,2600,4200,33,473
Middle Data Engineer,"We are hiring a Middle Data Engineer to join our database engineering team in Cần Thơ. You will design, build, and operate scalable data platforms using Data Warehouse. Our systems process billions of records and power core business operations.","- 3-4 năm kinh nghiệm làm việc thực tế với cơ sở dữ liệu quan hệ hoặc NoSQL.
- Thành thạo dimensional modeling, ETL/ELT, dbt, Snowflake/BigQuery.
- Có kinh nghiệm thiết kế schema, partitioning, replication.
- Kinh nghiệm monitoring và troubleshooting production databases.
- Khả năng làm việc độc lập và mentor junior members.","- Thiết kế, phát triển và vận hành các giải pháp dữ liệu sử dụng Data Warehouse.
- Tối ưu hiệu năng truy vấn, indexing và partitioning cho hệ thống production.
- Phối hợp với team backend/frontend để đảm bảo data layer ổn định.
- Xây dựng tooling, automation và quy trình backup/recovery.
- Tham gia on-call rotation, xử lý sự cố liên quan đến database.
- Viết tài liệu kỹ thuật, mentor thành viên mới trong team.
- Nghiên cứu và đánh giá công nghệ mới phục vụ nhu cầu kinh doanh.
- Đảm bảo tuân thủ security, data governance và privacy regulations.","Premium health insurance, English class, Book allowance",NextGen Software,Information Technology,Remote,Middle,Onsite,Trung Hưng,Thành phố Cần Thơ,2000,2800,24,803
Senior Database Migration Specialist,"We are hiring a Senior Database Migration Specialist to join our database engineering team in Cần Thơ. You will design, build, and operate scalable data platforms using PostgreSQL. Our systems process billions of records and power core business operations.","- 5+ năm kinh nghiệm database engineering với PostgreSQL.
- Chuyên sâu về advanced SQL, indexing, query optimization, replication, partitioning.
- Kinh nghiệm thiết kế hệ thống high-availability và disaster recovery.
- Khả năng review code, đào tạo và dẫn dắt kỹ thuật cho team.
- Tiếng Anh giao tiếp tốt là một lợi thế.","- Thiết kế, phát triển và vận hành các giải pháp dữ liệu sử dụng PostgreSQL.
- Tối ưu hiệu năng truy vấn, indexing và partitioning cho hệ thống production.
- Phối hợp với team backend/frontend để đảm bảo data layer ổn định.
- Xây dựng tooling, automation và quy trình backup/recovery.
- Tham gia on-call rotation, xử lý sự cố liên quan đến database.
- Viết tài liệu kỹ thuật, mentor thành viên mới trong team.
- Nghiên cứu và đánh giá công nghệ mới phục vụ nhu cầu kinh doanh.
- Đảm bảo tuân thủ security, data governance và privacy regulations.","13th month salary, Health insurance, Annual leave 12+ days",FinCore Tech,Information Technology,Remote,Senior,Onsite,Trung Hưng,Thành phố Cần Thơ,2800,3900,62,201
Database Team Lead,"CodeBridge Solutions mở rộng team database và cần một Database Team Lead giàu kinh nghiệm về Oracle. Bạn sẽ đóng vai trò chủ chốt trong việc thiết kế schema, tối ưu truy vấn và đảm bảo độ tin cậy của các hệ thống dữ liệu quan trọng.","- 7+ năm kinh nghiệm, trong đó có ít nhất 2 năm ở vị trí lead.
- Chuyên sâu Oracle và hệ sinh thái xung quanh.
- Kinh nghiệm thiết kế kiến trúc dữ liệu cho hệ thống scale lớn.
- Khả năng lãnh đạo team 4-6 người, làm việc với stakeholders.","- Thiết kế, phát triển và vận hành các giải pháp dữ liệu sử dụng Oracle.
- Tối ưu hiệu năng truy vấn, indexing và partitioning cho hệ thống production.
- Phối hợp với team backend/frontend để đảm bảo data layer ổn định.
- Xây dựng tooling, automation và quy trình backup/recovery.
- Tham gia on-call rotation, xử lý sự cố liên quan đến database.
- Viết tài liệu kỹ thuật, mentor thành viên mới trong team.
- Nghiên cứu và đánh giá công nghệ mới phục vụ nhu cầu kinh doanh.
- Đảm bảo tuân thủ security, data governance và privacy regulations.","Laptop & gear provided, Training budget 5M/year, Conference sponsorship",CodeBridge Solutions,Information Technology,Full-time,Lead,Remote,Thới Lai,Thành phố Cần Thơ,3600,4900,56,769
Data Engineering Manager,"Join ChainWorks as a Data Engineering Manager working on Redis-based platforms. You will collaborate with backend, data and DevOps teams to deliver high-performance data infrastructure serving customers across Vietnam and SEA.","- 12+ năm kinh nghiệm CNTT, trong đó 5+ năm quản lý team data/database.
- Kinh nghiệm xây dựng và vận hành data platform ở quy mô enterprise.
- Kỹ năng quản lý stakeholder, ngân sách và lộ trình kỹ thuật.
- Tư duy chiến lược về data governance, security và compliance.","- Thiết kế, phát triển và vận hành các giải pháp dữ liệu sử dụng Redis.
- Tối ưu hiệu năng truy vấn, indexing và partitioning cho hệ thống production.
- Phối hợp với team backend/frontend để đảm bảo data layer ổn định.
- Xây dựng tooling, automation và quy trình backup/recovery.
- Tham gia on-call rotation, xử lý sự cố liên quan đến database.
- Viết tài liệu kỹ thuật, mentor thành viên mới trong team.
- Nghiên cứu và đánh giá công nghệ mới phục vụ nhu cầu kinh doanh.
- Đảm bảo tuân thủ security, data governance và privacy regulations.","Laptop & gear provided, Training budget 5M/year, Conference sponsorship",ChainWorks,Information Technology,Full-time,Manager,Onsite,Thới Lai,Thành phố Cần Thơ,4500,5900,6,1291
Senior Database Administrator,"FinCore Tech đang tìm kiếm một Senior Database Administrator để gia nhập đội ngũ kỹ thuật tại Cần Thơ. Bạn sẽ làm việc với PostgreSQL và các công nghệ liên quan để xây dựng, vận hành và tối ưu các hệ thống dữ liệu phục vụ hàng triệu người dùng tại Việt Nam.","- 5+ năm kinh nghiệm database engineering với PostgreSQL.
- Chuyên sâu về advanced SQL, indexing, query optimization, replication, partitioning.
- Kinh nghiệm thiết kế hệ thống high-availability và disaster recovery.
- Khả năng review code, đào tạo và dẫn dắt kỹ thuật cho team.
- Tiếng Anh giao tiếp tốt là một lợi thế.","- Thiết kế, phát triển và vận hành các giải pháp dữ liệu sử dụng PostgreSQL.
- Tối ưu hiệu năng truy vấn, indexing và partitioning cho hệ thống production.
- Phối hợp với team backend/frontend để đảm bảo data layer ổn định.
- Xây dựng tooling, automation và quy trình backup/recovery.
- Tham gia on-call rotation, xử lý sự cố liên quan đến database.
- Viết tài liệu kỹ thuật, mentor thành viên mới trong team.
- Nghiên cứu và đánh giá công nghệ mới phục vụ nhu cầu kinh doanh.
- Đảm bảo tuân thủ security, data governance và privacy regulations.","Laptop & gear provided, Training budget 5M/year, Conference sponsorship",FinCore Tech,Information Technology,Full-time,Senior,Remote,Đông Hiệp,Thành phố Cần Thơ,2700,4500,27,1063
Fresher Backend Developer (Database),"MediTech Global đang tìm kiếm một Fresher Backend Developer (Database) để gia nhập đội ngũ kỹ thuật tại Cần Thơ. Bạn sẽ làm việc với Oracle và các công nghệ liên quan để xây dựng, vận hành và tối ưu các hệ thống dữ liệu phục vụ hàng triệu người dùng tại Việt Nam.","- Tốt nghiệp Đại học chuyên ngành CNTT hoặc tương đương.
- Hiểu biết cơ bản về SQL và một hệ quản trị cơ sở dữ liệu quan hệ.
- Tiếng Anh đọc hiểu tài liệu kỹ thuật.
- Tinh thần ham học hỏi, có khả năng làm việc nhóm.","- Thiết kế, phát triển và vận hành các giải pháp dữ liệu sử dụng Oracle.
- Tối ưu hiệu năng truy vấn, indexing và partitioning cho hệ thống production.
- Phối hợp với team backend/frontend để đảm bảo data layer ổn định.
- Xây dựng tooling, automation và quy trình backup/recovery.
- Tham gia on-call rotation, xử lý sự cố liên quan đến database.
- Viết tài liệu kỹ thuật, mentor thành viên mới trong team.
- Nghiên cứu và đánh giá công nghệ mới phục vụ nhu cầu kinh doanh.
- Đảm bảo tuân thủ security, data governance và privacy regulations.","Laptop & gear provided, Training budget 5M/year, Conference sponsorship",MediTech Global,Information Technology,Internship,Fresher,Remote,Đông Thuận,Thành phố Cần Thơ,500,800,31,226
Lead DBA (Vietnam),"ShopSphere is looking for a Lead DBA (Vietnam) based in Cần Thơ to strengthen our data platform. You will work on SQL Server, focusing on T-SQL, stored procedures, Always On, SSIS/SSRS for production-grade systems.","- 7+ năm kinh nghiệm, trong đó có ít nhất 2 năm ở vị trí lead.
- Chuyên sâu SQL Server và hệ sinh thái xung quanh.
- Kinh nghiệm thiết kế kiến trúc dữ liệu cho hệ thống scale lớn.
- Khả năng lãnh đạo team 4-6 người, làm việc với stakeholders.","- Thiết kế, phát triển và vận hành các giải pháp dữ liệu sử dụng SQL Server.
- Tối ưu hiệu năng truy vấn, indexing và partitioning cho hệ thống production.
- Phối hợp với team backend/frontend để đảm bảo data layer ổn định.
- Xây dựng tooling, automation và quy trình backup/recovery.
- Tham gia on-call rotation, xử lý sự cố liên quan đến database.
- Viết tài liệu kỹ thuật, mentor thành viên mới trong team.
- Nghiên cứu và đánh giá công nghệ mới phục vụ nhu cầu kinh doanh.
- Đảm bảo tuân thủ security, data governance và privacy regulations.","Hybrid working, 14 days annual leave, Free snacks & coffee",ShopSphere,Information Technology,Remote,Lead,Onsite,Đông Thuận,Thành phố Cần Thơ,3800,5100,59,251
Senior MySQL DBA,"We are hiring a Senior MySQL DBA to join our database engineering team in Cần Thơ. You will design, build, and operate scalable data platforms using Big Data. Our systems process billions of records and power core business operations.","- 5+ năm kinh nghiệm database engineering với Big Data.
- Chuyên sâu về Spark, Hadoop, Kafka, Airflow, data lake architectures.
- Kinh nghiệm thiết kế hệ thống high-availability và disaster recovery.
- Khả năng review code, đào tạo và dẫn dắt kỹ thuật cho team.
- Tiếng Anh giao tiếp tốt là một lợi thế.","- Thiết kế, phát triển và vận hành các giải pháp dữ liệu sử dụng Big Data.
- Tối ưu hiệu năng truy vấn, indexing và partitioning cho hệ thống production.
- Phối hợp với team backend/frontend để đảm bảo data layer ổn định.
- Xây dựng tooling, automation và quy trình backup/recovery.
- Tham gia on-call rotation, xử lý sự cố liên quan đến database.
- Viết tài liệu kỹ thuật, mentor thành viên mới trong team.
- Nghiên cứu và đánh giá công nghệ mới phục vụ nhu cầu kinh doanh.
- Đảm bảo tuân thủ security, data governance và privacy regulations.","Remote-friendly, Flexible hours, Meal allowance 1.5M VND",FinCore Tech,Information Technology,Contract,Senior,Onsite,Đông Thuận,Thành phố Cần Thơ,2600,4200,49,532
Database Engineer,"Join FinCore Tech as a Database Engineer working on SQL Server-based platforms. You will collaborate with backend, data and DevOps teams to deliver high-performance data infrastructure serving customers across Vietnam and SEA.","- 3-4 năm kinh nghiệm làm việc thực tế với cơ sở dữ liệu quan hệ hoặc NoSQL.
- Thành thạo T-SQL, stored procedures, Always On, SSIS/SSRS.
- Có kinh nghiệm thiết kế schema, partitioning, replication.
- Kinh nghiệm monitoring và troubleshooting production databases.
- Khả năng làm việc độc lập và mentor junior members.","- Thiết kế, phát triển và vận hành các giải pháp dữ liệu sử dụng SQL Server.
- Tối ưu hiệu năng truy vấn, indexing và partitioning cho hệ thống production.
- Phối hợp với team backend/frontend để đảm bảo data layer ổn định.
- Xây dựng tooling, automation và quy trình backup/recovery.
- Tham gia on-call rotation, xử lý sự cố liên quan đến database.
- Viết tài liệu kỹ thuật, mentor thành viên mới trong team.
- Nghiên cứu và đánh giá công nghệ mới phục vụ nhu cầu kinh doanh.
- Đảm bảo tuân thủ security, data governance và privacy regulations.","Flexible working hours, WFH 3 days/week, Annual trip",FinCore Tech,Information Technology,Hybrid,Middle,Remote,Trường Thành,Thành phố Cần Thơ,2000,2900,58,760
Lập trình viên Database (Junior),"VietConnect Telecom đang tìm kiếm một Lập trình viên Database (Junior) để gia nhập đội ngũ kỹ thuật tại Cần Thơ. Bạn sẽ làm việc với MongoDB và các công nghệ liên quan để xây dựng, vận hành và tối ưu các hệ thống dữ liệu phục vụ hàng triệu người dùng tại Việt Nam.","- 1-2 năm kinh nghiệm với SQL và ít nhất một RDBMS (MySQL/PostgreSQL/Oracle).
- Hiểu biết về indexing, query optimization và transaction isolation.
- Quen thuộc với Git và quy trình phát triển phần mềm.
- Khả năng đọc hiểu tài liệu tiếng Anh.","- Thiết kế, phát triển và vận hành các giải pháp dữ liệu sử dụng MongoDB.
- Tối ưu hiệu năng truy vấn, indexing và partitioning cho hệ thống production.
- Phối hợp với team backend/frontend để đảm bảo data layer ổn định.
- Xây dựng tooling, automation và quy trình backup/recovery.
- Tham gia on-call rotation, xử lý sự cố liên quan đến database.
- Viết tài liệu kỹ thuật, mentor thành viên mới trong team.
- Nghiên cứu và đánh giá công nghệ mới phục vụ nhu cầu kinh doanh.
- Đảm bảo tuân thủ security, data governance và privacy regulations.","13th month salary, Health insurance, Annual leave 12+ days",VietConnect Telecom,Information Technology,Contract,Junior,Onsite,Trường Xuân,Thành phố Cần Thơ,1200,1500,48,956
Manager - Database Operations - Hybrid,"ChainWorks is looking for a Manager - Database Operations - Hybrid based in Cần Thơ to strengthen our data platform. You will work on Big Data, focusing on Spark, Hadoop, Kafka, Airflow, data lake architectures for production-grade systems.","- 12+ năm kinh nghiệm CNTT, trong đó 5+ năm quản lý team data/database.
- Kinh nghiệm xây dựng và vận hành data platform ở quy mô enterprise.
- Kỹ năng quản lý stakeholder, ngân sách và lộ trình kỹ thuật.
- Tư duy chiến lược về data governance, security và compliance.","- Thiết kế, phát triển và vận hành các giải pháp dữ liệu sử dụng Big Data.
- Tối ưu hiệu năng truy vấn, indexing và partitioning cho hệ thống production.
- Phối hợp với team backend/frontend để đảm bảo data layer ổn định.
- Xây dựng tooling, automation và quy trình backup/recovery.
- Tham gia on-call rotation, xử lý sự cố liên quan đến database.
- Viết tài liệu kỹ thuật, mentor thành viên mới trong team.
- Nghiên cứu và đánh giá công nghệ mới phục vụ nhu cầu kinh doanh.
- Đảm bảo tuân thủ security, data governance và privacy regulations.","Flexible working hours, WFH 3 days/week, Annual trip",ChainWorks,Information Technology,Full-time,Manager,Onsite,Trường Xuân,Thành phố Cần Thơ,4400,6100,41,811
Middle Data Engineer,"We are hiring a Middle Data Engineer to join our database engineering team in Cần Thơ. You will design, build, and operate scalable data platforms using Database DevOps. Our systems process billions of records and power core business operations.","- 3-4 năm kinh nghiệm làm việc thực tế với cơ sở dữ liệu quan hệ hoặc NoSQL.
- Thành thạo Flyway/Liquibase, CI/CD, containerized DBs, monitoring.
- Có kinh nghiệm thiết kế schema, partitioning, replication.
- Kinh nghiệm monitoring và troubleshooting production databases.
- Khả năng làm việc độc lập và mentor junior members.","- Thiết kế, phát triển và vận hành các giải pháp dữ liệu sử dụng Database DevOps.
- Tối ưu hiệu năng truy vấn, indexing và partitioning cho hệ thống production.
- Phối hợp với team backend/frontend để đảm bảo data layer ổn định.
- Xây dựng tooling, automation và quy trình backup/recovery.
- Tham gia on-call rotation, xử lý sự cố liên quan đến database.
- Viết tài liệu kỹ thuật, mentor thành viên mới trong team.
- Nghiên cứu và đánh giá công nghệ mới phục vụ nhu cầu kinh doanh.
- Đảm bảo tuân thủ security, data governance và privacy regulations.","Hybrid working, 14 days annual leave, Free snacks & coffee",NextGen Software,Information Technology,Full-time,Middle,Remote,Trường Xuân,Thành phố Cần Thơ,1800,2700,51,89
Fresher Backend Developer (Database),"We are hiring a Fresher Backend Developer (Database) to join our database engineering team in Cần Thơ. You will design, build, and operate scalable data platforms using Data Warehouse. Our systems process billions of records and power core business operations.","- Tốt nghiệp Đại học chuyên ngành CNTT hoặc tương đương.
- Hiểu biết cơ bản về SQL và một hệ quản trị cơ sở dữ liệu quan hệ.
- Tiếng Anh đọc hiểu tài liệu kỹ thuật.
- Tinh thần ham học hỏi, có khả năng làm việc nhóm.","- Thiết kế, phát triển và vận hành các giải pháp dữ liệu sử dụng Data Warehouse.
- Tối ưu hiệu năng truy vấn, indexing và partitioning cho hệ thống production.
- Phối hợp với team backend/frontend để đảm bảo data layer ổn định.
- Xây dựng tooling, automation và quy trình backup/recovery.
- Tham gia on-call rotation, xử lý sự cố liên quan đến database.
- Viết tài liệu kỹ thuật, mentor thành viên mới trong team.
- Nghiên cứu và đánh giá công nghệ mới phục vụ nhu cầu kinh doanh.
- Đảm bảo tuân thủ security, data governance và privacy regulations.","Remote-friendly, Flexible hours, Meal allowance 1.5M VND",ShopSphere,Information Technology,Hybrid,Fresher,Onsite,Hiệp Hưng,Thành phố Cần Thơ,500,1000,35,1398
Senior SQL Developer,"EduSmart is looking for a Senior SQL Developer based in Cần Thơ to strengthen our data platform. You will work on Database DevOps, focusing on Flyway/Liquibase, CI/CD, containerized DBs, monitoring for production-grade systems.","- 5+ năm kinh nghiệm database engineering với Database DevOps.
- Chuyên sâu về Flyway/Liquibase, CI/CD, containerized DBs, monitoring.
- Kinh nghiệm thiết kế hệ thống high-availability và disaster recovery.
- Khả năng review code, đào tạo và dẫn dắt kỹ thuật cho team.
- Tiếng Anh giao tiếp tốt là một lợi thế.","- Thiết kế, phát triển và vận hành các giải pháp dữ liệu sử dụng Database DevOps.
- Tối ưu hiệu năng truy vấn, indexing và partitioning cho hệ thống production.
- Phối hợp với team backend/frontend để đảm bảo data layer ổn định.
- Xây dựng tooling, automation và quy trình backup/recovery.
- Tham gia on-call rotation, xử lý sự cố liên quan đến database.
- Viết tài liệu kỹ thuật, mentor thành viên mới trong team.
- Nghiên cứu và đánh giá công nghệ mới phục vụ nhu cầu kinh doanh.
- Đảm bảo tuân thủ security, data governance và privacy regulations.","Performance bonus up to 3 months, Stock options, Premium healthcare",EduSmart,Information Technology,Full-time,Senior,Onsite,Tân Bình,Thành phố Cần Thơ,3000,4100,8,311
Principal Database Engineer,"Join ChainWorks as a Principal Database Engineer working on SQL Server-based platforms. You will collaborate with backend, data and DevOps teams to deliver high-performance data infrastructure serving customers across Vietnam and SEA.","- 10+ năm kinh nghiệm database/data engineering ở các hệ thống production quy mô lớn.
- Tầm nhìn kiến trúc và khả năng đưa ra quyết định công nghệ dài hạn.
- Kinh nghiệm làm việc với cloud data platforms (AWS/Azure/GCP).
- Đã từng thiết kế hệ thống phục vụ hàng trăm triệu records.","- Thiết kế, phát triển và vận hành các giải pháp dữ liệu sử dụng SQL Server.
- Tối ưu hiệu năng truy vấn, indexing và partitioning cho hệ thống production.
- Phối hợp với team backend/frontend để đảm bảo data layer ổn định.
- Xây dựng tooling, automation và quy trình backup/recovery.
- Tham gia on-call rotation, xử lý sự cố liên quan đến database.
- Viết tài liệu kỹ thuật, mentor thành viên mới trong team.
- Nghiên cứu và đánh giá công nghệ mới phục vụ nhu cầu kinh doanh.
- Đảm bảo tuân thủ security, data governance và privacy regulations.","Performance bonus up to 3 months, Stock options, Premium healthcare",ChainWorks,Information Technology,Full-time,Principal,Remote,Thạnh Hòa,Thành phố Cần Thơ,4900,6600,50,1456
Junior MySQL Developer,"VietConnect Telecom is looking for a Junior MySQL Developer based in Cần Thơ to strengthen our data platform. You will work on MySQL, focusing on schema design, performance tuning, backup/recovery, replication for production-grade systems.","- 1-2 năm kinh nghiệm với SQL và ít nhất một RDBMS (MySQL/PostgreSQL/Oracle).
- Hiểu biết về indexing, query optimization và transaction isolation.
- Quen thuộc với Git và quy trình phát triển phần mềm.
- Khả năng đọc hiểu tài liệu tiếng Anh.","- Thiết kế, phát triển và vận hành các giải pháp dữ liệu sử dụng MySQL.
- Tối ưu hiệu năng truy vấn, indexing và partitioning cho hệ thống production.
- Phối hợp với team backend/frontend để đảm bảo data layer ổn định.
- Xây dựng tooling, automation và quy trình backup/recovery.
- Tham gia on-call rotation, xử lý sự cố liên quan đến database.
- Viết tài liệu kỹ thuật, mentor thành viên mới trong team.
- Nghiên cứu và đánh giá công nghệ mới phục vụ nhu cầu kinh doanh.
- Đảm bảo tuân thủ security, data governance và privacy regulations.","Competitive salary, Project bonus, Long-service award",VietConnect Telecom,Information Technology,Full-time,Junior,Remote,Thạnh Hòa,Thành phố Cần Thơ,1200,1400,39,94
Database Developer (Middle),"Join MediTech Global as a Database Developer (Middle) working on Cloud Database-based platforms. You will collaborate with backend, data and DevOps teams to deliver high-performance data infrastructure serving customers across Vietnam and SEA.","- 3-4 năm kinh nghiệm làm việc thực tế với cơ sở dữ liệu quan hệ hoặc NoSQL.
- Thành thạo AWS RDS/Aurora, Azure SQL, GCP Cloud SQL, IaC.
- Có kinh nghiệm thiết kế schema, partitioning, replication.
- Kinh nghiệm monitoring và troubleshooting production databases.
- Khả năng làm việc độc lập và mentor junior members.","- Thiết kế, phát triển và vận hành các giải pháp dữ liệu sử dụng Cloud Database.
- Tối ưu hiệu năng truy vấn, indexing và partitioning cho hệ thống production.
- Phối hợp với team backend/frontend để đảm bảo data layer ổn định.
- Xây dựng tooling, automation và quy trình backup/recovery.
- Tham gia on-call rotation, xử lý sự cố liên quan đến database.
- Viết tài liệu kỹ thuật, mentor thành viên mới trong team.
- Nghiên cứu và đánh giá công nghệ mới phục vụ nhu cầu kinh doanh.
- Đảm bảo tuân thủ security, data governance và privacy regulations.","Health insurance for family, Annual health check, Team building budget",MediTech Global,Information Technology,Full-time,Middle,Onsite,Vị Thủy,Thành phố Cần Thơ,1500,2200,47,1056
Senior SQL Developer,"Join MediTech Global as a Senior SQL Developer working on Redis-based platforms. You will collaborate with backend, data and DevOps teams to deliver high-performance data infrastructure serving customers across Vietnam and SEA.","- 5+ năm kinh nghiệm database engineering với Redis.
- Chuyên sâu về cluster, persistence, pub/sub, caching strategies.
- Kinh nghiệm thiết kế hệ thống high-availability và disaster recovery.
- Khả năng review code, đào tạo và dẫn dắt kỹ thuật cho team.
- Tiếng Anh giao tiếp tốt là một lợi thế.","- Thiết kế, phát triển và vận hành các giải pháp dữ liệu sử dụng Redis.
- Tối ưu hiệu năng truy vấn, indexing và partitioning cho hệ thống production.
- Phối hợp với team backend/frontend để đảm bảo data layer ổn định.
- Xây dựng tooling, automation và quy trình backup/recovery.
- Tham gia on-call rotation, xử lý sự cố liên quan đến database.
- Viết tài liệu kỹ thuật, mentor thành viên mới trong team.
- Nghiên cứu và đánh giá công nghệ mới phục vụ nhu cầu kinh doanh.
- Đảm bảo tuân thủ security, data governance và privacy regulations.","Performance bonus up to 3 months, Stock options, Premium healthcare",MediTech Global,Information Technology,Part-time,Senior,Remote,Vị Thủy,Thành phố Cần Thơ,2900,4400,33,383
Database Administrator (Fresher),"Join MediTech Global as a Database Administrator (Fresher) working on PostgreSQL-based platforms. You will collaborate with backend, data and DevOps teams to deliver high-performance data infrastructure serving customers across Vietnam and SEA.","- Tốt nghiệp Đại học chuyên ngành CNTT hoặc tương đương.
- Hiểu biết cơ bản về SQL và một hệ quản trị cơ sở dữ liệu quan hệ.
- Tiếng Anh đọc hiểu tài liệu kỹ thuật.
- Tinh thần ham học hỏi, có khả năng làm việc nhóm.","- Thiết kế, phát triển và vận hành các giải pháp dữ liệu sử dụng PostgreSQL.
- Tối ưu hiệu năng truy vấn, indexing và partitioning cho hệ thống production.
- Phối hợp với team backend/frontend để đảm bảo data layer ổn định.
- Xây dựng tooling, automation và quy trình backup/recovery.
- Tham gia on-call rotation, xử lý sự cố liên quan đến database.
- Viết tài liệu kỹ thuật, mentor thành viên mới trong team.
- Nghiên cứu và đánh giá công nghệ mới phục vụ nhu cầu kinh doanh.
- Đảm bảo tuân thủ security, data governance và privacy regulations.","Flexible working hours, WFH 3 days/week, Annual trip",MediTech Global,Information Technology,Full-time,Fresher,Onsite,Vĩnh Tường,Thành phố Cần Thơ,500,800,31,1170
Head of Database,"CodeBridge Solutions is looking for a Head of Database based in Cần Thơ to strengthen our data platform. You will work on Cloud Database, focusing on AWS RDS/Aurora, Azure SQL, GCP Cloud SQL, IaC for production-grade systems.","- 15+ năm kinh nghiệm, trong đó 7+ năm ở vị trí director/head.
- Định hướng chiến lược dữ liệu cho toàn bộ tổ chức.
- Kinh nghiệm làm việc với C-level, xây dựng data-driven culture.
- Hiểu biết sâu về data mesh, data fabric và modern data stack.","- Thiết kế, phát triển và vận hành các giải pháp dữ liệu sử dụng Cloud Database.
- Tối ưu hiệu năng truy vấn, indexing và partitioning cho hệ thống production.
- Phối hợp với team backend/frontend để đảm bảo data layer ổn định.
- Xây dựng tooling, automation và quy trình backup/recovery.
- Tham gia on-call rotation, xử lý sự cố liên quan đến database.
- Viết tài liệu kỹ thuật, mentor thành viên mới trong team.
- Nghiên cứu và đánh giá công nghệ mới phục vụ nhu cầu kinh doanh.
- Đảm bảo tuân thủ security, data governance và privacy regulations.","Flexible working hours, WFH 3 days/week, Annual trip",CodeBridge Solutions,Information Technology,Full-time,Director,Onsite,Vĩnh Tường,Thành phố Cần Thơ,6900,8600,58,1377
Lập trình viên Database (Junior),"MediTech Global is looking for a Lập trình viên Database (Junior) based in Cần Thơ to strengthen our data platform. You will work on Database DevOps, focusing on Flyway/Liquibase, CI/CD, containerized DBs, monitoring for production-grade systems.","- 1-2 năm kinh nghiệm với SQL và ít nhất một RDBMS (MySQL/PostgreSQL/Oracle).
- Hiểu biết về indexing, query optimization và transaction isolation.
- Quen thuộc với Git và quy trình phát triển phần mềm.
- Khả năng đọc hiểu tài liệu tiếng Anh.","- Thiết kế, phát triển và vận hành các giải pháp dữ liệu sử dụng Database DevOps.
- Tối ưu hiệu năng truy vấn, indexing và partitioning cho hệ thống production.
- Phối hợp với team backend/frontend để đảm bảo data layer ổn định.
- Xây dựng tooling, automation và quy trình backup/recovery.
- Tham gia on-call rotation, xử lý sự cố liên quan đến database.
- Viết tài liệu kỹ thuật, mentor thành viên mới trong team.
- Nghiên cứu và đánh giá công nghệ mới phục vụ nhu cầu kinh doanh.
- Đảm bảo tuân thủ security, data governance và privacy regulations.","Hybrid working, 14 days annual leave, Free snacks & coffee",MediTech Global,Information Technology,Full-time,Junior,Onsite,Vĩnh Viễn,Thành phố Cần Thơ,800,1500,31,400
Lead Database Engineer (Vietnam),"VietConnect Telecom is looking for a Lead Database Engineer (Vietnam) based in Cần Thơ to strengthen our data platform. You will work on MongoDB, focusing on sharding, replica sets, aggregation framework, schema design for production-grade systems.","- 7+ năm kinh nghiệm, trong đó có ít nhất 2 năm ở vị trí lead.
- Chuyên sâu MongoDB và hệ sinh thái xung quanh.
- Kinh nghiệm thiết kế kiến trúc dữ liệu cho hệ thống scale lớn.
- Khả năng lãnh đạo team 4-6 người, làm việc với stakeholders.","- Thiết kế, phát triển và vận hành các giải pháp dữ liệu sử dụng MongoDB.
- Tối ưu hiệu năng truy vấn, indexing và partitioning cho hệ thống production.
- Phối hợp với team backend/frontend để đảm bảo data layer ổn định.
- Xây dựng tooling, automation và quy trình backup/recovery.
- Tham gia on-call rotation, xử lý sự cố liên quan đến database.
- Viết tài liệu kỹ thuật, mentor thành viên mới trong team.
- Nghiên cứu và đánh giá công nghệ mới phục vụ nhu cầu kinh doanh.
- Đảm bảo tuân thủ security, data governance và privacy regulations.","Laptop & gear provided, Training budget 5M/year, Conference sponsorship",VietConnect Telecom,Information Technology,Full-time,Lead,Remote,Kế Sách,Thành phố Cần Thơ,3800,5200,57,549
Lead Database Engineer,"ChainWorks mở rộng team database và cần một Lead Database Engineer giàu kinh nghiệm về MongoDB. Bạn sẽ đóng vai trò chủ chốt trong việc thiết kế schema, tối ưu truy vấn và đảm bảo độ tin cậy của các hệ thống dữ liệu quan trọng.","- 7+ năm kinh nghiệm, trong đó có ít nhất 2 năm ở vị trí lead.
- Chuyên sâu MongoDB và hệ sinh thái xung quanh.
- Kinh nghiệm thiết kế kiến trúc dữ liệu cho hệ thống scale lớn.
- Khả năng lãnh đạo team 4-6 người, làm việc với stakeholders.","- Thiết kế, phát triển và vận hành các giải pháp dữ liệu sử dụng MongoDB.
- Tối ưu hiệu năng truy vấn, indexing và partitioning cho hệ thống production.
- Phối hợp với team backend/frontend để đảm bảo data layer ổn định.
- Xây dựng tooling, automation và quy trình backup/recovery.
- Tham gia on-call rotation, xử lý sự cố liên quan đến database.
- Viết tài liệu kỹ thuật, mentor thành viên mới trong team.
- Nghiên cứu và đánh giá công nghệ mới phục vụ nhu cầu kinh doanh.
- Đảm bảo tuân thủ security, data governance và privacy regulations.","Competitive salary, Project bonus, Long-service award",ChainWorks,Information Technology,Full-time,Lead,Onsite,An Lạc Thôn,Thành phố Cần Thơ,3700,5400,59,1076
Senior Database Administrator,"FinCore Tech is looking for a Senior Database Administrator based in Cần Thơ to strengthen our data platform. You will work on MySQL, focusing on schema design, performance tuning, backup/recovery, replication for production-grade systems.","- 5+ năm kinh nghiệm database engineering với MySQL.
- Chuyên sâu về schema design, performance tuning, backup/recovery, replication.
- Kinh nghiệm thiết kế hệ thống high-availability và disaster recovery.
- Khả năng review code, đào tạo và dẫn dắt kỹ thuật cho team.
- Tiếng Anh giao tiếp tốt là một lợi thế.","- Thiết kế, phát triển và vận hành các giải pháp dữ liệu sử dụng MySQL.
- Tối ưu hiệu năng truy vấn, indexing và partitioning cho hệ thống production.
- Phối hợp với team backend/frontend để đảm bảo data layer ổn định.
- Xây dựng tooling, automation và quy trình backup/recovery.
- Tham gia on-call rotation, xử lý sự cố liên quan đến database.
- Viết tài liệu kỹ thuật, mentor thành viên mới trong team.
- Nghiên cứu và đánh giá công nghệ mới phục vụ nhu cầu kinh doanh.
- Đảm bảo tuân thủ security, data governance và privacy regulations.","13th month salary, Health insurance, Annual leave 12+ days",FinCore Tech,Information Technology,Full-time,Senior,Remote,An Lạc Thôn,Thành phố Cần Thơ,2800,4500,47,569
Middle Data Engineer,"NextGen Software mở rộng team database và cần một Middle Data Engineer giàu kinh nghiệm về Data Warehouse. Bạn sẽ đóng vai trò chủ chốt trong việc thiết kế schema, tối ưu truy vấn và đảm bảo độ tin cậy của các hệ thống dữ liệu quan trọng.","- 3-4 năm kinh nghiệm làm việc thực tế với cơ sở dữ liệu quan hệ hoặc NoSQL.
- Thành thạo dimensional modeling, ETL/ELT, dbt, Snowflake/BigQuery.
- Có kinh nghiệm thiết kế schema, partitioning, replication.
- Kinh nghiệm monitoring và troubleshooting production databases.
- Khả năng làm việc độc lập và mentor junior members.","- Thiết kế, phát triển và vận hành các giải pháp dữ liệu sử dụng Data Warehouse.
- Tối ưu hiệu năng truy vấn, indexing và partitioning cho hệ thống production.
- Phối hợp với team backend/frontend để đảm bảo data layer ổn định.
- Xây dựng tooling, automation và quy trình backup/recovery.
- Tham gia on-call rotation, xử lý sự cố liên quan đến database.
- Viết tài liệu kỹ thuật, mentor thành viên mới trong team.
- Nghiên cứu và đánh giá công nghệ mới phục vụ nhu cầu kinh doanh.
- Đảm bảo tuân thủ security, data governance và privacy regulations.","Performance bonus up to 3 months, Stock options, Premium healthcare",NextGen Software,Information Technology,Full-time,Middle,Onsite,Phong Nẫm,Thành phố Cần Thơ,1700,2200,73,488
Senior ETL Developer,"CodeBridge Solutions đang tìm kiếm một Senior ETL Developer để gia nhập đội ngũ kỹ thuật tại Cần Thơ. Bạn sẽ làm việc với PostgreSQL và các công nghệ liên quan để xây dựng, vận hành và tối ưu các hệ thống dữ liệu phục vụ hàng triệu người dùng tại Việt Nam.","- 5+ năm kinh nghiệm database engineering với PostgreSQL.
- Chuyên sâu về advanced SQL, indexing, query optimization, replication, partitioning.
- Kinh nghiệm thiết kế hệ thống high-availability và disaster recovery.
- Khả năng review code, đào tạo và dẫn dắt kỹ thuật cho team.
- Tiếng Anh giao tiếp tốt là một lợi thế.","- Thiết kế, phát triển và vận hành các giải pháp dữ liệu sử dụng PostgreSQL.
- Tối ưu hiệu năng truy vấn, indexing và partitioning cho hệ thống production.
- Phối hợp với team backend/frontend để đảm bảo data layer ổn định.
- Xây dựng tooling, automation và quy trình backup/recovery.
- Tham gia on-call rotation, xử lý sự cố liên quan đến database.
- Viết tài liệu kỹ thuật, mentor thành viên mới trong team.
- Nghiên cứu và đánh giá công nghệ mới phục vụ nhu cầu kinh doanh.
- Đảm bảo tuân thủ security, data governance và privacy regulations.","Performance review 2x/year, Clear career path, International projects",CodeBridge Solutions,Information Technology,Contract,Senior,Onsite,Đại Hải,Thành phố Cần Thơ,3100,4000,38,1220
Junior MySQL Developer,"We are hiring a Junior MySQL Developer to join our database engineering team in Cần Thơ. You will design, build, and operate scalable data platforms using Database DevOps. Our systems process billions of records and power core business operations.","- 1-2 năm kinh nghiệm với SQL và ít nhất một RDBMS (MySQL/PostgreSQL/Oracle).
- Hiểu biết về indexing, query optimization và transaction isolation.
- Quen thuộc với Git và quy trình phát triển phần mềm.
- Khả năng đọc hiểu tài liệu tiếng Anh.","- Thiết kế, phát triển và vận hành các giải pháp dữ liệu sử dụng Database DevOps.
- Tối ưu hiệu năng truy vấn, indexing và partitioning cho hệ thống production.
- Phối hợp với team backend/frontend để đảm bảo data layer ổn định.
- Xây dựng tooling, automation và quy trình backup/recovery.
- Tham gia on-call rotation, xử lý sự cố liên quan đến database.
- Viết tài liệu kỹ thuật, mentor thành viên mới trong team.
- Nghiên cứu và đánh giá công nghệ mới phục vụ nhu cầu kinh doanh.
- Đảm bảo tuân thủ security, data governance và privacy regulations.","Competitive salary, Project bonus, Long-service award",FinCore Tech,Information Technology,Internship,Junior,Onsite,Đại Hải,Thành phố Cần Thơ,1200,1800,42,1216
Senior Database Migration Specialist,"FinCore Tech is looking for a Senior Database Migration Specialist based in Cần Thơ to strengthen our data platform. You will work on Oracle, focusing on PL/SQL, RAC, Data Guard, performance tuning, RMAN for production-grade systems.","- 5+ năm kinh nghiệm database engineering với Oracle.
- Chuyên sâu về PL/SQL, RAC, Data Guard, performance tuning, RMAN.
- Kinh nghiệm thiết kế hệ thống high-availability và disaster recovery.
- Khả năng review code, đào tạo và dẫn dắt kỹ thuật cho team.
- Tiếng Anh giao tiếp tốt là một lợi thế.","- Thiết kế, phát triển và vận hành các giải pháp dữ liệu sử dụng Oracle.
- Tối ưu hiệu năng truy vấn, indexing và partitioning cho hệ thống production.
- Phối hợp với team backend/frontend để đảm bảo data layer ổn định.
- Xây dựng tooling, automation và quy trình backup/recovery.
- Tham gia on-call rotation, xử lý sự cố liên quan đến database.
- Viết tài liệu kỹ thuật, mentor thành viên mới trong team.
- Nghiên cứu và đánh giá công nghệ mới phục vụ nhu cầu kinh doanh.
- Đảm bảo tuân thủ security, data governance và privacy regulations.","Hybrid working, 14 days annual leave, Free snacks & coffee",FinCore Tech,Information Technology,Contract,Senior,Onsite,Mỹ Tú,Thành phố Cần Thơ,2600,4200,10,143
Middle NoSQL Engineer (Vietnam),"Join ChainWorks as a Middle NoSQL Engineer (Vietnam) working on SQL Server-based platforms. You will collaborate with backend, data and DevOps teams to deliver high-performance data infrastructure serving customers across Vietnam and SEA.","- 3-4 năm kinh nghiệm làm việc thực tế với cơ sở dữ liệu quan hệ hoặc NoSQL.
- Thành thạo T-SQL, stored procedures, Always On, SSIS/SSRS.
- Có kinh nghiệm thiết kế schema, partitioning, replication.
- Kinh nghiệm monitoring và troubleshooting production databases.
- Khả năng làm việc độc lập và mentor junior members.","- Thiết kế, phát triển và vận hành các giải pháp dữ liệu sử dụng SQL Server.
- Tối ưu hiệu năng truy vấn, indexing và partitioning cho hệ thống production.
- Phối hợp với team backend/frontend để đảm bảo data layer ổn định.
- Xây dựng tooling, automation và quy trình backup/recovery.
- Tham gia on-call rotation, xử lý sự cố liên quan đến database.
- Viết tài liệu kỹ thuật, mentor thành viên mới trong team.
- Nghiên cứu và đánh giá công nghệ mới phục vụ nhu cầu kinh doanh.
- Đảm bảo tuân thủ security, data governance và privacy regulations.","Hybrid working, 14 days annual leave, Free snacks & coffee",ChainWorks,Information Technology,Remote,Middle,Onsite,Phú Tâm,Thành phố Cần Thơ,2000,2800,53,479
Middle SQL Developer,"CodeBridge Solutions đang tìm kiếm một Middle SQL Developer để gia nhập đội ngũ kỹ thuật tại Cần Thơ. Bạn sẽ làm việc với MongoDB và các công nghệ liên quan để xây dựng, vận hành và tối ưu các hệ thống dữ liệu phục vụ hàng triệu người dùng tại Việt Nam.","- 3-4 năm kinh nghiệm làm việc thực tế với cơ sở dữ liệu quan hệ hoặc NoSQL.
- Thành thạo sharding, replica sets, aggregation framework, schema design.
- Có kinh nghiệm thiết kế schema, partitioning, replication.
- Kinh nghiệm monitoring và troubleshooting production databases.
- Khả năng làm việc độc lập và mentor junior members.","- Thiết kế, phát triển và vận hành các giải pháp dữ liệu sử dụng MongoDB.
- Tối ưu hiệu năng truy vấn, indexing và partitioning cho hệ thống production.
- Phối hợp với team backend/frontend để đảm bảo data layer ổn định.
- Xây dựng tooling, automation và quy trình backup/recovery.
- Tham gia on-call rotation, xử lý sự cố liên quan đến database.
- Viết tài liệu kỹ thuật, mentor thành viên mới trong team.
- Nghiên cứu và đánh giá công nghệ mới phục vụ nhu cầu kinh doanh.
- Đảm bảo tuân thủ security, data governance và privacy regulations.","Health insurance for family, Annual health check, Team building budget",CodeBridge Solutions,Information Technology,Hybrid,Middle,Remote,Phú Tâm,Thành phố Cần Thơ,1600,2200,65,845
Middle SQL Developer (Vietnam),"Join FinCore Tech as a Middle SQL Developer (Vietnam) working on Database DevOps-based platforms. You will collaborate with backend, data and DevOps teams to deliver high-performance data infrastructure serving customers across Vietnam and SEA.","- 3-4 năm kinh nghiệm làm việc thực tế với cơ sở dữ liệu quan hệ hoặc NoSQL.
- Thành thạo Flyway/Liquibase, CI/CD, containerized DBs, monitoring.
- Có kinh nghiệm thiết kế schema, partitioning, replication.
- Kinh nghiệm monitoring và troubleshooting production databases.
- Khả năng làm việc độc lập và mentor junior members.","- Thiết kế, phát triển và vận hành các giải pháp dữ liệu sử dụng Database DevOps.
- Tối ưu hiệu năng truy vấn, indexing và partitioning cho hệ thống production.
- Phối hợp với team backend/frontend để đảm bảo data layer ổn định.
- Xây dựng tooling, automation và quy trình backup/recovery.
- Tham gia on-call rotation, xử lý sự cố liên quan đến database.
- Viết tài liệu kỹ thuật, mentor thành viên mới trong team.
- Nghiên cứu và đánh giá công nghệ mới phục vụ nhu cầu kinh doanh.
- Đảm bảo tuân thủ security, data governance và privacy regulations.","Premium health insurance, English class, Book allowance",FinCore Tech,Information Technology,Full-time,Middle,Onsite,Thuận Hòa,Thành phố Cần Thơ,1600,2400,53,458
Manager - Database Operations - Hybrid,"VietConnect Telecom is looking for a Manager - Database Operations - Hybrid based in Cần Thơ to strengthen our data platform. You will work on Database DevOps, focusing on Flyway/Liquibase, CI/CD, containerized DBs, monitoring for production-grade systems.","- 12+ năm kinh nghiệm CNTT, trong đó 5+ năm quản lý team data/database.
- Kinh nghiệm xây dựng và vận hành data platform ở quy mô enterprise.
- Kỹ năng quản lý stakeholder, ngân sách và lộ trình kỹ thuật.
- Tư duy chiến lược về data governance, security và compliance.","- Thiết kế, phát triển và vận hành các giải pháp dữ liệu sử dụng Database DevOps.
- Tối ưu hiệu năng truy vấn, indexing và partitioning cho hệ thống production.
- Phối hợp với team backend/frontend để đảm bảo data layer ổn định.
- Xây dựng tooling, automation và quy trình backup/recovery.
- Tham gia on-call rotation, xử lý sự cố liên quan đến database.
- Viết tài liệu kỹ thuật, mentor thành viên mới trong team.
- Nghiên cứu và đánh giá công nghệ mới phục vụ nhu cầu kinh doanh.
- Đảm bảo tuân thủ security, data governance và privacy regulations.","Performance bonus up to 3 months, Stock options, Premium healthcare",VietConnect Telecom,Information Technology,Full-time,Manager,Remote,Mỹ Hương,Thành phố Cần Thơ,4000,6400,6,358
Middle Database Administrator,"We are hiring a Middle Database Administrator to join our database engineering team in Cần Thơ. You will design, build, and operate scalable data platforms using MySQL. Our systems process billions of records and power core business operations.","- 3-4 năm kinh nghiệm làm việc thực tế với cơ sở dữ liệu quan hệ hoặc NoSQL.
- Thành thạo schema design, performance tuning, backup/recovery, replication.
- Có kinh nghiệm thiết kế schema, partitioning, replication.
- Kinh nghiệm monitoring và troubleshooting production databases.
- Khả năng làm việc độc lập và mentor junior members.","- Thiết kế, phát triển và vận hành các giải pháp dữ liệu sử dụng MySQL.
- Tối ưu hiệu năng truy vấn, indexing và partitioning cho hệ thống production.
- Phối hợp với team backend/frontend để đảm bảo data layer ổn định.
- Xây dựng tooling, automation và quy trình backup/recovery.
- Tham gia on-call rotation, xử lý sự cố liên quan đến database.
- Viết tài liệu kỹ thuật, mentor thành viên mới trong team.
- Nghiên cứu và đánh giá công nghệ mới phục vụ nhu cầu kinh doanh.
- Đảm bảo tuân thủ security, data governance và privacy regulations.","Flexible working hours, WFH 3 days/week, Annual trip",FinCore Tech,Information Technology,Full-time,Middle,Onsite,Mỹ Phước,Thành phố Cần Thơ,1600,2800,28,1452
Senior ETL Developer - Hybrid,"CodeBridge Solutions mở rộng team database và cần một Senior ETL Developer - Hybrid giàu kinh nghiệm về MySQL. Bạn sẽ đóng vai trò chủ chốt trong việc thiết kế schema, tối ưu truy vấn và đảm bảo độ tin cậy của các hệ thống dữ liệu quan trọng.","- 5+ năm kinh nghiệm database engineering với MySQL.
- Chuyên sâu về schema design, performance tuning, backup/recovery, replication.
- Kinh nghiệm thiết kế hệ thống high-availability và disaster recovery.
- Khả năng review code, đào tạo và dẫn dắt kỹ thuật cho team.
- Tiếng Anh giao tiếp tốt là một lợi thế.","- Thiết kế, phát triển và vận hành các giải pháp dữ liệu sử dụng MySQL.
- Tối ưu hiệu năng truy vấn, indexing và partitioning cho hệ thống production.
- Phối hợp với team backend/frontend để đảm bảo data layer ổn định.
- Xây dựng tooling, automation và quy trình backup/recovery.
- Tham gia on-call rotation, xử lý sự cố liên quan đến database.
- Viết tài liệu kỹ thuật, mentor thành viên mới trong team.
- Nghiên cứu và đánh giá công nghệ mới phục vụ nhu cầu kinh doanh.
- Đảm bảo tuân thủ security, data governance và privacy regulations.","Hybrid working, 14 days annual leave, Free snacks & coffee",CodeBridge Solutions,Information Technology,Remote,Senior,Remote,An Thạnh,Thành phố Cần Thơ,2800,4300,5,612
Principal Data Engineer (Vietnam),"VietConnect Telecom is looking for a Principal Data Engineer (Vietnam) based in Cần Thơ to strengthen our data platform. You will work on MySQL, focusing on schema design, performance tuning, backup/recovery, replication for production-grade systems.","- 10+ năm kinh nghiệm database/data engineering ở các hệ thống production quy mô lớn.
- Tầm nhìn kiến trúc và khả năng đưa ra quyết định công nghệ dài hạn.
- Kinh nghiệm làm việc với cloud data platforms (AWS/Azure/GCP).
- Đã từng thiết kế hệ thống phục vụ hàng trăm triệu records.","- Thiết kế, phát triển và vận hành các giải pháp dữ liệu sử dụng MySQL.
- Tối ưu hiệu năng truy vấn, indexing và partitioning cho hệ thống production.
- Phối hợp với team backend/frontend để đảm bảo data layer ổn định.
- Xây dựng tooling, automation và quy trình backup/recovery.
- Tham gia on-call rotation, xử lý sự cố liên quan đến database.
- Viết tài liệu kỹ thuật, mentor thành viên mới trong team.
- Nghiên cứu và đánh giá công nghệ mới phục vụ nhu cầu kinh doanh.
- Đảm bảo tuân thủ security, data governance và privacy regulations.","Competitive salary, Project bonus, Long-service award",VietConnect Telecom,Information Technology,Remote,Principal,Remote,An Thạnh,Thành phố Cần Thơ,4600,6800,55,903
Senior Database Engineer,"ChainWorks đang tìm kiếm một Senior Database Engineer để gia nhập đội ngũ kỹ thuật tại Cần Thơ. Bạn sẽ làm việc với Redis và các công nghệ liên quan để xây dựng, vận hành và tối ưu các hệ thống dữ liệu phục vụ hàng triệu người dùng tại Việt Nam.","- 5+ năm kinh nghiệm database engineering với Redis.
- Chuyên sâu về cluster, persistence, pub/sub, caching strategies.
- Kinh nghiệm thiết kế hệ thống high-availability và disaster recovery.
- Khả năng review code, đào tạo và dẫn dắt kỹ thuật cho team.
- Tiếng Anh giao tiếp tốt là một lợi thế.","- Thiết kế, phát triển và vận hành các giải pháp dữ liệu sử dụng Redis.
- Tối ưu hiệu năng truy vấn, indexing và partitioning cho hệ thống production.
- Phối hợp với team backend/frontend để đảm bảo data layer ổn định.
- Xây dựng tooling, automation và quy trình backup/recovery.
- Tham gia on-call rotation, xử lý sự cố liên quan đến database.
- Viết tài liệu kỹ thuật, mentor thành viên mới trong team.
- Nghiên cứu và đánh giá công nghệ mới phục vụ nhu cầu kinh doanh.
- Đảm bảo tuân thủ security, data governance và privacy regulations.","Flexible working hours, WFH 3 days/week, Annual trip",ChainWorks,Information Technology,Full-time,Senior,Remote,An Thạnh,Thành phố Cần Thơ,2900,3800,35,584
Senior SQL Developer,"CodeBridge Solutions is looking for a Senior SQL Developer based in Cần Thơ to strengthen our data platform. You will work on Big Data, focusing on Spark, Hadoop, Kafka, Airflow, data lake architectures for production-grade systems.","- 5+ năm kinh nghiệm database engineering với Big Data.
- Chuyên sâu về Spark, Hadoop, Kafka, Airflow, data lake architectures.
- Kinh nghiệm thiết kế hệ thống high-availability và disaster recovery.
- Khả năng review code, đào tạo và dẫn dắt kỹ thuật cho team.
- Tiếng Anh giao tiếp tốt là một lợi thế.","- Thiết kế, phát triển và vận hành các giải pháp dữ liệu sử dụng Big Data.
- Tối ưu hiệu năng truy vấn, indexing và partitioning cho hệ thống production.
- Phối hợp với team backend/frontend để đảm bảo data layer ổn định.
- Xây dựng tooling, automation và quy trình backup/recovery.
- Tham gia on-call rotation, xử lý sự cố liên quan đến database.
- Viết tài liệu kỹ thuật, mentor thành viên mới trong team.
- Nghiên cứu và đánh giá công nghệ mới phục vụ nhu cầu kinh doanh.
- Đảm bảo tuân thủ security, data governance và privacy regulations.","13th month salary, Health insurance, Annual leave 12+ days",CodeBridge Solutions,Information Technology,Remote,Senior,Remote,Cù Lao Dung,Thành phố Cần Thơ,2800,4200,25,1395
Junior SQL Developer,"Join ChainWorks as a Junior SQL Developer working on Cloud Database-based platforms. You will collaborate with backend, data and DevOps teams to deliver high-performance data infrastructure serving customers across Vietnam and SEA.","- 1-2 năm kinh nghiệm với SQL và ít nhất một RDBMS (MySQL/PostgreSQL/Oracle).
- Hiểu biết về indexing, query optimization và transaction isolation.
- Quen thuộc với Git và quy trình phát triển phần mềm.
- Khả năng đọc hiểu tài liệu tiếng Anh.","- Thiết kế, phát triển và vận hành các giải pháp dữ liệu sử dụng Cloud Database.
- Tối ưu hiệu năng truy vấn, indexing và partitioning cho hệ thống production.
- Phối hợp với team backend/frontend để đảm bảo data layer ổn định.
- Xây dựng tooling, automation và quy trình backup/recovery.
- Tham gia on-call rotation, xử lý sự cố liên quan đến database.
- Viết tài liệu kỹ thuật, mentor thành viên mới trong team.
- Nghiên cứu và đánh giá công nghệ mới phục vụ nhu cầu kinh doanh.
- Đảm bảo tuân thủ security, data governance và privacy regulations.","Performance bonus up to 3 months, Stock options, Premium healthcare",ChainWorks,Information Technology,Full-time,Junior,Remote,Long Phú,Thành phố Cần Thơ,1200,1500,18,600
Senior Database Administrator,"We are hiring a Senior Database Administrator to join our database engineering team in Cần Thơ. You will design, build, and operate scalable data platforms using Redis. Our systems process billions of records and power core business operations.","- 5+ năm kinh nghiệm database engineering với Redis.
- Chuyên sâu về cluster, persistence, pub/sub, caching strategies.
- Kinh nghiệm thiết kế hệ thống high-availability và disaster recovery.
- Khả năng review code, đào tạo và dẫn dắt kỹ thuật cho team.
- Tiếng Anh giao tiếp tốt là một lợi thế.","- Thiết kế, phát triển và vận hành các giải pháp dữ liệu sử dụng Redis.
- Tối ưu hiệu năng truy vấn, indexing và partitioning cho hệ thống production.
- Phối hợp với team backend/frontend để đảm bảo data layer ổn định.
- Xây dựng tooling, automation và quy trình backup/recovery.
- Tham gia on-call rotation, xử lý sự cố liên quan đến database.
- Viết tài liệu kỹ thuật, mentor thành viên mới trong team.
- Nghiên cứu và đánh giá công nghệ mới phục vụ nhu cầu kinh doanh.
- Đảm bảo tuân thủ security, data governance và privacy regulations.","Remote-friendly, Flexible hours, Meal allowance 1.5M VND",ChainWorks,Information Technology,Full-time,Senior,Onsite,Long Phú,Thành phố Cần Thơ,3100,3700,57,641
Database Administrator (Fresher),"NextGen Software đang tìm kiếm một Database Administrator (Fresher) để gia nhập đội ngũ kỹ thuật tại Cần Thơ. Bạn sẽ làm việc với Redis và các công nghệ liên quan để xây dựng, vận hành và tối ưu các hệ thống dữ liệu phục vụ hàng triệu người dùng tại Việt Nam.","- Tốt nghiệp Đại học chuyên ngành CNTT hoặc tương đương.
- Hiểu biết cơ bản về SQL và một hệ quản trị cơ sở dữ liệu quan hệ.
- Tiếng Anh đọc hiểu tài liệu kỹ thuật.
- Tinh thần ham học hỏi, có khả năng làm việc nhóm.","- Thiết kế, phát triển và vận hành các giải pháp dữ liệu sử dụng Redis.
- Tối ưu hiệu năng truy vấn, indexing và partitioning cho hệ thống production.
- Phối hợp với team backend/frontend để đảm bảo data layer ổn định.
- Xây dựng tooling, automation và quy trình backup/recovery.
- Tham gia on-call rotation, xử lý sự cố liên quan đến database.
- Viết tài liệu kỹ thuật, mentor thành viên mới trong team.
- Nghiên cứu và đánh giá công nghệ mới phục vụ nhu cầu kinh doanh.
- Đảm bảo tuân thủ security, data governance và privacy regulations.","13th month salary, Health insurance, Annual leave 12+ days",NextGen Software,Information Technology,Internship,Fresher,Onsite,Đại Ngãi,Thành phố Cần Thơ,700,800,50,1424
Junior Data Engineer,"ChainWorks đang tìm kiếm một Junior Data Engineer để gia nhập đội ngũ kỹ thuật tại Cần Thơ. Bạn sẽ làm việc với Cloud Database và các công nghệ liên quan để xây dựng, vận hành và tối ưu các hệ thống dữ liệu phục vụ hàng triệu người dùng tại Việt Nam.","- 1-2 năm kinh nghiệm với SQL và ít nhất một RDBMS (MySQL/PostgreSQL/Oracle).
- Hiểu biết về indexing, query optimization và transaction isolation.
- Quen thuộc với Git và quy trình phát triển phần mềm.
- Khả năng đọc hiểu tài liệu tiếng Anh.","- Thiết kế, phát triển và vận hành các giải pháp dữ liệu sử dụng Cloud Database.
- Tối ưu hiệu năng truy vấn, indexing và partitioning cho hệ thống production.
- Phối hợp với team backend/frontend để đảm bảo data layer ổn định.
- Xây dựng tooling, automation và quy trình backup/recovery.
- Tham gia on-call rotation, xử lý sự cố liên quan đến database.
- Viết tài liệu kỹ thuật, mentor thành viên mới trong team.
- Nghiên cứu và đánh giá công nghệ mới phục vụ nhu cầu kinh doanh.
- Đảm bảo tuân thủ security, data governance và privacy regulations.","Competitive salary, Project bonus, Long-service award",ChainWorks,Information Technology,Full-time,Junior,Remote,Đại Ngãi,Thành phố Cần Thơ,1200,1500,73,929
Middle SQL Developer,"EduSmart is looking for a Middle SQL Developer based in Cần Thơ to strengthen our data platform. You will work on Data Warehouse, focusing on dimensional modeling, ETL/ELT, dbt, Snowflake/BigQuery for production-grade systems.","- 3-4 năm kinh nghiệm làm việc thực tế với cơ sở dữ liệu quan hệ hoặc NoSQL.
- Thành thạo dimensional modeling, ETL/ELT, dbt, Snowflake/BigQuery.
- Có kinh nghiệm thiết kế schema, partitioning, replication.
- Kinh nghiệm monitoring và troubleshooting production databases.
- Khả năng làm việc độc lập và mentor junior members.","- Thiết kế, phát triển và vận hành các giải pháp dữ liệu sử dụng Data Warehouse.
- Tối ưu hiệu năng truy vấn, indexing và partitioning cho hệ thống production.
- Phối hợp với team backend/frontend để đảm bảo data layer ổn định.
- Xây dựng tooling, automation và quy trình backup/recovery.
- Tham gia on-call rotation, xử lý sự cố liên quan đến database.
- Viết tài liệu kỹ thuật, mentor thành viên mới trong team.
- Nghiên cứu và đánh giá công nghệ mới phục vụ nhu cầu kinh doanh.
- Đảm bảo tuân thủ security, data governance và privacy regulations.","13th month salary, Health insurance, Annual leave 12+ days",EduSmart,Information Technology,Full-time,Middle,Remote,Đại Ngãi,Thành phố Cần Thơ,1700,2300,32,642
Data Engineering Manager - Hybrid,"We are hiring a Data Engineering Manager - Hybrid to join our database engineering team in Cần Thơ. You will design, build, and operate scalable data platforms using Big Data. Our systems process billions of records and power core business operations.","- 12+ năm kinh nghiệm CNTT, trong đó 5+ năm quản lý team data/database.
- Kinh nghiệm xây dựng và vận hành data platform ở quy mô enterprise.
- Kỹ năng quản lý stakeholder, ngân sách và lộ trình kỹ thuật.
- Tư duy chiến lược về data governance, security và compliance.","- Thiết kế, phát triển và vận hành các giải pháp dữ liệu sử dụng Big Data.
- Tối ưu hiệu năng truy vấn, indexing và partitioning cho hệ thống production.
- Phối hợp với team backend/frontend để đảm bảo data layer ổn định.
- Xây dựng tooling, automation và quy trình backup/recovery.
- Tham gia on-call rotation, xử lý sự cố liên quan đến database.
- Viết tài liệu kỹ thuật, mentor thành viên mới trong team.
- Nghiên cứu và đánh giá công nghệ mới phục vụ nhu cầu kinh doanh.
- Đảm bảo tuân thủ security, data governance và privacy regulations.","Competitive salary, Project bonus, Long-service award",EduSmart,Information Technology,Contract,Manager,Onsite,Trường Khánh,Thành phố Cần Thơ,4300,6200,77,724
Database Team Lead,"ShopSphere is looking for a Database Team Lead based in Cần Thơ to strengthen our data platform. You will work on MySQL, focusing on schema design, performance tuning, backup/recovery, replication for production-grade systems.","- 7+ năm kinh nghiệm, trong đó có ít nhất 2 năm ở vị trí lead.
- Chuyên sâu MySQL và hệ sinh thái xung quanh.
- Kinh nghiệm thiết kế kiến trúc dữ liệu cho hệ thống scale lớn.
- Khả năng lãnh đạo team 4-6 người, làm việc với stakeholders.","- Thiết kế, phát triển và vận hành các giải pháp dữ liệu sử dụng MySQL.
- Tối ưu hiệu năng truy vấn, indexing và partitioning cho hệ thống production.
- Phối hợp với team backend/frontend để đảm bảo data layer ổn định.
- Xây dựng tooling, automation và quy trình backup/recovery.
- Tham gia on-call rotation, xử lý sự cố liên quan đến database.
- Viết tài liệu kỹ thuật, mentor thành viên mới trong team.
- Nghiên cứu và đánh giá công nghệ mới phục vụ nhu cầu kinh doanh.
- Đảm bảo tuân thủ security, data governance và privacy regulations.","Competitive salary, Project bonus, Long-service award",ShopSphere,Information Technology,Full-time,Lead,Remote,Trường Khánh,Thành phố Cần Thơ,3800,5400,36,1469
Junior Database Administrator,"Join MediTech Global as a Junior Database Administrator working on Data Warehouse-based platforms. You will collaborate with backend, data and DevOps teams to deliver high-performance data infrastructure serving customers across Vietnam and SEA.","- 1-2 năm kinh nghiệm với SQL và ít nhất một RDBMS (MySQL/PostgreSQL/Oracle).
- Hiểu biết về indexing, query optimization và transaction isolation.
- Quen thuộc với Git và quy trình phát triển phần mềm.
- Khả năng đọc hiểu tài liệu tiếng Anh.","- Thiết kế, phát triển và vận hành các giải pháp dữ liệu sử dụng Data Warehouse.
- Tối ưu hiệu năng truy vấn, indexing và partitioning cho hệ thống production.
- Phối hợp với team backend/frontend để đảm bảo data layer ổn định.
- Xây dựng tooling, automation và quy trình backup/recovery.
- Tham gia on-call rotation, xử lý sự cố liên quan đến database.
- Viết tài liệu kỹ thuật, mentor thành viên mới trong team.
- Nghiên cứu và đánh giá công nghệ mới phục vụ nhu cầu kinh doanh.
- Đảm bảo tuân thủ security, data governance và privacy regulations.","Hybrid working, 14 days annual leave, Free snacks & coffee",MediTech Global,Information Technology,Full-time,Junior,Onsite,Trần Đề,Thành phố Cần Thơ,1200,1800,71,1272
Middle ETL Developer,"CodeBridge Solutions mở rộng team database và cần một Middle ETL Developer giàu kinh nghiệm về Data Warehouse. Bạn sẽ đóng vai trò chủ chốt trong việc thiết kế schema, tối ưu truy vấn và đảm bảo độ tin cậy của các hệ thống dữ liệu quan trọng.","- 3-4 năm kinh nghiệm làm việc thực tế với cơ sở dữ liệu quan hệ hoặc NoSQL.
- Thành thạo dimensional modeling, ETL/ELT, dbt, Snowflake/BigQuery.
- Có kinh nghiệm thiết kế schema, partitioning, replication.
- Kinh nghiệm monitoring và troubleshooting production databases.
- Khả năng làm việc độc lập và mentor junior members.","- Thiết kế, phát triển và vận hành các giải pháp dữ liệu sử dụng Data Warehouse.
- Tối ưu hiệu năng truy vấn, indexing và partitioning cho hệ thống production.
- Phối hợp với team backend/frontend để đảm bảo data layer ổn định.
- Xây dựng tooling, automation và quy trình backup/recovery.
- Tham gia on-call rotation, xử lý sự cố liên quan đến database.
- Viết tài liệu kỹ thuật, mentor thành viên mới trong team.
- Nghiên cứu và đánh giá công nghệ mới phục vụ nhu cầu kinh doanh.
- Đảm bảo tuân thủ security, data governance và privacy regulations.","Performance review 2x/year, Clear career path, International projects",CodeBridge Solutions,Information Technology,Contract,Middle,Remote,Trần Đề,Thành phố Cần Thơ,1700,2600,5,1065
Database Manager,"MediTech Global is looking for a Database Manager based in Cần Thơ to strengthen our data platform. You will work on MongoDB, focusing on sharding, replica sets, aggregation framework, schema design for production-grade systems.","- 12+ năm kinh nghiệm CNTT, trong đó 5+ năm quản lý team data/database.
- Kinh nghiệm xây dựng và vận hành data platform ở quy mô enterprise.
- Kỹ năng quản lý stakeholder, ngân sách và lộ trình kỹ thuật.
- Tư duy chiến lược về data governance, security và compliance.","- Thiết kế, phát triển và vận hành các giải pháp dữ liệu sử dụng MongoDB.
- Tối ưu hiệu năng truy vấn, indexing và partitioning cho hệ thống production.
- Phối hợp với team backend/frontend để đảm bảo data layer ổn định.
- Xây dựng tooling, automation và quy trình backup/recovery.
- Tham gia on-call rotation, xử lý sự cố liên quan đến database.
- Viết tài liệu kỹ thuật, mentor thành viên mới trong team.
- Nghiên cứu và đánh giá công nghệ mới phục vụ nhu cầu kinh doanh.
- Đảm bảo tuân thủ security, data governance và privacy regulations.","Hybrid working, 14 days annual leave, Free snacks & coffee",MediTech Global,Information Technology,Full-time,Manager,Onsite,Liêu Tú,Thành phố Cần Thơ,4300,6100,76,1185
Lập trình viên Database (Junior),"Join CodeBridge Solutions as a Lập trình viên Database (Junior) working on Cloud Database-based platforms. You will collaborate with backend, data and DevOps teams to deliver high-performance data infrastructure serving customers across Vietnam and SEA.","- 1-2 năm kinh nghiệm với SQL và ít nhất một RDBMS (MySQL/PostgreSQL/Oracle).
- Hiểu biết về indexing, query optimization và transaction isolation.
- Quen thuộc với Git và quy trình phát triển phần mềm.
- Khả năng đọc hiểu tài liệu tiếng Anh.","- Thiết kế, phát triển và vận hành các giải pháp dữ liệu sử dụng Cloud Database.
- Tối ưu hiệu năng truy vấn, indexing và partitioning cho hệ thống production.
- Phối hợp với team backend/frontend để đảm bảo data layer ổn định.
- Xây dựng tooling, automation và quy trình backup/recovery.
- Tham gia on-call rotation, xử lý sự cố liên quan đến database.
- Viết tài liệu kỹ thuật, mentor thành viên mới trong team.
- Nghiên cứu và đánh giá công nghệ mới phục vụ nhu cầu kinh doanh.
- Đảm bảo tuân thủ security, data governance và privacy regulations.","13th month salary, Health insurance, Annual leave 12+ days",CodeBridge Solutions,Information Technology,Full-time,Junior,Onsite,Liêu Tú,Thành phố Cần Thơ,1100,1200,76,941
Senior SQL Developer,"FinCore Tech is looking for a Senior SQL Developer based in Cần Thơ to strengthen our data platform. You will work on MongoDB, focusing on sharding, replica sets, aggregation framework, schema design for production-grade systems.","- 5+ năm kinh nghiệm database engineering với MongoDB.
- Chuyên sâu về sharding, replica sets, aggregation framework, schema design.
- Kinh nghiệm thiết kế hệ thống high-availability và disaster recovery.
- Khả năng review code, đào tạo và dẫn dắt kỹ thuật cho team.
- Tiếng Anh giao tiếp tốt là một lợi thế.","- Thiết kế, phát triển và vận hành các giải pháp dữ liệu sử dụng MongoDB.
- Tối ưu hiệu năng truy vấn, indexing và partitioning cho hệ thống production.
- Phối hợp với team backend/frontend để đảm bảo data layer ổn định.
- Xây dựng tooling, automation và quy trình backup/recovery.
- Tham gia on-call rotation, xử lý sự cố liên quan đến database.
- Viết tài liệu kỹ thuật, mentor thành viên mới trong team.
- Nghiên cứu và đánh giá công nghệ mới phục vụ nhu cầu kinh doanh.
- Đảm bảo tuân thủ security, data governance và privacy regulations.","Health insurance for family, Annual health check, Team building budget",FinCore Tech,Information Technology,Full-time,Senior,Onsite,Liêu Tú,Thành phố Cần Thơ,3100,4100,30,1464
Principal Data Engineer,"Join VietConnect Telecom as a Principal Data Engineer working on Big Data-based platforms. You will collaborate with backend, data and DevOps teams to deliver high-performance data infrastructure serving customers across Vietnam and SEA.","- 10+ năm kinh nghiệm database/data engineering ở các hệ thống production quy mô lớn.
- Tầm nhìn kiến trúc và khả năng đưa ra quyết định công nghệ dài hạn.
- Kinh nghiệm làm việc với cloud data platforms (AWS/Azure/GCP).
- Đã từng thiết kế hệ thống phục vụ hàng trăm triệu records.","- Thiết kế, phát triển và vận hành các giải pháp dữ liệu sử dụng Big Data.
- Tối ưu hiệu năng truy vấn, indexing và partitioning cho hệ thống production.
- Phối hợp với team backend/frontend để đảm bảo data layer ổn định.
- Xây dựng tooling, automation và quy trình backup/recovery.
- Tham gia on-call rotation, xử lý sự cố liên quan đến database.
- Viết tài liệu kỹ thuật, mentor thành viên mới trong team.
- Nghiên cứu và đánh giá công nghệ mới phục vụ nhu cầu kinh doanh.
- Đảm bảo tuân thủ security, data governance và privacy regulations.","Remote-friendly, Flexible hours, Meal allowance 1.5M VND",VietConnect Telecom,Information Technology,Remote,Principal,Onsite,Thạnh Thới An,Thành phố Cần Thơ,4900,6900,44,1074
Senior MySQL DBA,"EduSmart mở rộng team database và cần một Senior MySQL DBA giàu kinh nghiệm về Data Warehouse. Bạn sẽ đóng vai trò chủ chốt trong việc thiết kế schema, tối ưu truy vấn và đảm bảo độ tin cậy của các hệ thống dữ liệu quan trọng.","- 5+ năm kinh nghiệm database engineering với Data Warehouse.
- Chuyên sâu về dimensional modeling, ETL/ELT, dbt, Snowflake/BigQuery.
- Kinh nghiệm thiết kế hệ thống high-availability và disaster recovery.
- Khả năng review code, đào tạo và dẫn dắt kỹ thuật cho team.
- Tiếng Anh giao tiếp tốt là một lợi thế.","- Thiết kế, phát triển và vận hành các giải pháp dữ liệu sử dụng Data Warehouse.
- Tối ưu hiệu năng truy vấn, indexing và partitioning cho hệ thống production.
- Phối hợp với team backend/frontend để đảm bảo data layer ổn định.
- Xây dựng tooling, automation và quy trình backup/recovery.
- Tham gia on-call rotation, xử lý sự cố liên quan đến database.
- Viết tài liệu kỹ thuật, mentor thành viên mới trong team.
- Nghiên cứu và đánh giá công nghệ mới phục vụ nhu cầu kinh doanh.
- Đảm bảo tuân thủ security, data governance và privacy regulations.","Laptop & gear provided, Training budget 5M/year, Conference sponsorship",EduSmart,Information Technology,Full-time,Senior,Onsite,Nhu Gia,Thành phố Cần Thơ,2700,3900,38,1204
Staff Database Engineer (Vietnam),"NextGen Software đang tìm kiếm một Staff Database Engineer (Vietnam) để gia nhập đội ngũ kỹ thuật tại Cần Thơ. Bạn sẽ làm việc với Data Warehouse và các công nghệ liên quan để xây dựng, vận hành và tối ưu các hệ thống dữ liệu phục vụ hàng triệu người dùng tại Việt Nam.","- 10+ năm kinh nghiệm database/data engineering ở các hệ thống production quy mô lớn.
- Tầm nhìn kiến trúc và khả năng đưa ra quyết định công nghệ dài hạn.
- Kinh nghiệm làm việc với cloud data platforms (AWS/Azure/GCP).
- Đã từng thiết kế hệ thống phục vụ hàng trăm triệu records.","- Thiết kế, phát triển và vận hành các giải pháp dữ liệu sử dụng Data Warehouse.
- Tối ưu hiệu năng truy vấn, indexing và partitioning cho hệ thống production.
- Phối hợp với team backend/frontend để đảm bảo data layer ổn định.
- Xây dựng tooling, automation và quy trình backup/recovery.
- Tham gia on-call rotation, xử lý sự cố liên quan đến database.
- Viết tài liệu kỹ thuật, mentor thành viên mới trong team.
- Nghiên cứu và đánh giá công nghệ mới phục vụ nhu cầu kinh doanh.
- Đảm bảo tuân thủ security, data governance và privacy regulations.","Remote-friendly, Flexible hours, Meal allowance 1.5M VND",NextGen Software,Information Technology,Full-time,Principal,Remote,Hòa Tú,Thành phố Cần Thơ,4700,6300,15,1389
Senior Database Developer,"NextGen Software đang tìm kiếm một Senior Database Developer để gia nhập đội ngũ kỹ thuật tại Cần Thơ. Bạn sẽ làm việc với Big Data và các công nghệ liên quan để xây dựng, vận hành và tối ưu các hệ thống dữ liệu phục vụ hàng triệu người dùng tại Việt Nam.","- 5+ năm kinh nghiệm database engineering với Big Data.
- Chuyên sâu về Spark, Hadoop, Kafka, Airflow, data lake architectures.
- Kinh nghiệm thiết kế hệ thống high-availability và disaster recovery.
- Khả năng review code, đào tạo và dẫn dắt kỹ thuật cho team.
- Tiếng Anh giao tiếp tốt là một lợi thế.","- Thiết kế, phát triển và vận hành các giải pháp dữ liệu sử dụng Big Data.
- Tối ưu hiệu năng truy vấn, indexing và partitioning cho hệ thống production.
- Phối hợp với team backend/frontend để đảm bảo data layer ổn định.
- Xây dựng tooling, automation và quy trình backup/recovery.
- Tham gia on-call rotation, xử lý sự cố liên quan đến database.
- Viết tài liệu kỹ thuật, mentor thành viên mới trong team.
- Nghiên cứu và đánh giá công nghệ mới phục vụ nhu cầu kinh doanh.
- Đảm bảo tuân thủ security, data governance và privacy regulations.","Premium health insurance, English class, Book allowance",NextGen Software,Information Technology,Hybrid,Senior,Remote,Ngọc Tố,Thành phố Cần Thơ,2900,4000,31,1112
Senior Database Developer,"NextGen Software is looking for a Senior Database Developer based in Cần Thơ to strengthen our data platform. You will work on MySQL, focusing on schema design, performance tuning, backup/recovery, replication for production-grade systems.","- 5+ năm kinh nghiệm database engineering với MySQL.
- Chuyên sâu về schema design, performance tuning, backup/recovery, replication.
- Kinh nghiệm thiết kế hệ thống high-availability và disaster recovery.
- Khả năng review code, đào tạo và dẫn dắt kỹ thuật cho team.
- Tiếng Anh giao tiếp tốt là một lợi thế.","- Thiết kế, phát triển và vận hành các giải pháp dữ liệu sử dụng MySQL.
- Tối ưu hiệu năng truy vấn, indexing và partitioning cho hệ thống production.
- Phối hợp với team backend/frontend để đảm bảo data layer ổn định.
- Xây dựng tooling, automation và quy trình backup/recovery.
- Tham gia on-call rotation, xử lý sự cố liên quan đến database.
- Viết tài liệu kỹ thuật, mentor thành viên mới trong team.
- Nghiên cứu và đánh giá công nghệ mới phục vụ nhu cầu kinh doanh.
- Đảm bảo tuân thủ security, data governance và privacy regulations.","13th month salary, Health insurance, Annual leave 12+ days",NextGen Software,Information Technology,Full-time,Senior,Onsite,Gia Hòa,Thành phố Cần Thơ,2800,4400,79,1318
Middle Data Engineer (Vietnam),"Join VietConnect Telecom as a Middle Data Engineer (Vietnam) working on Big Data-based platforms. You will collaborate with backend, data and DevOps teams to deliver high-performance data infrastructure serving customers across Vietnam and SEA.","- 3-4 năm kinh nghiệm làm việc thực tế với cơ sở dữ liệu quan hệ hoặc NoSQL.
- Thành thạo Spark, Hadoop, Kafka, Airflow, data lake architectures.
- Có kinh nghiệm thiết kế schema, partitioning, replication.
- Kinh nghiệm monitoring và troubleshooting production databases.
- Khả năng làm việc độc lập và mentor junior members.","- Thiết kế, phát triển và vận hành các giải pháp dữ liệu sử dụng Big Data.
- Tối ưu hiệu năng truy vấn, indexing và partitioning cho hệ thống production.
- Phối hợp với team backend/frontend để đảm bảo data layer ổn định.
- Xây dựng tooling, automation và quy trình backup/recovery.
- Tham gia on-call rotation, xử lý sự cố liên quan đến database.
- Viết tài liệu kỹ thuật, mentor thành viên mới trong team.
- Nghiên cứu và đánh giá công nghệ mới phục vụ nhu cầu kinh doanh.
- Đảm bảo tuân thủ security, data governance và privacy regulations.","Competitive salary, Project bonus, Long-service award",VietConnect Telecom,Information Technology,Full-time,Middle,Remote,Tân Long,Thành phố Cần Thơ,1700,2900,55,831
